 ,Label,Mean,Min,Max
1,Fructose_org2.tif:1,0.000,0,0
2,Fructose_org2.tif:2,0.000,0,0
3,Fructose_org2.tif:3,580.376,255,1150
4,Fructose_org2.tif:4,592.644,265,1303
5,Fructose_org2.tif:5,606.545,281,1513
6,Fructose_org2.tif:6,623.666,317,1787
7,Fructose_org2.tif:7,643.947,336,2129
8,Fructose_org2.tif:8,668.480,327,2559
9,Fructose_org2.tif:9,700.753,313,3175
10,Fructose_org2.tif:10,739.697,307,3963
11,Fructose_org2.tif:11,786.917,313,5031
12,Fructose_org2.tif:12,843.650,335,6286
13,Fructose_org2.tif:13,910.049,337,7680
14,Fructose_org2.tif:14,990.575,327,8634
15,Fructose_org2.tif:15,1090.415,329,9315
16,Fructose_org2.tif:16,1215.045,356,10269
17,Fructose_org2.tif:17,1367.143,351,11359
18,Fructose_org2.tif:18,1546.928,353,12685
19,Fructose_org2.tif:19,1753.398,357,14216
20,Fructose_org2.tif:20,1984.206,371,15734
21,Fructose_org2.tif:21,2236.203,373,16940
22,Fructose_org2.tif:22,2505.275,400,17997
23,Fructose_org2.tif:23,2792.147,395,18352
24,Fructose_org2.tif:24,3098.538,399,19236
25,Fructose_org2.tif:25,3426.747,411,23276
26,Fructose_org2.tif:26,3782.536,430,28596
27,Fructose_org2.tif:27,4164.333,459,33069
28,Fructose_org2.tif:28,4569.051,468,35997
29,Fructose_org2.tif:29,5000.964,477,37202
30,Fructose_org2.tif:30,5445.045,501,36521
31,Fructose_org2.tif:31,5895.148,506,33669
32,Fructose_org2.tif:32,6353.740,536,29636
33,Fructose_org2.tif:33,6833.915,549,31206
34,Fructose_org2.tif:34,7346.152,599,35085
35,Fructose_org2.tif:35,7904.744,624,35304
36,Fructose_org2.tif:36,8520.816,618,38789
37,Fructose_org2.tif:37,9196.771,631,40737
38,Fructose_org2.tif:38,9933.534,707,39905
39,Fructose_org2.tif:39,10727.339,709,36986
40,Fructose_org2.tif:40,11562.053,778,41667
41,Fructose_org2.tif:41,12408.753,818,47328
42,Fructose_org2.tif:42,13236.671,892,49572
43,Fructose_org2.tif:43,14027.446,947,47873
44,Fructose_org2.tif:44,14751.892,999,44989
45,Fructose_org2.tif:45,15406.259,1067,44543
46,Fructose_org2.tif:46,15995.932,1137,44127
47,Fructose_org2.tif:47,16535.061,1230,41318
48,Fructose_org2.tif:48,17031.093,1348,37601
49,Fructose_org2.tif:49,17497.417,1458,36196
50,Fructose_org2.tif:50,17937.987,1665,36716
51,Fructose_org2.tif:51,18354.178,1837,39562
52,Fructose_org2.tif:52,18725.551,2003,41271
53,Fructose_org2.tif:53,19039.014,2255,40787
54,Fructose_org2.tif:54,19286.347,2513,38529
55,Fructose_org2.tif:55,19481.774,2867,35452
56,Fructose_org2.tif:56,19641.029,3132,32512
57,Fructose_org2.tif:57,19786.296,3497,32403
58,Fructose_org2.tif:58,19934.146,3916,37392
59,Fructose_org2.tif:59,20096.408,4508,40665
60,Fructose_org2.tif:60,20286.703,5350,40588
61,Fructose_org2.tif:61,20508.791,6609,41068
62,Fructose_org2.tif:62,20774.549,8162,38799
63,Fructose_org2.tif:63,21089.461,9890,34208
64,Fructose_org2.tif:64,21451.998,10182,31124
65,Fructose_org2.tif:65,21874.101,10147,31062
66,Fructose_org2.tif:66,22332.771,10420,31780
67,Fructose_org2.tif:67,22818.585,10770,32512
68,Fructose_org2.tif:68,23316.486,11127,33069
69,Fructose_org2.tif:69,23811.748,11846,33642
70,Fructose_org2.tif:70,24288.658,12738,34376
71,Fructose_org2.tif:71,24728.820,13598,34880
72,Fructose_org2.tif:72,25135.326,13591,35447
73,Fructose_org2.tif:73,25500.349,13581,36195
74,Fructose_org2.tif:74,25804.180,13827,37272
75,Fructose_org2.tif:75,26075.337,14159,38305
76,Fructose_org2.tif:76,26323.043,14722,39104
77,Fructose_org2.tif:77,26536.935,15205,39336
78,Fructose_org2.tif:78,26723.708,15640,39419
79,Fructose_org2.tif:79,26889.073,15881,39352
80,Fructose_org2.tif:80,27017.329,15405,39599
81,Fructose_org2.tif:81,27116.165,14517,40154
82,Fructose_org2.tif:82,27184.965,13588,40834
83,Fructose_org2.tif:83,27238.747,12828,41636
84,Fructose_org2.tif:84,27296.462,12241,41589
85,Fructose_org2.tif:85,27370.578,11524,41945
86,Fructose_org2.tif:86,27455.833,10885,42598
87,Fructose_org2.tif:87,27560.808,10328,42751
88,Fructose_org2.tif:88,27681.899,9961,42739
89,Fructose_org2.tif:89,27820.232,9837,42989
90,Fructose_org2.tif:90,27982.363,9858,42782
91,Fructose_org2.tif:91,28171.271,10117,42942
92,Fructose_org2.tif:92,28382.817,10534,43684
93,Fructose_org2.tif:93,28629.486,11205,44300
94,Fructose_org2.tif:94,28897.593,11727,45131
95,Fructose_org2.tif:95,29182.919,12082,45473
96,Fructose_org2.tif:96,29478.061,12586,45356
97,Fructose_org2.tif:97,29783.390,13254,45398
98,Fructose_org2.tif:98,30080.828,14169,45966
99,Fructose_org2.tif:99,30363.278,14142,46485
100,Fructose_org2.tif:100,30635.281,13775,46933
101,Fructose_org2.tif:101,30904.692,13299,47255
102,Fructose_org2.tif:102,31161.707,12853,47148
103,Fructose_org2.tif:103,31408.905,12484,47120
104,Fructose_org2.tif:104,31630.857,12290,47578
105,Fructose_org2.tif:105,31822.759,12223,48109
106,Fructose_org2.tif:106,32008.343,12308,49383
107,Fructose_org2.tif:107,32188.235,12614,49747
108,Fructose_org2.tif:108,32379.487,13162,49142
109,Fructose_org2.tif:109,32584.518,13833,49491
110,Fructose_org2.tif:110,32791.711,14574,50021
111,Fructose_org2.tif:111,33012.148,14632,50689
112,Fructose_org2.tif:112,33249.372,14596,51134
113,Fructose_org2.tif:113,33483.378,14526,51404
114,Fructose_org2.tif:114,33699.438,14585,51376
115,Fructose_org2.tif:115,33889.148,14858,51149
116,Fructose_org2.tif:116,34059.411,15228,51099
117,Fructose_org2.tif:117,34215.589,15839,51403
118,Fructose_org2.tif:118,34365.088,16177,51926
119,Fructose_org2.tif:119,34520.337,16613,52418
120,Fructose_org2.tif:120,34684.101,17069,52336
121,Fructose_org2.tif:121,34841.775,17384,52180
122,Fructose_org2.tif:122,34993.220,17232,52413
123,Fructose_org2.tif:123,35129.556,17231,52232
124,Fructose_org2.tif:124,35243.196,16410,52007
125,Fructose_org2.tif:125,35330.181,15692,51816
126,Fructose_org2.tif:126,35396.931,15015,51703
127,Fructose_org2.tif:127,35436.779,14489,51745
128,Fructose_org2.tif:128,35458.245,14119,52580
129,Fructose_org2.tif:129,35477.642,13746,53125
130,Fructose_org2.tif:130,35490.804,13594,53566
131,Fructose_org2.tif:131,35509.634,13458,54166
132,Fructose_org2.tif:132,35542.229,13406,55154
133,Fructose_org2.tif:133,35589.446,13417,55840
134,Fructose_org2.tif:134,35650.458,13469,55783
135,Fructose_org2.tif:135,35731.757,13542,54890
136,Fructose_org2.tif:136,35834.004,13791,55458
137,Fructose_org2.tif:137,35959.587,14129,57104
138,Fructose_org2.tif:138,36122.950,14552,57883
139,Fructose_org2.tif:139,36321.276,15146,57844
140,Fructose_org2.tif:140,36531.645,15864,57113
141,Fructose_org2.tif:141,36752.808,16287,55618
142,Fructose_org2.tif:142,36974.364,16212,54621
143,Fructose_org2.tif:143,37169.424,16075,54007
144,Fructose_org2.tif:144,37337.819,16066,53381
145,Fructose_org2.tif:145,37449.326,16259,53773
146,Fructose_org2.tif:146,37518.248,16455,55691
147,Fructose_org2.tif:147,37548.049,16428,56835
148,Fructose_org2.tif:148,37534.681,16332,57062
149,Fructose_org2.tif:149,37484.996,15705,56463
150,Fructose_org2.tif:150,37400.011,14915,55193
151,Fructose_org2.tif:151,37293.132,14163,53926
152,Fructose_org2.tif:152,37185.342,13479,53689
153,Fructose_org2.tif:153,37085.389,13060,53906
154,Fructose_org2.tif:154,36989.975,12459,54685
155,Fructose_org2.tif:155,36888.254,11902,55277
156,Fructose_org2.tif:156,36772.548,11681,55288
157,Fructose_org2.tif:157,36644.134,11329,56693
158,Fructose_org2.tif:158,36511.802,11079,57788
159,Fructose_org2.tif:159,36367.215,10928,58137
160,Fructose_org2.tif:160,36212.886,10846,58341
161,Fructose_org2.tif:161,36077.546,10878,57761
162,Fructose_org2.tif:162,35965.899,10868,56266
163,Fructose_org2.tif:163,35898.865,10966,56401
164,Fructose_org2.tif:164,35855.450,11275,56436
165,Fructose_org2.tif:165,35818.237,11611,56172
166,Fructose_org2.tif:166,35795.556,12028,55773
167,Fructose_org2.tif:167,35790.024,12659,56583
168,Fructose_org2.tif:168,35799.465,13274,57678
169,Fructose_org2.tif:169,35808.964,14041,57943
170,Fructose_org2.tif:170,35799.211,14705,57680
171,Fructose_org2.tif:171,35758.743,14899,56757
172,Fructose_org2.tif:172,35691.811,14605,55650
173,Fructose_org2.tif:173,35600.165,13653,55044
174,Fructose_org2.tif:174,35481.267,12997,55674
175,Fructose_org2.tif:175,35332.762,12760,56154
176,Fructose_org2.tif:176,35150.905,12795,55758
177,Fructose_org2.tif:177,34936.500,12531,54869
178,Fructose_org2.tif:178,34709.685,12224,53734
179,Fructose_org2.tif:179,34492.663,12056,54020
180,Fructose_org2.tif:180,34274.835,12159,54302
181,Fructose_org2.tif:181,34057.208,12440,54707
182,Fructose_org2.tif:182,33849.993,12842,55758
183,Fructose_org2.tif:183,33652.010,13349,56180
184,Fructose_org2.tif:184,33448.854,13950,55820
185,Fructose_org2.tif:185,33242.367,14736,54911
186,Fructose_org2.tif:186,33025.757,14610,53944
187,Fructose_org2.tif:187,32769.632,14742,53076
188,Fructose_org2.tif:188,32482.145,14996,52474
189,Fructose_org2.tif:189,32183.511,14945,52695
190,Fructose_org2.tif:190,31878.777,14762,52405
191,Fructose_org2.tif:191,31562.542,14769,51805
192,Fructose_org2.tif:192,31224.283,14678,51792
193,Fructose_org2.tif:193,30855.414,14458,51843
194,Fructose_org2.tif:194,30465.523,13825,51663
195,Fructose_org2.tif:195,30078.486,13248,51049
196,Fructose_org2.tif:196,29700.073,13011,50428
197,Fructose_org2.tif:197,29337.813,12712,49786
198,Fructose_org2.tif:198,28987.933,12394,48921
199,Fructose_org2.tif:199,28649.991,12215,47673
200,Fructose_org2.tif:200,28334.044,12000,46167
201,Fructose_org2.tif:201,28029.814,12029,45792
202,Fructose_org2.tif:202,27742.022,12037,45822
203,Fructose_org2.tif:203,27472.424,11755,45490
204,Fructose_org2.tif:204,27202.137,11639,45216
205,Fructose_org2.tif:205,26923.506,11577,44654
206,Fructose_org2.tif:206,26644.210,11466,43976
207,Fructose_org2.tif:207,26363.994,11246,43105
208,Fructose_org2.tif:208,26076.556,11133,42138
209,Fructose_org2.tif:209,25781.497,11093,41312
210,Fructose_org2.tif:210,25481.999,10974,40147
211,Fructose_org2.tif:211,25182.216,10642,40258
212,Fructose_org2.tif:212,24875.918,10443,40443
213,Fructose_org2.tif:213,24556.018,10384,39243
214,Fructose_org2.tif:214,24227.723,10083,37333
215,Fructose_org2.tif:215,23882.023,9701,35281
216,Fructose_org2.tif:216,23532.003,9304,34458
217,Fructose_org2.tif:217,23183.244,8900,34075
218,Fructose_org2.tif:218,22839.759,8509,34519
219,Fructose_org2.tif:219,22505.543,8298,35445
220,Fructose_org2.tif:220,22176.383,7758,36843
221,Fructose_org2.tif:221,21851.559,7480,36873
222,Fructose_org2.tif:222,21531.121,7313,34974
223,Fructose_org2.tif:223,21219.326,7248,31528
224,Fructose_org2.tif:224,20907.895,7412,30440
225,Fructose_org2.tif:225,20596.915,7682,29958
226,Fructose_org2.tif:226,20283.642,8209,29441
227,Fructose_org2.tif:227,19968.148,8526,30401
228,Fructose_org2.tif:228,19661.094,8637,30037
229,Fructose_org2.tif:229,19365.166,8792,30112
230,Fructose_org2.tif:230,19073.373,8860,29921
231,Fructose_org2.tif:231,18781.920,8878,28007
232,Fructose_org2.tif:232,18489.838,8718,28744
233,Fructose_org2.tif:233,18196.719,8724,30520
234,Fructose_org2.tif:234,17903.610,8389,33221
235,Fructose_org2.tif:235,17613.391,7406,34642
236,Fructose_org2.tif:236,17332.031,6248,33668
237,Fructose_org2.tif:237,17057.796,5176,35077
238,Fructose_org2.tif:238,16803.458,4354,36370
239,Fructose_org2.tif:239,16578.618,3696,37157
240,Fructose_org2.tif:240,16375.969,3268,36948
241,Fructose_org2.tif:241,16198.019,2878,36362
242,Fructose_org2.tif:242,16035.288,2527,37812
243,Fructose_org2.tif:243,15879.564,2231,37274
244,Fructose_org2.tif:244,15733.883,1942,35342
245,Fructose_org2.tif:245,15610.775,1752,33567
246,Fructose_org2.tif:246,15512.376,1561,38558
247,Fructose_org2.tif:247,15430.326,1407,41522
248,Fructose_org2.tif:248,15333.210,1256,42582
249,Fructose_org2.tif:249,15181.193,1153,44666
250,Fructose_org2.tif:250,14965.396,1058,47040
251,Fructose_org2.tif:251,14700.958,969,49067
252,Fructose_org2.tif:252,14384.814,879,49221
253,Fructose_org2.tif:253,13984.866,844,51095
254,Fructose_org2.tif:254,13480.348,789,51781
255,Fructose_org2.tif:255,12873.857,716,53227
256,Fructose_org2.tif:256,12173.545,694,53563
257,Fructose_org2.tif:257,11390.128,665,52652
258,Fructose_org2.tif:258,10532.352,626,59330
259,Fructose_org2.tif:259,9612.006,587,63535
260,Fructose_org2.tif:260,8644.447,563,63815
261,Fructose_org2.tif:261,7644.646,546,62227
262,Fructose_org2.tif:262,6643.302,523,58774
263,Fructose_org2.tif:263,5663.348,498,54450
264,Fructose_org2.tif:264,4734.442,474,45327
265,Fructose_org2.tif:265,3886.497,460,31992
266,Fructose_org2.tif:266,3149.490,451,20745
267,Fructose_org2.tif:267,2538.247,442,12761
268,Fructose_org2.tif:268,2043.908,416,8565
269,Fructose_org2.tif:269,1658.557,410,6810
270,Fructose_org2.tif:270,1367.162,387,5288
271,Fructose_org2.tif:271,1153.371,390,4004
272,Fructose_org2.tif:272,1000.468,377,2989
273,Fructose_org2.tif:273,893.652,367,2263
274,Fructose_org2.tif:274,819.341,352,1774
275,Fructose_org2.tif:275,767.191,360,1431
276,Fructose_org2.tif:276,730.943,348,1228
277,Fructose_org2.tif:277,704.701,347,1133
278,Fructose_org2.tif:278,684.181,347,1093
279,Fructose_org2.tif:279,667.412,339,1048
280,Fructose_org2.tif:280,651.970,333,1009
281,Fructose_org2.tif:281,636.216,336,972
282,Fructose_org2.tif:282,622.005,331,939
283,Fructose_org2.tif:283,609.594,318,902
284,Fructose_org2.tif:284,598.890,328,882
285,Fructose_org2.tif:285,589.538,325,873
286,Fructose_org2.tif:286,582.121,322,875
287,Fructose_org2.tif:287,578.291,313,905
288,Fructose_org2.tif:288,551.953,0,891
289,Fructose_org2.tif:289,305.348,0,748
290,Fructose_org2.tif:290,100.396,0,620
291,Fructose_org2.tif:291,0.000,0,0
292,Fructose_org2.tif:292,0.000,0,0
293,Fructose_org2.tif:293,0.000,0,0
294,Fructose_org2.tif:294,0.000,0,0
295,Fructose_org2.tif:295,0.000,0,0
296,Fructose_org2.tif:296,0.000,0,0
