 ,Label,Mean,Min,Max,Slice
1,Fructose_org5mito.tif:1,0.000,0,0,1
2,Fructose_org5mito.tif:2,0.000,0,0,2
3,Fructose_org5mito.tif:3,43.037,0,679,3
4,Fructose_org5mito.tif:4,554.038,332,726,4
5,Fructose_org5mito.tif:5,560.537,328,735,5
6,Fructose_org5mito.tif:6,567.674,323,735,6
7,Fructose_org5mito.tif:7,575.432,307,747,7
8,Fructose_org5mito.tif:8,583.750,345,779,8
9,Fructose_org5mito.tif:9,592.903,355,782,9
10,Fructose_org5mito.tif:10,602.652,340,801,10
11,Fructose_org5mito.tif:11,613.365,343,797,11
12,Fructose_org5mito.tif:12,625.268,358,805,12
13,Fructose_org5mito.tif:13,638.141,368,831,13
14,Fructose_org5mito.tif:14,652.145,353,860,14
15,Fructose_org5mito.tif:15,667.325,358,874,15
16,Fructose_org5mito.tif:16,684.347,353,900,16
17,Fructose_org5mito.tif:17,703.636,352,931,17
18,Fructose_org5mito.tif:18,726.287,367,989,18
19,Fructose_org5mito.tif:19,752.558,386,1007,19
20,Fructose_org5mito.tif:20,782.659,373,1056,20
21,Fructose_org5mito.tif:21,815.753,380,1119,21
22,Fructose_org5mito.tif:22,796.426,384,1072,22
23,Fructose_org5mito.tif:23,803.661,439,1070,23
24,Fructose_org5mito.tif:24,843.536,434,1137,24
25,Fructose_org5mito.tif:25,896.113,434,1265,25
26,Fructose_org5mito.tif:26,967.543,433,1486,26
27,Fructose_org5mito.tif:27,1063.876,464,1800,27
28,Fructose_org5mito.tif:28,1188.340,487,2208,28
29,Fructose_org5mito.tif:29,1347.048,491,2798,29
30,Fructose_org5mito.tif:30,1552.132,513,3489,30
31,Fructose_org5mito.tif:31,1820.434,540,4277,31
32,Fructose_org5mito.tif:32,2177.162,552,5318,32
33,Fructose_org5mito.tif:33,2641.372,587,6821,33
34,Fructose_org5mito.tif:34,3228.577,603,8730,34
35,Fructose_org5mito.tif:35,3945.283,644,10629,35
36,Fructose_org5mito.tif:36,4789.715,697,12558,36
37,Fructose_org5mito.tif:37,5750.370,749,14364,37
38,Fructose_org5mito.tif:38,6819.616,806,16336,38
39,Fructose_org5mito.tif:39,7998.051,880,18187,39
40,Fructose_org5mito.tif:40,9266.034,959,19862,40
41,Fructose_org5mito.tif:41,10586.397,1058,21112,41
42,Fructose_org5mito.tif:42,11893.212,1182,23711,42
43,Fructose_org5mito.tif:43,13152.905,1283,25694,43
44,Fructose_org5mito.tif:44,14328.537,1399,26751,44
45,Fructose_org5mito.tif:45,15399.333,1575,27097,45
46,Fructose_org5mito.tif:46,16357.267,1747,27005,46
47,Fructose_org5mito.tif:47,17181.615,1948,26751,47
48,Fructose_org5mito.tif:48,17881.391,2179,27292,48
49,Fructose_org5mito.tif:49,18452.299,2443,26183,49
50,Fructose_org5mito.tif:50,18906.251,2827,25004,50
51,Fructose_org5mito.tif:51,19251.984,3217,25001,51
52,Fructose_org5mito.tif:52,19492.285,3787,24754,52
53,Fructose_org5mito.tif:53,19639.715,4387,25753,53
54,Fructose_org5mito.tif:54,19726.195,5068,27129,54
55,Fructose_org5mito.tif:55,19756.524,5928,27504,55
56,Fructose_org5mito.tif:56,19759.075,6903,27413,56
57,Fructose_org5mito.tif:57,19737.745,8180,27039,57
58,Fructose_org5mito.tif:58,19696.070,9583,26026,58
59,Fructose_org5mito.tif:59,19643.919,10790,24924,59
60,Fructose_org5mito.tif:60,19576.611,11688,24163,60
61,Fructose_org5mito.tif:61,19508.630,12608,23708,61
62,Fructose_org5mito.tif:62,19437.813,13397,23491,62
63,Fructose_org5mito.tif:63,19364.314,14046,23611,63
64,Fructose_org5mito.tif:64,19289.121,14893,23873,64
65,Fructose_org5mito.tif:65,19214.022,14844,23969,65
66,Fructose_org5mito.tif:66,19133.902,14908,23929,66
67,Fructose_org5mito.tif:67,19048.855,14679,23551,67
68,Fructose_org5mito.tif:68,18957.437,14450,23443,68
69,Fructose_org5mito.tif:69,18853.292,14361,23584,69
70,Fructose_org5mito.tif:70,18729.622,14152,23205,70
71,Fructose_org5mito.tif:71,18594.164,14025,22649,71
72,Fructose_org5mito.tif:72,18444.406,13643,22447,72
73,Fructose_org5mito.tif:73,18273.613,13265,22264,73
74,Fructose_org5mito.tif:74,18083.492,13008,22137,74
75,Fructose_org5mito.tif:75,17882.233,12632,22199,75
76,Fructose_org5mito.tif:76,17673.211,12377,22662,76
77,Fructose_org5mito.tif:77,17439.465,11612,22928,77
78,Fructose_org5mito.tif:78,17190.926,10565,22661,78
79,Fructose_org5mito.tif:79,16942.493,9536,22486,79
80,Fructose_org5mito.tif:80,16698.796,8744,22402,80
81,Fructose_org5mito.tif:81,16448.145,8068,22170,81
82,Fructose_org5mito.tif:82,16190.915,7482,22194,82
83,Fructose_org5mito.tif:83,15927.495,6884,22014,83
84,Fructose_org5mito.tif:84,15673.375,6384,21675,84
85,Fructose_org5mito.tif:85,15426.123,5764,21420,85
86,Fructose_org5mito.tif:86,15175.140,5346,21247,86
87,Fructose_org5mito.tif:87,14934.665,5002,21095,87
88,Fructose_org5mito.tif:88,14702.334,4670,20913,88
89,Fructose_org5mito.tif:89,14472.532,4435,20869,89
90,Fructose_org5mito.tif:90,14252.253,4191,20560,90
91,Fructose_org5mito.tif:91,14038.722,4060,20358,91
92,Fructose_org5mito.tif:92,13823.930,3884,20061,92
93,Fructose_org5mito.tif:93,13623.053,3777,19748,93
94,Fructose_org5mito.tif:94,13424.049,3706,19615,94
95,Fructose_org5mito.tif:95,13226.469,3685,19435,95
96,Fructose_org5mito.tif:96,13042.099,3725,19211,96
97,Fructose_org5mito.tif:97,12863.965,3842,18883,97
98,Fructose_org5mito.tif:98,12695.538,3951,18704,98
99,Fructose_org5mito.tif:99,12544.648,4158,18394,99
100,Fructose_org5mito.tif:100,12395.179,3951,18235,100
101,Fructose_org5mito.tif:101,12256.356,3824,17906,101
102,Fructose_org5mito.tif:102,12133.371,3738,17631,102
103,Fructose_org5mito.tif:103,12012.394,3713,17278,103
104,Fructose_org5mito.tif:104,11896.385,3655,17067,104
105,Fructose_org5mito.tif:105,11785.298,3648,16785,105
106,Fructose_org5mito.tif:106,11680.559,3745,16509,106
107,Fructose_org5mito.tif:107,11583.066,3851,16221,107
108,Fructose_org5mito.tif:108,11482.753,4038,16002,108
109,Fructose_org5mito.tif:109,11383.996,4320,15754,109
110,Fructose_org5mito.tif:110,11284.732,4643,15459,110
111,Fructose_org5mito.tif:111,11183.964,4972,15428,111
112,Fructose_org5mito.tif:112,11084.873,5415,15306,112
113,Fructose_org5mito.tif:113,10985.619,5836,14919,113
114,Fructose_org5mito.tif:114,10885.170,6306,14590,114
115,Fructose_org5mito.tif:115,10784.604,6713,14312,115
116,Fructose_org5mito.tif:116,10681.468,6966,13983,116
117,Fructose_org5mito.tif:117,10579.569,7268,13894,117
118,Fructose_org5mito.tif:118,10476.832,7512,13627,118
119,Fructose_org5mito.tif:119,10377.931,7868,13498,119
120,Fructose_org5mito.tif:120,10281.635,8263,13343,120
121,Fructose_org5mito.tif:121,10183.226,8501,13043,121
122,Fructose_org5mito.tif:122,10086.161,8504,12897,122
123,Fructose_org5mito.tif:123,9985.305,8449,12720,123
124,Fructose_org5mito.tif:124,9886.185,8409,12613,124
125,Fructose_org5mito.tif:125,9786.559,8311,12551,125
126,Fructose_org5mito.tif:126,9687.254,8188,12469,126
127,Fructose_org5mito.tif:127,9595.856,8125,12248,127
128,Fructose_org5mito.tif:128,9502.936,7963,12230,128
129,Fructose_org5mito.tif:129,9409.437,7925,12231,129
130,Fructose_org5mito.tif:130,9321.763,7923,12458,130
131,Fructose_org5mito.tif:131,9238.811,7934,12754,131
132,Fructose_org5mito.tif:132,9157.913,7934,13197,132
133,Fructose_org5mito.tif:133,9080.180,7895,13542,133
134,Fructose_org5mito.tif:134,9003.763,7842,13593,134
135,Fructose_org5mito.tif:135,8933.285,7786,13688,135
136,Fructose_org5mito.tif:136,8868.504,7788,13375,136
137,Fructose_org5mito.tif:137,8804.879,7686,12910,137
138,Fructose_org5mito.tif:138,8740.865,7641,12200,138
139,Fructose_org5mito.tif:139,8681.980,7558,11663,139
140,Fructose_org5mito.tif:140,8625.089,7467,11127,140
141,Fructose_org5mito.tif:141,8571.563,7269,10784,141
142,Fructose_org5mito.tif:142,8520.017,7073,10402,142
143,Fructose_org5mito.tif:143,8474.635,6953,10202,143
144,Fructose_org5mito.tif:144,8434.823,6837,10017,144
145,Fructose_org5mito.tif:145,8395.653,6737,10190,145
146,Fructose_org5mito.tif:146,8356.343,6682,10211,146
147,Fructose_org5mito.tif:147,8323.143,6659,10432,147
148,Fructose_org5mito.tif:148,8289.355,6703,10447,148
149,Fructose_org5mito.tif:149,8258.063,6709,10411,149
150,Fructose_org5mito.tif:150,8230.159,6656,10431,150
151,Fructose_org5mito.tif:151,8199.737,6594,10674,151
152,Fructose_org5mito.tif:152,8171.380,6543,10831,152
153,Fructose_org5mito.tif:153,8142.233,6495,10751,153
154,Fructose_org5mito.tif:154,8111.070,6474,10657,154
155,Fructose_org5mito.tif:155,8078.113,6439,10780,155
156,Fructose_org5mito.tif:156,8042.478,6458,11081,156
157,Fructose_org5mito.tif:157,8004.289,6534,11226,157
158,Fructose_org5mito.tif:158,7965.157,6479,11385,158
159,Fructose_org5mito.tif:159,7928.074,6316,11359,159
160,Fructose_org5mito.tif:160,7897.228,6233,10872,160
161,Fructose_org5mito.tif:161,7872.032,6160,10738,161
162,Fructose_org5mito.tif:162,7847.255,6117,12069,162
163,Fructose_org5mito.tif:163,7828.077,6041,14324,163
164,Fructose_org5mito.tif:164,7812.588,6116,17331,164
165,Fructose_org5mito.tif:165,7802.904,6147,21735,165
166,Fructose_org5mito.tif:166,7797.874,6201,27787,166
167,Fructose_org5mito.tif:167,7793.193,6380,34750,167
168,Fructose_org5mito.tif:168,7789.813,6251,38888,168
169,Fructose_org5mito.tif:169,7790.461,6095,43089,169
170,Fructose_org5mito.tif:170,7792.497,6089,46945,170
171,Fructose_org5mito.tif:171,7789.297,5981,50703,171
172,Fructose_org5mito.tif:172,7781.163,6009,52334,172
173,Fructose_org5mito.tif:173,7764.842,5959,52931,173
174,Fructose_org5mito.tif:174,7739.214,5986,48468,174
175,Fructose_org5mito.tif:175,7712.112,5883,41633,175
176,Fructose_org5mito.tif:176,7680.907,5844,35635,176
177,Fructose_org5mito.tif:177,7650.910,5882,30382,177
178,Fructose_org5mito.tif:178,7624.370,5810,26156,178
179,Fructose_org5mito.tif:179,7598.336,5687,22335,179
180,Fructose_org5mito.tif:180,7572.945,5591,18976,180
181,Fructose_org5mito.tif:181,7555.036,5467,15892,181
182,Fructose_org5mito.tif:182,7541.296,5499,13442,182
183,Fructose_org5mito.tif:183,7534.132,5563,11510,183
184,Fructose_org5mito.tif:184,7532.706,5561,10481,184
185,Fructose_org5mito.tif:185,7535.430,5720,10659,185
186,Fructose_org5mito.tif:186,7545.414,5877,10669,186
187,Fructose_org5mito.tif:187,7558.558,5822,10612,187
188,Fructose_org5mito.tif:188,7571.621,5779,10300,188
189,Fructose_org5mito.tif:189,7588.805,5725,10238,189
190,Fructose_org5mito.tif:190,7609.057,5774,10255,190
191,Fructose_org5mito.tif:191,7626.839,5852,10335,191
192,Fructose_org5mito.tif:192,7644.916,5970,10323,192
193,Fructose_org5mito.tif:193,7663.854,6036,10253,193
194,Fructose_org5mito.tif:194,7685.824,6058,10290,194
195,Fructose_org5mito.tif:195,7711.328,6009,10285,195
196,Fructose_org5mito.tif:196,7732.674,6015,10336,196
197,Fructose_org5mito.tif:197,7756.531,6009,10417,197
198,Fructose_org5mito.tif:198,7780.216,6077,10496,198
199,Fructose_org5mito.tif:199,7805.735,6150,10513,199
200,Fructose_org5mito.tif:200,7834.250,6149,10493,200
201,Fructose_org5mito.tif:201,7861.214,6224,10568,201
202,Fructose_org5mito.tif:202,7889.328,6299,10614,202
203,Fructose_org5mito.tif:203,7919.345,6417,10597,203
204,Fructose_org5mito.tif:204,7949.629,6554,10627,204
205,Fructose_org5mito.tif:205,7979.858,6699,10717,205
206,Fructose_org5mito.tif:206,8013.618,6805,10745,206
207,Fructose_org5mito.tif:207,8047.145,6779,10738,207
208,Fructose_org5mito.tif:208,8080.048,6810,10782,208
209,Fructose_org5mito.tif:209,8117.443,6840,10834,209
210,Fructose_org5mito.tif:210,8155.903,6813,10913,210
211,Fructose_org5mito.tif:211,8190.412,6722,10927,211
212,Fructose_org5mito.tif:212,8228.128,6652,10957,212
213,Fructose_org5mito.tif:213,8263.945,6627,11089,213
214,Fructose_org5mito.tif:214,8301.250,6653,11097,214
215,Fructose_org5mito.tif:215,8344.041,6611,11133,215
216,Fructose_org5mito.tif:216,8387.859,6704,11160,216
217,Fructose_org5mito.tif:217,8431.507,6760,11056,217
218,Fructose_org5mito.tif:218,8481.744,6722,11196,218
219,Fructose_org5mito.tif:219,8534.987,6645,11371,219
220,Fructose_org5mito.tif:220,8587.356,6607,11244,220
221,Fructose_org5mito.tif:221,8642.466,6587,11195,221
222,Fructose_org5mito.tif:222,8702.230,6568,11374,222
223,Fructose_org5mito.tif:223,8767.133,6521,11347,223
224,Fructose_org5mito.tif:224,8835.682,6557,11331,224
225,Fructose_org5mito.tif:225,8908.054,6546,11228,225
226,Fructose_org5mito.tif:226,8988.105,6584,11495,226
227,Fructose_org5mito.tif:227,9067.269,6689,11965,227
228,Fructose_org5mito.tif:228,9144.432,6762,12220,228
229,Fructose_org5mito.tif:229,9225.698,6901,12444,229
230,Fructose_org5mito.tif:230,9312.001,7047,12354,230
231,Fructose_org5mito.tif:231,9400.403,7352,12137,231
232,Fructose_org5mito.tif:232,9488.951,7748,12101,232
233,Fructose_org5mito.tif:233,9578.892,8129,12202,233
234,Fructose_org5mito.tif:234,9668.033,8447,12146,234
235,Fructose_org5mito.tif:235,9756.108,8547,12011,235
236,Fructose_org5mito.tif:236,9843.613,8635,11958,236
237,Fructose_org5mito.tif:237,9930.981,8551,12130,237
238,Fructose_org5mito.tif:238,10012.168,8415,12473,238
239,Fructose_org5mito.tif:239,10088.252,8294,13000,239
240,Fructose_org5mito.tif:240,10162.846,8200,13119,240
241,Fructose_org5mito.tif:241,10242.534,8173,13346,241
242,Fructose_org5mito.tif:242,10316.096,8136,13457,242
243,Fructose_org5mito.tif:243,10385.221,8117,13980,243
244,Fructose_org5mito.tif:244,10458.325,8079,13860,244
245,Fructose_org5mito.tif:245,10535.936,8119,14102,245
246,Fructose_org5mito.tif:246,10613.755,8207,14192,246
247,Fructose_org5mito.tif:247,10700.403,8414,14141,247
248,Fructose_org5mito.tif:248,10796.495,8725,14373,248
249,Fructose_org5mito.tif:249,10906.555,9112,14591,249
250,Fructose_org5mito.tif:250,11030.964,9456,14838,250
251,Fructose_org5mito.tif:251,11166.473,9431,15028,251
252,Fructose_org5mito.tif:252,11314.458,9398,15240,252
253,Fructose_org5mito.tif:253,11471.825,9400,15513,253
254,Fructose_org5mito.tif:254,11638.787,9334,15734,254
255,Fructose_org5mito.tif:255,11815.969,9246,15928,255
256,Fructose_org5mito.tif:256,12000.567,9217,16018,256
257,Fructose_org5mito.tif:257,12195.187,9326,16126,257
258,Fructose_org5mito.tif:258,12396.264,9449,16142,258
259,Fructose_org5mito.tif:259,12600.651,9607,16195,259
260,Fructose_org5mito.tif:260,12799.785,9878,16293,260
261,Fructose_org5mito.tif:261,12994.931,10135,16558,261
262,Fructose_org5mito.tif:262,13191.713,10451,16748,262
263,Fructose_org5mito.tif:263,13387.108,10780,16888,263
264,Fructose_org5mito.tif:264,13581.334,11240,16969,264
265,Fructose_org5mito.tif:265,13769.621,11554,16892,265
266,Fructose_org5mito.tif:266,13955.820,11865,16655,266
267,Fructose_org5mito.tif:267,14143.579,12141,16879,267
268,Fructose_org5mito.tif:268,14323.337,12358,17145,268
269,Fructose_org5mito.tif:269,14504.844,12500,17785,269
270,Fructose_org5mito.tif:270,14683.426,12641,18057,270
271,Fructose_org5mito.tif:271,14857.272,12669,18109,271
272,Fructose_org5mito.tif:272,15026.480,12799,18526,272
273,Fructose_org5mito.tif:273,15186.152,13068,19064,273
274,Fructose_org5mito.tif:274,15338.689,13096,18789,274
275,Fructose_org5mito.tif:275,15483.277,13115,19185,275
276,Fructose_org5mito.tif:276,15613.514,13212,20050,276
277,Fructose_org5mito.tif:277,15736.839,13207,20623,277
278,Fructose_org5mito.tif:278,15851.329,13042,21151,278
279,Fructose_org5mito.tif:279,15949.032,12918,20981,279
280,Fructose_org5mito.tif:280,16038.150,12808,20739,280
281,Fructose_org5mito.tif:281,16122.074,12749,20620,281
282,Fructose_org5mito.tif:282,16199.388,12681,20595,282
283,Fructose_org5mito.tif:283,16271.349,12632,20824,283
284,Fructose_org5mito.tif:284,16346.912,12453,20621,284
285,Fructose_org5mito.tif:285,16429.915,12407,20713,285
286,Fructose_org5mito.tif:286,16513.617,12287,20877,286
287,Fructose_org5mito.tif:287,16599.316,12206,21052,287
288,Fructose_org5mito.tif:288,16682.971,12147,21187,288
289,Fructose_org5mito.tif:289,16770.199,11852,22757,289
290,Fructose_org5mito.tif:290,16851.755,11616,26039,290
291,Fructose_org5mito.tif:291,16916.955,10870,28977,291
292,Fructose_org5mito.tif:292,16959.951,10000,30126,292
293,Fructose_org5mito.tif:293,16982.117,9289,29362,293
294,Fructose_org5mito.tif:294,16963.698,8440,27441,294
295,Fructose_org5mito.tif:295,16879.986,7810,25408,295
296,Fructose_org5mito.tif:296,16715.237,7092,26024,296
297,Fructose_org5mito.tif:297,16464.086,6342,26228,297
298,Fructose_org5mito.tif:298,16109.799,5465,25290,298
299,Fructose_org5mito.tif:299,15646.353,4588,24288,299
300,Fructose_org5mito.tif:300,15074.996,3843,25048,300
301,Fructose_org5mito.tif:301,14404.299,3217,25942,301
302,Fructose_org5mito.tif:302,13632.349,2653,26640,302
303,Fructose_org5mito.tif:303,12774.978,2224,25762,303
304,Fructose_org5mito.tif:304,11866.147,1900,24365,304
305,Fructose_org5mito.tif:305,10922.455,1606,23158,305
306,Fructose_org5mito.tif:306,9959.072,1383,21083,306
307,Fructose_org5mito.tif:307,8991.386,1204,19213,307
308,Fructose_org5mito.tif:308,8034.410,1061,17600,308
309,Fructose_org5mito.tif:309,7097.571,972,15912,309
310,Fructose_org5mito.tif:310,6196.873,885,14507,310
311,Fructose_org5mito.tif:311,5357.556,802,13144,311
312,Fructose_org5mito.tif:312,4589.533,741,11629,312
313,Fructose_org5mito.tif:313,3899.442,701,10133,313
314,Fructose_org5mito.tif:314,3289.905,666,8606,314
315,Fructose_org5mito.tif:315,2762.831,639,7248,315
316,Fructose_org5mito.tif:316,2316.595,612,6161,316
317,Fructose_org5mito.tif:317,1944.479,580,5165,317
318,Fructose_org5mito.tif:318,1640.612,550,4309,318
319,Fructose_org5mito.tif:319,1395.967,539,3540,319
320,Fructose_org5mito.tif:320,1206.781,532,2856,320
321,Fructose_org5mito.tif:321,1066.288,514,2310,321
322,Fructose_org5mito.tif:322,964.324,494,1908,322
323,Fructose_org5mito.tif:323,890.763,476,1617,323
324,Fructose_org5mito.tif:324,837.504,473,1400,324
325,Fructose_org5mito.tif:325,796.808,465,1251,325
326,Fructose_org5mito.tif:326,763.095,454,1166,326
327,Fructose_org5mito.tif:327,733.370,446,1082,327
328,Fructose_org5mito.tif:328,706.646,435,1030,328
329,Fructose_org5mito.tif:329,683.030,429,979,329
330,Fructose_org5mito.tif:330,662.119,428,951,330
331,Fructose_org5mito.tif:331,642.954,420,897,331
332,Fructose_org5mito.tif:332,626.132,405,883,332
333,Fructose_org5mito.tif:333,610.886,411,842,333
334,Fructose_org5mito.tif:334,596.736,398,807,334
335,Fructose_org5mito.tif:335,583.878,397,787,335
336,Fructose_org5mito.tif:336,572.104,393,776,336
337,Fructose_org5mito.tif:337,560.739,387,748,337
338,Fructose_org5mito.tif:338,550.089,381,731,338
339,Fructose_org5mito.tif:339,540.091,382,705,339
340,Fructose_org5mito.tif:340,530.868,376,690,340
341,Fructose_org5mito.tif:341,522.375,372,670,341
342,Fructose_org5mito.tif:342,514.319,359,664,342
343,Fructose_org5mito.tif:343,506.632,362,644,343
344,Fructose_org5mito.tif:344,499.749,363,641,344
345,Fructose_org5mito.tif:345,493.248,357,630,345
346,Fructose_org5mito.tif:346,487.378,356,616,346
347,Fructose_org5mito.tif:347,482.330,352,610,347
348,Fructose_org5mito.tif:348,477.478,348,605,348
349,Fructose_org5mito.tif:349,472.973,347,597,349
350,Fructose_org5mito.tif:350,468.671,341,588,350
351,Fructose_org5mito.tif:351,464.887,338,584,351
352,Fructose_org5mito.tif:352,485.461,332,653,352
353,Fructose_org5mito.tif:353,481.403,338,644,353
354,Fructose_org5mito.tif:354,332.630,0,679,354
355,Fructose_org5mito.tif:355,0.000,0,0,355
356,Fructose_org5mito.tif:356,0.000,0,0,356
357,Fructose_org5mito.tif:357,0.000,0,0,357
