 ,Label,Mean,Min,Max,Slice
1,Fructose_org4.tif:1,392.896,299,502,1
2,Fructose_org4.tif:2,396.732,300,496,2
3,Fructose_org4.tif:3,400.341,306,508,3
4,Fructose_org4.tif:4,404.380,310,506,4
5,Fructose_org4.tif:5,408.708,310,523,5
6,Fructose_org4.tif:6,413.214,315,521,6
7,Fructose_org4.tif:7,417.827,314,540,7
8,Fructose_org4.tif:8,422.854,320,549,8
9,Fructose_org4.tif:9,428.451,318,553,9
10,Fructose_org4.tif:10,434.632,318,550,10
11,Fructose_org4.tif:11,441.614,324,556,11
12,Fructose_org4.tif:12,449.502,333,576,12
13,Fructose_org4.tif:13,458.796,331,595,13
14,Fructose_org4.tif:14,469.737,340,652,14
15,Fructose_org4.tif:15,483.286,342,728,15
16,Fructose_org4.tif:16,501.295,341,880,16
17,Fructose_org4.tif:17,524.254,345,1085,17
18,Fructose_org4.tif:18,554.485,359,1389,18
19,Fructose_org4.tif:19,594.166,360,1789,19
20,Fructose_org4.tif:20,649.089,369,2379,20
21,Fructose_org4.tif:21,723.015,386,3200,21
22,Fructose_org4.tif:22,822.159,390,4197,22
23,Fructose_org4.tif:23,953.083,407,5240,23
24,Fructose_org4.tif:24,1119.515,429,6128,24
25,Fructose_org4.tif:25,1325.527,449,6734,25
26,Fructose_org4.tif:26,1575.549,473,7081,26
27,Fructose_org4.tif:27,1878.504,485,7234,27
28,Fructose_org4.tif:28,2228.099,508,7386,28
29,Fructose_org4.tif:29,2614.165,521,7569,29
30,Fructose_org4.tif:30,3024.244,548,8039,30
31,Fructose_org4.tif:31,3444.185,587,8547,31
32,Fructose_org4.tif:32,3868.338,615,9740,32
33,Fructose_org4.tif:33,4287.054,642,10633,33
34,Fructose_org4.tif:34,4702.868,666,11153,34
35,Fructose_org4.tif:35,5105.472,707,11314,35
36,Fructose_org4.tif:36,5492.855,743,11585,36
37,Fructose_org4.tif:37,5851.202,788,11984,37
38,Fructose_org4.tif:38,6181.225,834,12447,38
39,Fructose_org4.tif:39,6486.234,905,12806,39
40,Fructose_org4.tif:40,6761.315,957,12951,40
41,Fructose_org4.tif:41,6999.312,1065,12874,41
42,Fructose_org4.tif:42,7195.462,1164,13417,42
43,Fructose_org4.tif:43,7347.618,1237,14515,43
44,Fructose_org4.tif:44,7458.429,1332,15252,44
45,Fructose_org4.tif:45,7530.661,1475,15155,45
46,Fructose_org4.tif:46,7564.937,1633,14502,46
47,Fructose_org4.tif:47,7567.840,1783,14126,47
48,Fructose_org4.tif:48,7540.907,1990,13796,48
49,Fructose_org4.tif:49,7496.715,2247,14510,49
50,Fructose_org4.tif:50,7448.146,2504,14681,50
51,Fructose_org4.tif:51,7408.997,2822,18932,51
52,Fructose_org4.tif:52,7390.528,3073,23142,52
53,Fructose_org4.tif:53,7397.064,3173,25619,53
54,Fructose_org4.tif:54,7418.592,3152,25418,54
55,Fructose_org4.tif:55,7448.141,3144,23004,55
56,Fructose_org4.tif:56,7482.078,3124,21765,56
57,Fructose_org4.tif:57,7524.516,3093,21879,57
58,Fructose_org4.tif:58,7587.724,3104,20507,58
59,Fructose_org4.tif:59,7683.472,3155,18367,59
60,Fructose_org4.tif:60,7795.925,3192,16032,60
61,Fructose_org4.tif:61,7930.476,3260,15653,61
62,Fructose_org4.tif:62,8067.153,3317,16446,62
63,Fructose_org4.tif:63,8212.115,3314,16513,63
64,Fructose_org4.tif:64,8370.811,3370,15781,64
65,Fructose_org4.tif:65,8542.713,3390,16620,65
66,Fructose_org4.tif:66,8719.614,3548,17567,66
67,Fructose_org4.tif:67,8891.343,3608,17410,67
68,Fructose_org4.tif:68,9035.905,3610,16271,68
69,Fructose_org4.tif:69,9153.395,3679,16956,69
70,Fructose_org4.tif:70,9246.582,3770,17551,70
71,Fructose_org4.tif:71,9310.248,4002,17429,71
72,Fructose_org4.tif:72,9361.634,4181,16832,72
73,Fructose_org4.tif:73,9424.290,4558,16927,73
74,Fructose_org4.tif:74,9508.058,4701,16265,74
75,Fructose_org4.tif:75,9607.759,4641,16212,75
76,Fructose_org4.tif:76,9711.027,4697,16626,76
77,Fructose_org4.tif:77,9810.661,4558,16281,77
78,Fructose_org4.tif:78,9896.806,4418,16441,78
79,Fructose_org4.tif:79,9964.660,4337,16782,79
80,Fructose_org4.tif:80,10016.726,4198,16949,80
81,Fructose_org4.tif:81,10052.310,4097,17109,81
82,Fructose_org4.tif:82,10080.654,4048,17400,82
83,Fructose_org4.tif:83,10096.793,3988,17687,83
84,Fructose_org4.tif:84,10110.671,3992,18006,84
85,Fructose_org4.tif:85,10121.853,3991,18278,85
86,Fructose_org4.tif:86,10134.836,3974,18567,86
87,Fructose_org4.tif:87,10156.983,4057,18492,87
88,Fructose_org4.tif:88,10190.633,4137,19009,88
89,Fructose_org4.tif:89,10243.315,4209,19187,89
90,Fructose_org4.tif:90,10317.908,4216,18351,90
91,Fructose_org4.tif:91,10411.962,4252,17135,91
92,Fructose_org4.tif:92,10526.354,4265,16975,92
93,Fructose_org4.tif:93,10644.254,4320,17310,93
94,Fructose_org4.tif:94,10756.147,4377,17436,94
95,Fructose_org4.tif:95,10856.908,4512,17430,95
96,Fructose_org4.tif:96,10935.062,4601,17153,96
97,Fructose_org4.tif:97,10995.838,4639,17357,97
98,Fructose_org4.tif:98,11041.063,4758,17698,98
99,Fructose_org4.tif:99,11066.096,5041,17826,99
100,Fructose_org4.tif:100,11071.027,5297,17788,100
101,Fructose_org4.tif:101,11054.212,5705,17753,101
102,Fructose_org4.tif:102,11003.104,5842,17504,102
103,Fructose_org4.tif:103,10928.756,5858,17441,103
104,Fructose_org4.tif:104,10845.222,5935,17380,104
105,Fructose_org4.tif:105,10757.639,5922,17250,105
106,Fructose_org4.tif:106,10676.890,6072,16837,106
107,Fructose_org4.tif:107,10614.624,6137,16509,107
108,Fructose_org4.tif:108,10571.026,6167,16050,108
109,Fructose_org4.tif:109,10562.977,6121,15448,109
110,Fructose_org4.tif:110,10587.854,6188,15172,110
111,Fructose_org4.tif:111,10650.910,6160,16650,111
112,Fructose_org4.tif:112,10740.714,6179,17118,112
113,Fructose_org4.tif:113,10848.411,6235,16786,113
114,Fructose_org4.tif:114,10948.070,6478,15635,114
115,Fructose_org4.tif:115,11043.380,6613,16040,115
116,Fructose_org4.tif:116,11131.072,6613,15171,116
117,Fructose_org4.tif:117,11222.317,6676,15416,117
118,Fructose_org4.tif:118,11333.733,6788,15742,118
119,Fructose_org4.tif:119,11458.993,6825,16242,119
120,Fructose_org4.tif:120,11599.625,6753,16481,120
121,Fructose_org4.tif:121,11737.976,6830,16527,121
122,Fructose_org4.tif:122,11862.608,6936,16493,122
123,Fructose_org4.tif:123,11974.581,7159,16418,123
124,Fructose_org4.tif:124,12070.654,7260,16351,124
125,Fructose_org4.tif:125,12149.140,7398,16038,125
126,Fructose_org4.tif:126,12214.859,7402,16747,126
127,Fructose_org4.tif:127,12273.191,7515,17199,127
128,Fructose_org4.tif:128,12320.009,7430,17365,128
129,Fructose_org4.tif:129,12357.226,6892,17193,129
130,Fructose_org4.tif:130,12376.413,6644,17907,130
131,Fructose_org4.tif:131,12387.363,6408,19115,131
132,Fructose_org4.tif:132,12394.564,6270,20360,132
133,Fructose_org4.tif:133,12388.480,6151,21533,133
134,Fructose_org4.tif:134,12374.692,5990,22122,134
135,Fructose_org4.tif:135,12356.872,5922,22304,135
136,Fructose_org4.tif:136,12334.511,5902,22153,136
137,Fructose_org4.tif:137,12311.140,5845,21228,137
138,Fructose_org4.tif:138,12293.280,5886,19836,138
139,Fructose_org4.tif:139,12279.519,5928,18337,139
140,Fructose_org4.tif:140,12282.178,6008,17156,140
141,Fructose_org4.tif:141,12301.288,6061,17017,141
142,Fructose_org4.tif:142,12334.277,5986,17641,142
143,Fructose_org4.tif:143,12385.296,5961,18000,143
144,Fructose_org4.tif:144,12432.401,5907,18509,144
145,Fructose_org4.tif:145,12478.086,5835,18633,145
146,Fructose_org4.tif:146,12518.836,5831,18760,146
147,Fructose_org4.tif:147,12551.523,5845,19209,147
148,Fructose_org4.tif:148,12576.446,5906,20889,148
149,Fructose_org4.tif:149,12600.305,5908,22429,149
150,Fructose_org4.tif:150,12612.014,5895,23414,150
151,Fructose_org4.tif:151,12624.039,5903,23289,151
152,Fructose_org4.tif:152,12627.479,5923,22050,152
153,Fructose_org4.tif:153,12623.536,6056,20152,153
154,Fructose_org4.tif:154,12613.669,6157,18974,154
155,Fructose_org4.tif:155,12594.760,6131,18700,155
156,Fructose_org4.tif:156,12563.395,6184,18357,156
157,Fructose_org4.tif:157,12519.792,6207,18121,157
158,Fructose_org4.tif:158,12468.714,6192,17791,158
159,Fructose_org4.tif:159,12413.573,6192,18110,159
160,Fructose_org4.tif:160,12353.024,6250,17937,160
161,Fructose_org4.tif:161,12290.410,6396,17817,161
162,Fructose_org4.tif:162,12224.462,6450,17991,162
163,Fructose_org4.tif:163,12155.167,6471,17724,163
164,Fructose_org4.tif:164,12083.646,6520,17585,164
165,Fructose_org4.tif:165,12006.160,6577,17465,165
166,Fructose_org4.tif:166,11917.182,6613,17403,166
167,Fructose_org4.tif:167,11822.810,6650,17275,167
168,Fructose_org4.tif:168,11734.111,6644,17011,168
169,Fructose_org4.tif:169,11657.057,6391,17041,169
170,Fructose_org4.tif:170,11604.433,6175,17296,170
171,Fructose_org4.tif:171,11581.782,6025,17511,171
172,Fructose_org4.tif:172,11590.124,5895,17446,172
173,Fructose_org4.tif:173,11615.535,5717,17884,173
174,Fructose_org4.tif:174,11653.224,5682,18434,174
175,Fructose_org4.tif:175,11696.717,5582,18586,175
176,Fructose_org4.tif:176,11744.902,5593,18422,176
177,Fructose_org4.tif:177,11809.624,5623,18089,177
178,Fructose_org4.tif:178,11881.081,5663,17991,178
179,Fructose_org4.tif:179,11967.974,5718,17927,179
180,Fructose_org4.tif:180,12068.821,5842,17877,180
181,Fructose_org4.tif:181,12171.203,5952,17818,181
182,Fructose_org4.tif:182,12274.819,6102,17810,182
183,Fructose_org4.tif:183,12380.153,6344,17849,183
184,Fructose_org4.tif:184,12478.331,6589,17656,184
185,Fructose_org4.tif:185,12565.410,6673,17555,185
186,Fructose_org4.tif:186,12646.134,7022,17849,186
187,Fructose_org4.tif:187,12721.883,7342,18229,187
188,Fructose_org4.tif:188,12788.435,7694,19375,188
189,Fructose_org4.tif:189,12844.230,7940,19715,189
190,Fructose_org4.tif:190,12883.751,8127,19372,190
191,Fructose_org4.tif:191,12904.431,7983,18709,191
192,Fructose_org4.tif:192,12912.566,7957,18194,192
193,Fructose_org4.tif:193,12906.901,7858,18023,193
194,Fructose_org4.tif:194,12891.714,7896,18010,194
195,Fructose_org4.tif:195,12869.808,7852,17938,195
196,Fructose_org4.tif:196,12855.479,8045,17889,196
197,Fructose_org4.tif:197,12834.089,8230,17847,197
198,Fructose_org4.tif:198,12802.753,8144,18292,198
199,Fructose_org4.tif:199,12751.354,7928,18501,199
200,Fructose_org4.tif:200,12689.369,7850,18467,200
201,Fructose_org4.tif:201,12622.430,7873,18357,201
202,Fructose_org4.tif:202,12567.867,7850,19765,202
203,Fructose_org4.tif:203,12534.589,7797,21462,203
204,Fructose_org4.tif:204,12524.226,7831,22294,204
205,Fructose_org4.tif:205,12542.586,7838,21814,205
206,Fructose_org4.tif:206,12575.279,7795,20045,206
207,Fructose_org4.tif:207,12606.189,7676,18901,207
208,Fructose_org4.tif:208,12631.114,7424,18884,208
209,Fructose_org4.tif:209,12637.781,7330,18752,209
210,Fructose_org4.tif:210,12634.883,7036,18591,210
211,Fructose_org4.tif:211,12619.531,6718,18198,211
212,Fructose_org4.tif:212,12601.960,6577,17857,212
213,Fructose_org4.tif:213,12582.816,6416,17943,213
214,Fructose_org4.tif:214,12571.334,6266,17931,214
215,Fructose_org4.tif:215,12564.954,6164,18168,215
216,Fructose_org4.tif:216,12562.341,6031,18557,216
217,Fructose_org4.tif:217,12563.038,5953,18280,217
218,Fructose_org4.tif:218,12569.736,5817,18547,218
219,Fructose_org4.tif:219,12573.897,5691,19057,219
220,Fructose_org4.tif:220,12582.493,5635,19861,220
221,Fructose_org4.tif:221,12589.134,5536,21399,221
222,Fructose_org4.tif:222,12597.227,5362,22613,222
223,Fructose_org4.tif:223,12601.695,5228,23325,223
224,Fructose_org4.tif:224,12602.864,5022,22944,224
225,Fructose_org4.tif:225,12590.857,4924,21614,225
226,Fructose_org4.tif:226,12568.408,4846,19459,226
227,Fructose_org4.tif:227,12535.892,4807,18298,227
228,Fructose_org4.tif:228,12497.737,4784,18090,228
229,Fructose_org4.tif:229,12449.979,4903,18500,229
230,Fructose_org4.tif:230,12401.353,5090,18946,230
231,Fructose_org4.tif:231,12353.034,5304,20171,231
232,Fructose_org4.tif:232,12310.119,5532,21616,232
233,Fructose_org4.tif:233,12278.953,5530,22515,233
234,Fructose_org4.tif:234,12254.882,5507,22312,234
235,Fructose_org4.tif:235,12232.305,5546,21273,235
236,Fructose_org4.tif:236,12203.355,5575,19893,236
237,Fructose_org4.tif:237,12175.236,5783,18726,237
238,Fructose_org4.tif:238,12151.782,5987,18558,238
239,Fructose_org4.tif:239,12133.369,5799,18552,239
240,Fructose_org4.tif:240,12129.059,5657,18486,240
241,Fructose_org4.tif:241,12137.434,5495,18483,241
242,Fructose_org4.tif:242,12160.708,5334,18878,242
243,Fructose_org4.tif:243,12196.073,5282,18906,243
244,Fructose_org4.tif:244,12234.908,5322,20291,244
245,Fructose_org4.tif:245,12280.550,5476,21504,245
246,Fructose_org4.tif:246,12323.302,5622,21517,246
247,Fructose_org4.tif:247,12355.530,5795,20629,247
248,Fructose_org4.tif:248,12373.148,5998,19375,248
249,Fructose_org4.tif:249,12381.273,6219,18890,249
250,Fructose_org4.tif:250,12382.762,6509,18701,250
251,Fructose_org4.tif:251,12374.741,6918,18428,251
252,Fructose_org4.tif:252,12349.448,7276,18118,252
253,Fructose_org4.tif:253,12320.429,7327,18394,253
254,Fructose_org4.tif:254,12279.748,7337,18664,254
255,Fructose_org4.tif:255,12224.390,7296,18672,255
256,Fructose_org4.tif:256,12160.773,7310,19022,256
257,Fructose_org4.tif:257,12089.009,7267,19573,257
258,Fructose_org4.tif:258,12016.363,7257,19867,258
259,Fructose_org4.tif:259,11941.656,7185,19666,259
260,Fructose_org4.tif:260,11883.336,7238,18970,260
261,Fructose_org4.tif:261,11847.253,7037,19024,261
262,Fructose_org4.tif:262,11825.150,6822,19637,262
263,Fructose_org4.tif:263,11819.080,6594,19335,263
264,Fructose_org4.tif:264,11811.130,6383,18253,264
265,Fructose_org4.tif:265,11794.379,6204,18606,265
266,Fructose_org4.tif:266,11768.611,5960,19395,266
267,Fructose_org4.tif:267,11737.045,5745,19429,267
268,Fructose_org4.tif:268,11696.940,5544,18552,268
269,Fructose_org4.tif:269,11664.464,5370,17218,269
270,Fructose_org4.tif:270,11637.810,5173,17556,270
271,Fructose_org4.tif:271,11628.101,5153,17735,271
272,Fructose_org4.tif:272,11629.754,5111,17817,272
273,Fructose_org4.tif:273,11656.202,5221,17874,273
274,Fructose_org4.tif:274,11689.376,5254,17703,274
275,Fructose_org4.tif:275,11722.078,5122,17621,275
276,Fructose_org4.tif:276,11756.041,4906,18747,276
277,Fructose_org4.tif:277,11786.382,4754,19573,277
278,Fructose_org4.tif:278,11806.053,4597,19354,278
279,Fructose_org4.tif:279,11828.335,4476,18592,279
280,Fructose_org4.tif:280,11852.350,4410,18824,280
281,Fructose_org4.tif:281,11876.791,4353,19480,281
282,Fructose_org4.tif:282,11899.277,4309,20296,282
283,Fructose_org4.tif:283,11912.476,4300,20721,283
284,Fructose_org4.tif:284,11908.778,4277,20146,284
285,Fructose_org4.tif:285,11893.067,4304,20765,285
286,Fructose_org4.tif:286,11866.319,4339,20674,286
287,Fructose_org4.tif:287,11832.360,4426,19504,287
288,Fructose_org4.tif:288,11801.868,4579,19370,288
289,Fructose_org4.tif:289,11778.190,4704,20495,289
290,Fructose_org4.tif:290,11764.996,4897,24537,290
291,Fructose_org4.tif:291,11758.938,5067,28701,291
292,Fructose_org4.tif:292,11743.102,5312,29815,292
293,Fructose_org4.tif:293,11715.095,5577,27134,293
294,Fructose_org4.tif:294,11677.408,5856,22413,294
295,Fructose_org4.tif:295,11624.700,6105,20113,295
296,Fructose_org4.tif:296,11557.910,6266,21750,296
297,Fructose_org4.tif:297,11485.761,6546,22405,297
298,Fructose_org4.tif:298,11413.434,6510,21916,298
299,Fructose_org4.tif:299,11326.838,6312,20590,299
300,Fructose_org4.tif:300,11224.672,6084,18832,300
301,Fructose_org4.tif:301,11111.900,5828,17790,301
302,Fructose_org4.tif:302,10989.201,5613,18094,302
303,Fructose_org4.tif:303,10857.270,5333,18241,303
304,Fructose_org4.tif:304,10721.124,5157,18328,304
305,Fructose_org4.tif:305,10584.906,4955,18271,305
306,Fructose_org4.tif:306,10469.561,4893,18068,306
307,Fructose_org4.tif:307,10375.649,4767,17938,307
308,Fructose_org4.tif:308,10298.196,4708,17322,308
309,Fructose_org4.tif:309,10238.337,4669,17090,309
310,Fructose_org4.tif:310,10187.449,4760,17096,310
311,Fructose_org4.tif:311,10136.554,4831,16592,311
312,Fructose_org4.tif:312,10097.463,4924,17016,312
313,Fructose_org4.tif:313,10071.819,5145,17443,313
314,Fructose_org4.tif:314,10059.960,5273,17697,314
315,Fructose_org4.tif:315,10071.813,5335,17802,315
316,Fructose_org4.tif:316,10120.577,5409,17904,316
317,Fructose_org4.tif:317,10183.707,5413,18130,317
318,Fructose_org4.tif:318,10249.169,5520,18039,318
319,Fructose_org4.tif:319,10314.038,5656,17872,319
320,Fructose_org4.tif:320,10380.319,5659,17552,320
321,Fructose_org4.tif:321,10438.469,5690,17801,321
322,Fructose_org4.tif:322,10495.123,5788,18686,322
323,Fructose_org4.tif:323,10545.984,6015,19344,323
324,Fructose_org4.tif:324,10587.121,6090,19324,324
325,Fructose_org4.tif:325,10617.226,6181,18585,325
326,Fructose_org4.tif:326,10636.585,6328,17537,326
327,Fructose_org4.tif:327,10648.815,6280,16831,327
328,Fructose_org4.tif:328,10654.132,6169,17022,328
329,Fructose_org4.tif:329,10648.933,6014,17683,329
330,Fructose_org4.tif:330,10617.264,5964,18061,330
331,Fructose_org4.tif:331,10555.304,5772,18076,331
332,Fructose_org4.tif:332,10466.258,5728,17940,332
333,Fructose_org4.tif:333,10350.967,5802,17446,333
334,Fructose_org4.tif:334,10209.437,5603,16956,334
335,Fructose_org4.tif:335,10056.237,5493,17274,335
336,Fructose_org4.tif:336,9897.985,5291,17514,336
337,Fructose_org4.tif:337,9746.867,5101,18069,337
338,Fructose_org4.tif:338,9611.610,4789,18217,338
339,Fructose_org4.tif:339,9494.495,4525,19207,339
340,Fructose_org4.tif:340,9394.320,4392,20017,340
341,Fructose_org4.tif:341,9306.300,4265,19449,341
342,Fructose_org4.tif:342,9227.009,4104,17732,342
343,Fructose_org4.tif:343,9139.045,4040,17606,343
344,Fructose_org4.tif:344,9041.438,3895,18002,344
345,Fructose_org4.tif:345,8936.448,3787,18147,345
346,Fructose_org4.tif:346,8824.183,3695,18058,346
347,Fructose_org4.tif:347,8727.775,3587,17953,347
348,Fructose_org4.tif:348,8647.356,3561,17782,348
349,Fructose_org4.tif:349,8574.609,3546,17541,349
350,Fructose_org4.tif:350,8509.084,3549,17259,350
351,Fructose_org4.tif:351,8453.082,3582,17083,351
352,Fructose_org4.tif:352,8415.757,3753,16946,352
353,Fructose_org4.tif:353,8400.324,3792,16795,353
354,Fructose_org4.tif:354,8408.678,3664,16604,354
355,Fructose_org4.tif:355,8435.482,3481,16276,355
356,Fructose_org4.tif:356,8478.091,3351,15797,356
357,Fructose_org4.tif:357,8527.795,3175,15257,357
358,Fructose_org4.tif:358,8580.309,2883,14663,358
359,Fructose_org4.tif:359,8632.179,2690,14760,359
360,Fructose_org4.tif:360,8677.730,2650,14948,360
361,Fructose_org4.tif:361,8725.761,2750,14999,361
362,Fructose_org4.tif:362,8761.046,2823,14977,362
363,Fructose_org4.tif:363,8770.321,2622,15021,363
364,Fructose_org4.tif:364,8749.130,2238,15346,364
365,Fructose_org4.tif:365,8699.586,1955,15325,365
366,Fructose_org4.tif:366,8618.097,1747,15133,366
367,Fructose_org4.tif:367,8510.139,1532,14659,367
368,Fructose_org4.tif:368,8386.285,1380,14064,368
369,Fructose_org4.tif:369,8252.422,1248,13798,369
370,Fructose_org4.tif:370,8113.792,1130,14526,370
371,Fructose_org4.tif:371,7983.142,1045,14886,371
372,Fructose_org4.tif:372,7864.149,986,14132,372
373,Fructose_org4.tif:373,7764.691,961,12810,373
374,Fructose_org4.tif:374,7683.980,918,13672,374
375,Fructose_org4.tif:375,7619.634,894,15282,375
376,Fructose_org4.tif:376,7563.507,867,16401,376
377,Fructose_org4.tif:377,7512.971,837,16983,377
378,Fructose_org4.tif:378,7452.849,813,17252,378
379,Fructose_org4.tif:379,7379.210,791,16673,379
380,Fructose_org4.tif:380,7290.838,742,15501,380
381,Fructose_org4.tif:381,7192.084,733,13722,381
382,Fructose_org4.tif:382,7088.071,716,12973,382
383,Fructose_org4.tif:383,6984.064,685,13012,383
384,Fructose_org4.tif:384,6883.818,674,12682,384
385,Fructose_org4.tif:385,6780.701,640,12490,385
386,Fructose_org4.tif:386,6673.731,631,12371,386
387,Fructose_org4.tif:387,6564.859,614,12276,387
388,Fructose_org4.tif:388,6450.338,598,12986,388
389,Fructose_org4.tif:389,6326.898,598,13084,389
390,Fructose_org4.tif:390,6193.438,566,12674,390
391,Fructose_org4.tif:391,6058.232,567,12235,391
392,Fructose_org4.tif:392,5927.113,548,12791,392
393,Fructose_org4.tif:393,5799.849,535,12797,393
394,Fructose_org4.tif:394,5678.500,522,12039,394
395,Fructose_org4.tif:395,5563.417,518,11787,395
396,Fructose_org4.tif:396,5447.951,499,11523,396
397,Fructose_org4.tif:397,5317.718,479,11098,397
398,Fructose_org4.tif:398,5166.763,478,11013,398
399,Fructose_org4.tif:399,4995.381,462,10865,399
400,Fructose_org4.tif:400,4810.553,463,10734,400
401,Fructose_org4.tif:401,4620.226,453,10693,401
402,Fructose_org4.tif:402,4436.301,441,10755,402
403,Fructose_org4.tif:403,4270.922,429,10832,403
404,Fructose_org4.tif:404,4127.297,422,10680,404
405,Fructose_org4.tif:405,4001.712,415,10281,405
406,Fructose_org4.tif:406,3889.947,410,9946,406
407,Fructose_org4.tif:407,3790.163,404,9923,407
408,Fructose_org4.tif:408,3695.125,392,9682,408
409,Fructose_org4.tif:409,3601.900,379,9559,409
410,Fructose_org4.tif:410,3510.309,383,9253,410
411,Fructose_org4.tif:411,3415.195,379,10275,411
412,Fructose_org4.tif:412,3317.786,372,10426,412
413,Fructose_org4.tif:413,3214.843,363,9653,413
414,Fructose_org4.tif:414,3105.970,354,9677,414
415,Fructose_org4.tif:415,2988.846,348,9728,415
416,Fructose_org4.tif:416,2859.238,341,9495,416
417,Fructose_org4.tif:417,2718.733,341,9965,417
418,Fructose_org4.tif:418,2569.401,335,10414,418
419,Fructose_org4.tif:419,2414.944,327,10467,419
420,Fructose_org4.tif:420,2257.057,327,10862,420
421,Fructose_org4.tif:421,2094.583,317,11211,421
422,Fructose_org4.tif:422,1930.872,314,11174,422
423,Fructose_org4.tif:423,1766.557,310,10779,423
424,Fructose_org4.tif:424,1603.285,303,9835,424
425,Fructose_org4.tif:425,1444.146,296,8846,425
426,Fructose_org4.tif:426,1291.535,293,8588,426
427,Fructose_org4.tif:427,1146.172,290,7850,427
428,Fructose_org4.tif:428,1011.440,289,6738,428
429,Fructose_org4.tif:429,892.659,285,5547,429
430,Fructose_org4.tif:430,790.624,280,4416,430
431,Fructose_org4.tif:431,704.446,272,3361,431
432,Fructose_org4.tif:432,634.616,269,2608,432
433,Fructose_org4.tif:433,578.113,274,2075,433
434,Fructose_org4.tif:434,531.743,269,1706,434
435,Fructose_org4.tif:435,494.725,269,1386,435
436,Fructose_org4.tif:436,465.432,264,1148,436
437,Fructose_org4.tif:437,441.905,266,992,437
438,Fructose_org4.tif:438,423.525,256,842,438
439,Fructose_org4.tif:439,409.221,265,747,439
440,Fructose_org4.tif:440,397.831,263,680,440
441,Fructose_org4.tif:441,389.234,262,634,441
442,Fructose_org4.tif:442,382.251,263,594,442
443,Fructose_org4.tif:443,376.507,262,565,443
