 ,Label,Mean,Min,Max,Slice
1,ROI-left_ClearT2_org2_illu0_angle1.tif:1,576.614,235,12719,1
2,ROI-left_ClearT2_org2_illu0_angle1.tif:2,630.509,234,21205,2
3,ROI-left_ClearT2_org2_illu0_angle1.tif:3,694.088,239,34226,3
4,ROI-left_ClearT2_org2_illu0_angle1.tif:4,763.132,241,36485,4
5,ROI-left_ClearT2_org2_illu0_angle1.tif:5,833.084,244,33388,5
6,ROI-left_ClearT2_org2_illu0_angle1.tif:6,906.384,239,29352,6
7,ROI-left_ClearT2_org2_illu0_angle1.tif:7,979.163,237,26724,7
8,ROI-left_ClearT2_org2_illu0_angle1.tif:8,1050.743,251,22245,8
9,ROI-left_ClearT2_org2_illu0_angle1.tif:9,1122.478,248,17269,9
10,ROI-left_ClearT2_org2_illu0_angle1.tif:10,1206.375,244,17069,10
11,ROI-left_ClearT2_org2_illu0_angle1.tif:11,1313.958,263,38631,11
12,ROI-left_ClearT2_org2_illu0_angle1.tif:12,1454.737,252,62936,12
13,ROI-left_ClearT2_org2_illu0_angle1.tif:13,1614.500,263,65535,13
14,ROI-left_ClearT2_org2_illu0_angle1.tif:14,1788.591,269,65535,14
15,ROI-left_ClearT2_org2_illu0_angle1.tif:15,1961.747,258,65535,15
16,ROI-left_ClearT2_org2_illu0_angle1.tif:16,2125.974,268,65535,16
17,ROI-left_ClearT2_org2_illu0_angle1.tif:17,2252.559,278,65535,17
18,ROI-left_ClearT2_org2_illu0_angle1.tif:18,2349.820,267,64891,18
19,ROI-left_ClearT2_org2_illu0_angle1.tif:19,2442.855,283,59772,19
20,ROI-left_ClearT2_org2_illu0_angle1.tif:20,2540.695,284,44131,20
21,ROI-left_ClearT2_org2_illu0_angle1.tif:21,2644.891,275,24354,21
22,ROI-left_ClearT2_org2_illu0_angle1.tif:22,2752.027,285,14219,22
23,ROI-left_ClearT2_org2_illu0_angle1.tif:23,2856.864,281,21191,23
24,ROI-left_ClearT2_org2_illu0_angle1.tif:24,2967.841,287,27749,24
25,ROI-left_ClearT2_org2_illu0_angle1.tif:25,3077.079,292,32124,25
26,ROI-left_ClearT2_org2_illu0_angle1.tif:26,3181.282,305,49871,26
27,ROI-left_ClearT2_org2_illu0_angle1.tif:27,3282.520,286,65535,27
28,ROI-left_ClearT2_org2_illu0_angle1.tif:28,3383.298,299,65535,28
29,ROI-left_ClearT2_org2_illu0_angle1.tif:29,3494.758,304,65535,29
30,ROI-left_ClearT2_org2_illu0_angle1.tif:30,3594.828,308,65535,30
31,ROI-left_ClearT2_org2_illu0_angle1.tif:31,3663.291,297,65535,31
32,ROI-left_ClearT2_org2_illu0_angle1.tif:32,3705.057,307,65535,32
33,ROI-left_ClearT2_org2_illu0_angle1.tif:33,3718.976,310,65389,33
34,ROI-left_ClearT2_org2_illu0_angle1.tif:34,3708.567,323,60922,34
35,ROI-left_ClearT2_org2_illu0_angle1.tif:35,3690.485,321,26760,35
36,ROI-left_ClearT2_org2_illu0_angle1.tif:36,3692.646,314,18790,36
37,ROI-left_ClearT2_org2_illu0_angle1.tif:37,3715.407,318,19088,37
38,ROI-left_ClearT2_org2_illu0_angle1.tif:38,3758.774,315,30732,38
39,ROI-left_ClearT2_org2_illu0_angle1.tif:39,3814.669,316,35471,39
40,ROI-left_ClearT2_org2_illu0_angle1.tif:40,3863.875,339,39599,40
41,ROI-left_ClearT2_org2_illu0_angle1.tif:41,3902.320,337,34463,41
42,ROI-left_ClearT2_org2_illu0_angle1.tif:42,3934.725,337,28586,42
43,ROI-left_ClearT2_org2_illu0_angle1.tif:43,3951.784,325,19026,43
44,ROI-left_ClearT2_org2_illu0_angle1.tif:44,3957.698,352,13920,44
45,ROI-left_ClearT2_org2_illu0_angle1.tif:45,3959.900,365,18020,45
46,ROI-left_ClearT2_org2_illu0_angle1.tif:46,3965.570,359,24718,46
47,ROI-left_ClearT2_org2_illu0_angle1.tif:47,3982.927,375,27807,47
48,ROI-left_ClearT2_org2_illu0_angle1.tif:48,4014.459,368,24471,48
49,ROI-left_ClearT2_org2_illu0_angle1.tif:49,4050.615,363,31976,49
50,ROI-left_ClearT2_org2_illu0_angle1.tif:50,4089.789,376,42579,50
51,ROI-left_ClearT2_org2_illu0_angle1.tif:51,4128.491,392,46569,51
52,ROI-left_ClearT2_org2_illu0_angle1.tif:52,4158.694,399,39949,52
53,ROI-left_ClearT2_org2_illu0_angle1.tif:53,4178.497,399,27227,53
54,ROI-left_ClearT2_org2_illu0_angle1.tif:54,4194.952,419,33964,54
55,ROI-left_ClearT2_org2_illu0_angle1.tif:55,4212.743,408,34807,55
56,ROI-left_ClearT2_org2_illu0_angle1.tif:56,4243.801,419,28709,56
57,ROI-left_ClearT2_org2_illu0_angle1.tif:57,4269.469,441,23367,57
58,ROI-left_ClearT2_org2_illu0_angle1.tif:58,4293.113,467,22677,58
59,ROI-left_ClearT2_org2_illu0_angle1.tif:59,4320.092,489,19077,59
60,ROI-left_ClearT2_org2_illu0_angle1.tif:60,4346.506,496,30718,60
61,ROI-left_ClearT2_org2_illu0_angle1.tif:61,4371.688,505,49300,61
62,ROI-left_ClearT2_org2_illu0_angle1.tif:62,4394.590,540,65373,62
63,ROI-left_ClearT2_org2_illu0_angle1.tif:63,4411.943,548,65535,63
64,ROI-left_ClearT2_org2_illu0_angle1.tif:64,4430.738,594,65535,64
65,ROI-left_ClearT2_org2_illu0_angle1.tif:65,4432.263,647,65535,65
66,ROI-left_ClearT2_org2_illu0_angle1.tif:66,4414.893,663,52350,66
67,ROI-left_ClearT2_org2_illu0_angle1.tif:67,4386.565,797,44608,67
68,ROI-left_ClearT2_org2_illu0_angle1.tif:68,4364.788,959,40915,68
69,ROI-left_ClearT2_org2_illu0_angle1.tif:69,4335.852,1204,44937,69
70,ROI-left_ClearT2_org2_illu0_angle1.tif:70,4307.937,1431,46012,70
71,ROI-left_ClearT2_org2_illu0_angle1.tif:71,4276.450,1637,40495,71
72,ROI-left_ClearT2_org2_illu0_angle1.tif:72,4243.200,1671,31993,72
73,ROI-left_ClearT2_org2_illu0_angle1.tif:73,4209.085,1760,19614,73
74,ROI-left_ClearT2_org2_illu0_angle1.tif:74,4184.113,1840,17444,74
75,ROI-left_ClearT2_org2_illu0_angle1.tif:75,4169.168,1767,22289,75
76,ROI-left_ClearT2_org2_illu0_angle1.tif:76,4162.002,1764,25400,76
77,ROI-left_ClearT2_org2_illu0_angle1.tif:77,4166.512,1761,26816,77
78,ROI-left_ClearT2_org2_illu0_angle1.tif:78,4170.308,1807,24921,78
79,ROI-left_ClearT2_org2_illu0_angle1.tif:79,4171.981,1953,20972,79
80,ROI-left_ClearT2_org2_illu0_angle1.tif:80,4169.345,2075,16838,80
81,ROI-left_ClearT2_org2_illu0_angle1.tif:81,4160.229,2120,12106,81
82,ROI-left_ClearT2_org2_illu0_angle1.tif:82,4156.932,2188,9797,82
83,ROI-left_ClearT2_org2_illu0_angle1.tif:83,4148.082,2160,7571,83
84,ROI-left_ClearT2_org2_illu0_angle1.tif:84,4145.475,2178,6832,84
85,ROI-left_ClearT2_org2_illu0_angle1.tif:85,4142.831,2217,6461,85
86,ROI-left_ClearT2_org2_illu0_angle1.tif:86,4143.976,2318,6454,86
87,ROI-left_ClearT2_org2_illu0_angle1.tif:87,4150.713,2413,6599,87
88,ROI-left_ClearT2_org2_illu0_angle1.tif:88,4157.338,2603,7179,88
89,ROI-left_ClearT2_org2_illu0_angle1.tif:89,4156.351,2629,6720,89
90,ROI-left_ClearT2_org2_illu0_angle1.tif:90,4153.950,2623,6346,90
91,ROI-left_ClearT2_org2_illu0_angle1.tif:91,4147.844,2593,5724,91
92,ROI-left_ClearT2_org2_illu0_angle1.tif:92,4134.714,2546,5607,92
93,ROI-left_ClearT2_org2_illu0_angle1.tif:93,4117.349,2588,5585,93
94,ROI-left_ClearT2_org2_illu0_angle1.tif:94,4099.420,2570,6003,94
95,ROI-left_ClearT2_org2_illu0_angle1.tif:95,4072.697,2416,6265,95
96,ROI-left_ClearT2_org2_illu0_angle1.tif:96,4048.907,2469,5955,96
97,ROI-left_ClearT2_org2_illu0_angle1.tif:97,4026.261,2445,5463,97
98,ROI-left_ClearT2_org2_illu0_angle1.tif:98,4010.643,2433,5186,98
99,ROI-left_ClearT2_org2_illu0_angle1.tif:99,4000.236,2401,5148,99
100,ROI-left_ClearT2_org2_illu0_angle1.tif:100,3995.060,2392,5237,100
101,ROI-left_ClearT2_org2_illu0_angle1.tif:101,3992.202,2392,5200,101
102,ROI-left_ClearT2_org2_illu0_angle1.tif:102,3992.743,2424,5212,102
103,ROI-left_ClearT2_org2_illu0_angle1.tif:103,3995.744,2479,5241,103
104,ROI-left_ClearT2_org2_illu0_angle1.tif:104,3994.671,2526,5282,104
105,ROI-left_ClearT2_org2_illu0_angle1.tif:105,3997.504,2592,5400,105
106,ROI-left_ClearT2_org2_illu0_angle1.tif:106,4007.915,2637,5320,106
107,ROI-left_ClearT2_org2_illu0_angle1.tif:107,4018.244,2632,5265,107
108,ROI-left_ClearT2_org2_illu0_angle1.tif:108,4033.981,2607,5311,108
109,ROI-left_ClearT2_org2_illu0_angle1.tif:109,4045.988,2588,5230,109
110,ROI-left_ClearT2_org2_illu0_angle1.tif:110,4054.958,2585,5217,110
111,ROI-left_ClearT2_org2_illu0_angle1.tif:111,4064.803,2610,5164,111
112,ROI-left_ClearT2_org2_illu0_angle1.tif:112,4068.609,2606,5211,112
113,ROI-left_ClearT2_org2_illu0_angle1.tif:113,4072.689,2616,5138,113
114,ROI-left_ClearT2_org2_illu0_angle1.tif:114,4074.870,2675,5202,114
115,ROI-left_ClearT2_org2_illu0_angle1.tif:115,4076.154,2710,5204,115
116,ROI-left_ClearT2_org2_illu0_angle1.tif:116,4072.724,2791,5173,116
117,ROI-left_ClearT2_org2_illu0_angle1.tif:117,4071.292,2769,5128,117
118,ROI-left_ClearT2_org2_illu0_angle1.tif:118,4066.099,2849,5060,118
119,ROI-left_ClearT2_org2_illu0_angle1.tif:119,4057.682,2855,5052,119
120,ROI-left_ClearT2_org2_illu0_angle1.tif:120,4047.059,2825,5052,120
121,ROI-left_ClearT2_org2_illu0_angle1.tif:121,4034.161,2881,5091,121
122,ROI-left_ClearT2_org2_illu0_angle1.tif:122,4018.387,2797,5113,122
123,ROI-left_ClearT2_org2_illu0_angle1.tif:123,4003.922,2787,5043,123
124,ROI-left_ClearT2_org2_illu0_angle1.tif:124,3987.756,2657,5022,124
125,ROI-left_ClearT2_org2_illu0_angle1.tif:125,3973.671,2608,5037,125
126,ROI-left_ClearT2_org2_illu0_angle1.tif:126,3957.362,2464,5012,126
127,ROI-left_ClearT2_org2_illu0_angle1.tif:127,3936.488,2504,4934,127
128,ROI-left_ClearT2_org2_illu0_angle1.tif:128,3915.823,2488,4949,128
129,ROI-left_ClearT2_org2_illu0_angle1.tif:129,3896.237,2456,4862,129
130,ROI-left_ClearT2_org2_illu0_angle1.tif:130,3877.675,2400,4927,130
131,ROI-left_ClearT2_org2_illu0_angle1.tif:131,3858.793,2402,4874,131
132,ROI-left_ClearT2_org2_illu0_angle1.tif:132,3841.510,2413,4939,132
133,ROI-left_ClearT2_org2_illu0_angle1.tif:133,3823.431,2396,4830,133
134,ROI-left_ClearT2_org2_illu0_angle1.tif:134,3810.520,2388,4878,134
135,ROI-left_ClearT2_org2_illu0_angle1.tif:135,3796.555,2389,4904,135
136,ROI-left_ClearT2_org2_illu0_angle1.tif:136,3781.934,2370,4864,136
137,ROI-left_ClearT2_org2_illu0_angle1.tif:137,3774.585,2367,4784,137
138,ROI-left_ClearT2_org2_illu0_angle1.tif:138,3770.639,2390,4749,138
139,ROI-left_ClearT2_org2_illu0_angle1.tif:139,3768.001,2409,4756,139
140,ROI-left_ClearT2_org2_illu0_angle1.tif:140,3763.031,2420,4706,140
141,ROI-left_ClearT2_org2_illu0_angle1.tif:141,3761.115,2480,4655,141
142,ROI-left_ClearT2_org2_illu0_angle1.tif:142,3756.815,2440,4636,142
143,ROI-left_ClearT2_org2_illu0_angle1.tif:143,3754.361,2508,4647,143
144,ROI-left_ClearT2_org2_illu0_angle1.tif:144,3749.315,2480,4652,144
145,ROI-left_ClearT2_org2_illu0_angle1.tif:145,3742.620,2549,4672,145
146,ROI-left_ClearT2_org2_illu0_angle1.tif:146,3733.539,2529,4649,146
147,ROI-left_ClearT2_org2_illu0_angle1.tif:147,3719.296,2526,4734,147
148,ROI-left_ClearT2_org2_illu0_angle1.tif:148,3703.210,2496,4610,148
149,ROI-left_ClearT2_org2_illu0_angle1.tif:149,3688.755,2387,4545,149
150,ROI-left_ClearT2_org2_illu0_angle1.tif:150,3670.465,2360,4619,150
151,ROI-left_ClearT2_org2_illu0_angle1.tif:151,3652.006,2344,4561,151
152,ROI-left_ClearT2_org2_illu0_angle1.tif:152,3637.013,2227,4613,152
153,ROI-left_ClearT2_org2_illu0_angle1.tif:153,3617.086,2167,4596,153
154,ROI-left_ClearT2_org2_illu0_angle1.tif:154,3600.694,2108,4551,154
155,ROI-left_ClearT2_org2_illu0_angle1.tif:155,3586.307,2091,4694,155
156,ROI-left_ClearT2_org2_illu0_angle1.tif:156,3568.754,2020,4505,156
157,ROI-left_ClearT2_org2_illu0_angle1.tif:157,3555.240,2022,4513,157
158,ROI-left_ClearT2_org2_illu0_angle1.tif:158,3538.337,1951,4478,158
159,ROI-left_ClearT2_org2_illu0_angle1.tif:159,3516.858,1948,4536,159
160,ROI-left_ClearT2_org2_illu0_angle1.tif:160,3492.347,1982,4488,160
161,ROI-left_ClearT2_org2_illu0_angle1.tif:161,3470.180,1944,4403,161
162,ROI-left_ClearT2_org2_illu0_angle1.tif:162,3443.090,1852,4362,162
163,ROI-left_ClearT2_org2_illu0_angle1.tif:163,3417.012,1833,4361,163
164,ROI-left_ClearT2_org2_illu0_angle1.tif:164,3388.579,1785,4318,164
165,ROI-left_ClearT2_org2_illu0_angle1.tif:165,3359.439,1707,4250,165
166,ROI-left_ClearT2_org2_illu0_angle1.tif:166,3333.374,1733,4230,166
167,ROI-left_ClearT2_org2_illu0_angle1.tif:167,3306.125,1665,4210,167
168,ROI-left_ClearT2_org2_illu0_angle1.tif:168,3279.496,1633,4210,168
169,ROI-left_ClearT2_org2_illu0_angle1.tif:169,3257.855,1604,4279,169
170,ROI-left_ClearT2_org2_illu0_angle1.tif:170,3236.827,1582,4243,170
171,ROI-left_ClearT2_org2_illu0_angle1.tif:171,3215.628,1479,4150,171
172,ROI-left_ClearT2_org2_illu0_angle1.tif:172,3192.138,1483,4137,172
173,ROI-left_ClearT2_org2_illu0_angle1.tif:173,3167.311,1487,4112,173
174,ROI-left_ClearT2_org2_illu0_angle1.tif:174,3143.214,1460,4084,174
175,ROI-left_ClearT2_org2_illu0_angle1.tif:175,3119.005,1379,4050,175
176,ROI-left_ClearT2_org2_illu0_angle1.tif:176,3094.710,1369,4058,176
177,ROI-left_ClearT2_org2_illu0_angle1.tif:177,3069.884,1356,3961,177
178,ROI-left_ClearT2_org2_illu0_angle1.tif:178,3048.172,1361,3980,178
179,ROI-left_ClearT2_org2_illu0_angle1.tif:179,3027.961,1374,3896,179
180,ROI-left_ClearT2_org2_illu0_angle1.tif:180,3006.403,1337,3839,180
181,ROI-left_ClearT2_org2_illu0_angle1.tif:181,2988.537,1263,3815,181
182,ROI-left_ClearT2_org2_illu0_angle1.tif:182,2968.374,1248,3803,182
183,ROI-left_ClearT2_org2_illu0_angle1.tif:183,2945.774,1212,3792,183
184,ROI-left_ClearT2_org2_illu0_angle1.tif:184,2922.007,1170,3788,184
185,ROI-left_ClearT2_org2_illu0_angle1.tif:185,2896.404,1200,3717,185
186,ROI-left_ClearT2_org2_illu0_angle1.tif:186,2870.797,1230,3713,186
187,ROI-left_ClearT2_org2_illu0_angle1.tif:187,2841.609,1168,3680,187
188,ROI-left_ClearT2_org2_illu0_angle1.tif:188,2808.040,1142,3639,188
189,ROI-left_ClearT2_org2_illu0_angle1.tif:189,2776.577,1115,3618,189
190,ROI-left_ClearT2_org2_illu0_angle1.tif:190,2742.950,1094,3691,190
191,ROI-left_ClearT2_org2_illu0_angle1.tif:191,2707.943,1051,3627,191
192,ROI-left_ClearT2_org2_illu0_angle1.tif:192,2672.298,1020,3616,192
193,ROI-left_ClearT2_org2_illu0_angle1.tif:193,2633.562,996,3490,193
194,ROI-left_ClearT2_org2_illu0_angle1.tif:194,2596.258,979,3384,194
195,ROI-left_ClearT2_org2_illu0_angle1.tif:195,2560.029,965,3367,195
196,ROI-left_ClearT2_org2_illu0_angle1.tif:196,2525.707,945,3305,196
197,ROI-left_ClearT2_org2_illu0_angle1.tif:197,2491.992,915,3255,197
198,ROI-left_ClearT2_org2_illu0_angle1.tif:198,2455.757,872,3191,198
199,ROI-left_ClearT2_org2_illu0_angle1.tif:199,2419.208,854,3224,199
200,ROI-left_ClearT2_org2_illu0_angle1.tif:200,2380.571,831,3236,200
201,ROI-left_ClearT2_org2_illu0_angle1.tif:201,2340.148,812,3062,201
202,ROI-left_ClearT2_org2_illu0_angle1.tif:202,2295.559,765,3088,202
203,ROI-left_ClearT2_org2_illu0_angle1.tif:203,2247.838,749,2992,203
204,ROI-left_ClearT2_org2_illu0_angle1.tif:204,2195.298,706,2952,204
205,ROI-left_ClearT2_org2_illu0_angle1.tif:205,2141.354,700,2931,205
206,ROI-left_ClearT2_org2_illu0_angle1.tif:206,2083.629,660,3006,206
207,ROI-left_ClearT2_org2_illu0_angle1.tif:207,2027.267,646,2994,207
208,ROI-left_ClearT2_org2_illu0_angle1.tif:208,1965.626,623,3006,208
209,ROI-left_ClearT2_org2_illu0_angle1.tif:209,1899.108,586,3185,209
210,ROI-left_ClearT2_org2_illu0_angle1.tif:210,1825.683,553,3359,210
211,ROI-left_ClearT2_org2_illu0_angle1.tif:211,1748.649,531,3777,211
212,ROI-left_ClearT2_org2_illu0_angle1.tif:212,1666.012,499,4154,212
213,ROI-left_ClearT2_org2_illu0_angle1.tif:213,1575.691,467,4324,213
214,ROI-left_ClearT2_org2_illu0_angle1.tif:214,1479.345,447,4305,214
215,ROI-left_ClearT2_org2_illu0_angle1.tif:215,1373.075,408,3956,215
216,ROI-left_ClearT2_org2_illu0_angle1.tif:216,1252.187,383,3059,216
217,ROI-left_ClearT2_org2_illu0_angle1.tif:217,1121.258,347,2165,217
218,ROI-left_ClearT2_org2_illu0_angle1.tif:218,980.304,342,1819,218
219,ROI-left_ClearT2_org2_illu0_angle1.tif:219,838.177,300,1499,219
220,ROI-left_ClearT2_org2_illu0_angle1.tif:220,698.150,281,1233,220
221,ROI-left_ClearT2_org2_illu0_angle1.tif:221,573.421,251,1031,221
222,ROI-left_ClearT2_org2_illu0_angle1.tif:222,473.017,244,854,222
223,ROI-left_ClearT2_org2_illu0_angle1.tif:223,396.327,214,678,223
224,ROI-left_ClearT2_org2_illu0_angle1.tif:224,347.537,224,515,224
225,ROI-left_ClearT2_org2_illu0_angle1.tif:225,321.205,222,464,225
226,ROI-left_ClearT2_org2_illu0_angle1.tif:226,308.691,214,409,226
227,ROI-left_ClearT2_org2_illu0_angle1.tif:227,302.195,217,388,227
228,ROI-left_ClearT2_org2_illu0_angle1.tif:228,297.778,215,398,228
229,ROI-left_ClearT2_org2_illu0_angle1.tif:229,294.008,214,391,229
230,ROI-left_ClearT2_org2_illu0_angle1.tif:230,291.161,211,385,230
231,ROI-left_ClearT2_org2_illu0_angle1.tif:231,288.403,199,394,231
232,ROI-left_ClearT2_org2_illu0_angle1.tif:232,216.393,0,395,232
233,ROI-left_ClearT2_org2_illu0_angle1.tif:233,0.000,0,0,233
234,ROI-left_ClearT2_org2_illu0_angle1.tif:234,0.000,0,0,234
235,ROI-left_ClearT2_org2_illu0_angle1.tif:235,0.000,0,0,235
236,ROI-left_ClearT2_org2_illu0_angle1.tif:236,0.000,0,0,236
237,ROI-left_ClearT2_org2_illu0_angle1.tif:237,0.000,0,0,237
238,ROI-left_ClearT2_org2_illu0_angle1.tif:238,0.000,0,0,238
239,ROI-left_ClearT2_org2_illu0_angle1.tif:239,0.000,0,0,239
240,ROI-left_ClearT2_org2_illu0_angle1.tif:240,0.000,0,0,240
241,ROI-left_ClearT2_org2_illu0_angle1.tif:241,0.000,0,0,241
242,ROI-left_ClearT2_org2_illu0_angle1.tif:242,0.000,0,0,242
243,ROI-left_ClearT2_org2_illu0_angle1.tif:243,0.000,0,0,243
244,ROI-left_ClearT2_org2_illu0_angle1.tif:244,0.000,0,0,244
245,ROI-left_ClearT2_org2_illu0_angle1.tif:245,0.000,0,0,245
246,ROI-left_ClearT2_org2_illu0_angle1.tif:246,0.000,0,0,246
247,ROI-left_ClearT2_org2_illu0_angle1.tif:247,0.000,0,0,247
248,ROI-left_ClearT2_org2_illu0_angle1.tif:248,0.000,0,0,248
249,ROI-left_ClearT2_org2_illu0_angle1.tif:249,0.000,0,0,249
250,ROI-left_ClearT2_org2_illu0_angle1.tif:250,0.000,0,0,250
251,ROI-left_ClearT2_org2_illu0_angle1.tif:251,0.000,0,0,251
252,ROI-left_ClearT2_org2_illu0_angle1.tif:252,0.000,0,0,252
253,ROI-left_ClearT2_org2_illu0_angle1.tif:253,0.000,0,0,253
254,ROI-left_ClearT2_org2_illu0_angle1.tif:254,0.000,0,0,254
