 ,Label,Mean,Min,Max,Slice
1,ROI-right_ClearT2_org2_illu0_angle1.tif:1,287.515,198,507,1
2,ROI-right_ClearT2_org2_illu0_angle1.tif:2,289.479,195,506,2
3,ROI-right_ClearT2_org2_illu0_angle1.tif:3,291.491,197,488,3
4,ROI-right_ClearT2_org2_illu0_angle1.tif:4,293.420,196,516,4
5,ROI-right_ClearT2_org2_illu0_angle1.tif:5,295.410,193,514,5
6,ROI-right_ClearT2_org2_illu0_angle1.tif:6,297.554,192,542,6
7,ROI-right_ClearT2_org2_illu0_angle1.tif:7,299.965,190,553,7
8,ROI-right_ClearT2_org2_illu0_angle1.tif:8,302.300,197,575,8
9,ROI-right_ClearT2_org2_illu0_angle1.tif:9,304.677,197,594,9
10,ROI-right_ClearT2_org2_illu0_angle1.tif:10,307.348,196,672,10
11,ROI-right_ClearT2_org2_illu0_angle1.tif:11,310.341,199,701,11
12,ROI-right_ClearT2_org2_illu0_angle1.tif:12,313.844,194,855,12
13,ROI-right_ClearT2_org2_illu0_angle1.tif:13,318.274,200,1305,13
14,ROI-right_ClearT2_org2_illu0_angle1.tif:14,324.070,195,2113,14
15,ROI-right_ClearT2_org2_illu0_angle1.tif:15,331.089,198,3084,15
16,ROI-right_ClearT2_org2_illu0_angle1.tif:16,339.085,200,4161,16
17,ROI-right_ClearT2_org2_illu0_angle1.tif:17,348.035,202,5110,17
18,ROI-right_ClearT2_org2_illu0_angle1.tif:18,357.609,198,5754,18
19,ROI-right_ClearT2_org2_illu0_angle1.tif:19,367.693,200,6021,19
20,ROI-right_ClearT2_org2_illu0_angle1.tif:20,378.138,208,5869,20
21,ROI-right_ClearT2_org2_illu0_angle1.tif:21,389.037,206,5830,21
22,ROI-right_ClearT2_org2_illu0_angle1.tif:22,400.996,198,6444,22
23,ROI-right_ClearT2_org2_illu0_angle1.tif:23,414.282,204,8221,23
24,ROI-right_ClearT2_org2_illu0_angle1.tif:24,429.928,206,15682,24
25,ROI-right_ClearT2_org2_illu0_angle1.tif:25,447.943,201,21441,25
26,ROI-right_ClearT2_org2_illu0_angle1.tif:26,467.649,210,22811,26
27,ROI-right_ClearT2_org2_illu0_angle1.tif:27,488.414,207,24743,27
28,ROI-right_ClearT2_org2_illu0_angle1.tif:28,508.454,212,20920,28
29,ROI-right_ClearT2_org2_illu0_angle1.tif:29,526.294,206,14799,29
30,ROI-right_ClearT2_org2_illu0_angle1.tif:30,540.707,210,8996,30
31,ROI-right_ClearT2_org2_illu0_angle1.tif:31,552.213,207,7335,31
32,ROI-right_ClearT2_org2_illu0_angle1.tif:32,563.241,209,10448,32
33,ROI-right_ClearT2_org2_illu0_angle1.tif:33,575.538,210,13481,33
34,ROI-right_ClearT2_org2_illu0_angle1.tif:34,590.901,209,12124,34
35,ROI-right_ClearT2_org2_illu0_angle1.tif:35,610.645,213,10582,35
36,ROI-right_ClearT2_org2_illu0_angle1.tif:36,634.855,210,8342,36
37,ROI-right_ClearT2_org2_illu0_angle1.tif:37,661.019,216,9122,37
38,ROI-right_ClearT2_org2_illu0_angle1.tif:38,686.778,216,9811,38
39,ROI-right_ClearT2_org2_illu0_angle1.tif:39,710.798,214,12794,39
40,ROI-right_ClearT2_org2_illu0_angle1.tif:40,731.719,214,14406,40
41,ROI-right_ClearT2_org2_illu0_angle1.tif:41,749.702,211,14581,41
42,ROI-right_ClearT2_org2_illu0_angle1.tif:42,767.217,210,12739,42
43,ROI-right_ClearT2_org2_illu0_angle1.tif:43,787.546,216,13914,43
44,ROI-right_ClearT2_org2_illu0_angle1.tif:44,812.910,215,14520,44
45,ROI-right_ClearT2_org2_illu0_angle1.tif:45,843.493,217,13067,45
46,ROI-right_ClearT2_org2_illu0_angle1.tif:46,877.903,213,15948,46
47,ROI-right_ClearT2_org2_illu0_angle1.tif:47,914.900,210,15465,47
48,ROI-right_ClearT2_org2_illu0_angle1.tif:48,955.986,208,12507,48
49,ROI-right_ClearT2_org2_illu0_angle1.tif:49,1001.112,205,11740,49
50,ROI-right_ClearT2_org2_illu0_angle1.tif:50,1047.829,208,16370,50
51,ROI-right_ClearT2_org2_illu0_angle1.tif:51,1094.494,177,19525,51
52,ROI-right_ClearT2_org2_illu0_angle1.tif:52,1140.288,214,18891,52
53,ROI-right_ClearT2_org2_illu0_angle1.tif:53,1187.917,215,16215,53
54,ROI-right_ClearT2_org2_illu0_angle1.tif:54,1241.617,213,15983,54
55,ROI-right_ClearT2_org2_illu0_angle1.tif:55,1299.625,210,12678,55
56,ROI-right_ClearT2_org2_illu0_angle1.tif:56,1362.542,214,13489,56
57,ROI-right_ClearT2_org2_illu0_angle1.tif:57,1430.775,216,18955,57
58,ROI-right_ClearT2_org2_illu0_angle1.tif:58,1500.629,209,22166,58
59,ROI-right_ClearT2_org2_illu0_angle1.tif:59,1567.771,211,21921,59
60,ROI-right_ClearT2_org2_illu0_angle1.tif:60,1627.230,209,19020,60
61,ROI-right_ClearT2_org2_illu0_angle1.tif:61,1678.806,210,14406,61
62,ROI-right_ClearT2_org2_illu0_angle1.tif:62,1725.655,208,12928,62
63,ROI-right_ClearT2_org2_illu0_angle1.tif:63,1770.987,216,11056,63
64,ROI-right_ClearT2_org2_illu0_angle1.tif:64,1817.851,206,8298,64
65,ROI-right_ClearT2_org2_illu0_angle1.tif:65,1865.118,215,8891,65
66,ROI-right_ClearT2_org2_illu0_angle1.tif:66,1914.316,216,11031,66
67,ROI-right_ClearT2_org2_illu0_angle1.tif:67,1964.942,219,11564,67
68,ROI-right_ClearT2_org2_illu0_angle1.tif:68,2017.317,222,17181,68
69,ROI-right_ClearT2_org2_illu0_angle1.tif:69,2069.832,218,27249,69
70,ROI-right_ClearT2_org2_illu0_angle1.tif:70,2120.466,213,33505,70
71,ROI-right_ClearT2_org2_illu0_angle1.tif:71,2168.368,215,33102,71
72,ROI-right_ClearT2_org2_illu0_angle1.tif:72,2209.816,221,26612,72
73,ROI-right_ClearT2_org2_illu0_angle1.tif:73,2245.723,230,18602,73
74,ROI-right_ClearT2_org2_illu0_angle1.tif:74,2282.529,221,11122,74
75,ROI-right_ClearT2_org2_illu0_angle1.tif:75,2325.244,222,13986,75
76,ROI-right_ClearT2_org2_illu0_angle1.tif:76,2375.165,214,15005,76
77,ROI-right_ClearT2_org2_illu0_angle1.tif:77,2431.534,220,15201,77
78,ROI-right_ClearT2_org2_illu0_angle1.tif:78,2489.552,225,16766,78
79,ROI-right_ClearT2_org2_illu0_angle1.tif:79,2544.428,226,18825,79
80,ROI-right_ClearT2_org2_illu0_angle1.tif:80,2593.413,229,20775,80
81,ROI-right_ClearT2_org2_illu0_angle1.tif:81,2631.363,225,18234,81
82,ROI-right_ClearT2_org2_illu0_angle1.tif:82,2661.085,229,13607,82
83,ROI-right_ClearT2_org2_illu0_angle1.tif:83,2682.830,229,15482,83
84,ROI-right_ClearT2_org2_illu0_angle1.tif:84,2699.390,227,15606,84
85,ROI-right_ClearT2_org2_illu0_angle1.tif:85,2714.467,227,13978,85
86,ROI-right_ClearT2_org2_illu0_angle1.tif:86,2730.740,221,10669,86
87,ROI-right_ClearT2_org2_illu0_angle1.tif:87,2752.348,223,8901,87
88,ROI-right_ClearT2_org2_illu0_angle1.tif:88,2782.298,229,8994,88
89,ROI-right_ClearT2_org2_illu0_angle1.tif:89,2819.944,228,9372,89
90,ROI-right_ClearT2_org2_illu0_angle1.tif:90,2864.929,222,9129,90
91,ROI-right_ClearT2_org2_illu0_angle1.tif:91,2912.948,233,8743,91
92,ROI-right_ClearT2_org2_illu0_angle1.tif:92,2958.093,227,8176,92
93,ROI-right_ClearT2_org2_illu0_angle1.tif:93,3000.833,227,6914,93
94,ROI-right_ClearT2_org2_illu0_angle1.tif:94,3044.006,227,7147,94
95,ROI-right_ClearT2_org2_illu0_angle1.tif:95,3081.257,224,7448,95
96,ROI-right_ClearT2_org2_illu0_angle1.tif:96,3110.386,233,7302,96
97,ROI-right_ClearT2_org2_illu0_angle1.tif:97,3132.709,231,6777,97
98,ROI-right_ClearT2_org2_illu0_angle1.tif:98,3150.535,224,5813,98
99,ROI-right_ClearT2_org2_illu0_angle1.tif:99,3166.923,222,5757,99
100,ROI-right_ClearT2_org2_illu0_angle1.tif:100,3183.920,230,8565,100
101,ROI-right_ClearT2_org2_illu0_angle1.tif:101,3202.196,229,13506,101
102,ROI-right_ClearT2_org2_illu0_angle1.tif:102,3222.709,228,16593,102
103,ROI-right_ClearT2_org2_illu0_angle1.tif:103,3244.725,227,15641,103
104,ROI-right_ClearT2_org2_illu0_angle1.tif:104,3265.038,229,11689,104
105,ROI-right_ClearT2_org2_illu0_angle1.tif:105,3286.639,226,8005,105
106,ROI-right_ClearT2_org2_illu0_angle1.tif:106,3313.255,216,7571,106
107,ROI-right_ClearT2_org2_illu0_angle1.tif:107,3339.488,214,8153,107
108,ROI-right_ClearT2_org2_illu0_angle1.tif:108,3367.339,216,8009,108
109,ROI-right_ClearT2_org2_illu0_angle1.tif:109,3398.479,212,7276,109
110,ROI-right_ClearT2_org2_illu0_angle1.tif:110,3432.183,220,9240,110
111,ROI-right_ClearT2_org2_illu0_angle1.tif:111,3472.734,230,10092,111
112,ROI-right_ClearT2_org2_illu0_angle1.tif:112,3515.718,227,9413,112
113,ROI-right_ClearT2_org2_illu0_angle1.tif:113,3561.042,227,8035,113
114,ROI-right_ClearT2_org2_illu0_angle1.tif:114,3603.540,227,6523,114
115,ROI-right_ClearT2_org2_illu0_angle1.tif:115,3636.997,217,6730,115
116,ROI-right_ClearT2_org2_illu0_angle1.tif:116,3656.728,221,7661,116
117,ROI-right_ClearT2_org2_illu0_angle1.tif:117,3664.280,223,7604,117
118,ROI-right_ClearT2_org2_illu0_angle1.tif:118,3659.778,225,6961,118
119,ROI-right_ClearT2_org2_illu0_angle1.tif:119,3642.310,219,6159,119
120,ROI-right_ClearT2_org2_illu0_angle1.tif:120,3619.892,213,5710,120
121,ROI-right_ClearT2_org2_illu0_angle1.tif:121,3596.046,218,5735,121
122,ROI-right_ClearT2_org2_illu0_angle1.tif:122,3573.855,221,5211,122
123,ROI-right_ClearT2_org2_illu0_angle1.tif:123,3554.981,223,5218,123
124,ROI-right_ClearT2_org2_illu0_angle1.tif:124,3538.850,220,5154,124
125,ROI-right_ClearT2_org2_illu0_angle1.tif:125,3528.244,216,5186,125
126,ROI-right_ClearT2_org2_illu0_angle1.tif:126,3524.962,217,5335,126
127,ROI-right_ClearT2_org2_illu0_angle1.tif:127,3526.974,219,5628,127
128,ROI-right_ClearT2_org2_illu0_angle1.tif:128,3533.663,211,5805,128
129,ROI-right_ClearT2_org2_illu0_angle1.tif:129,3544.018,217,5712,129
130,ROI-right_ClearT2_org2_illu0_angle1.tif:130,3554.003,218,5736,130
131,ROI-right_ClearT2_org2_illu0_angle1.tif:131,3557.998,217,6180,131
132,ROI-right_ClearT2_org2_illu0_angle1.tif:132,3555.328,228,6237,132
133,ROI-right_ClearT2_org2_illu0_angle1.tif:133,3544.904,228,5756,133
134,ROI-right_ClearT2_org2_illu0_angle1.tif:134,3530.516,230,5212,134
135,ROI-right_ClearT2_org2_illu0_angle1.tif:135,3513.858,232,4976,135
136,ROI-right_ClearT2_org2_illu0_angle1.tif:136,3492.324,227,5003,136
137,ROI-right_ClearT2_org2_illu0_angle1.tif:137,3470.555,234,4956,137
138,ROI-right_ClearT2_org2_illu0_angle1.tif:138,3449.186,233,4902,138
139,ROI-right_ClearT2_org2_illu0_angle1.tif:139,3425.941,236,4862,139
140,ROI-right_ClearT2_org2_illu0_angle1.tif:140,3400.266,234,4832,140
141,ROI-right_ClearT2_org2_illu0_angle1.tif:141,3374.420,240,4783,141
142,ROI-right_ClearT2_org2_illu0_angle1.tif:142,3350.692,235,4783,142
143,ROI-right_ClearT2_org2_illu0_angle1.tif:143,3331.574,236,4732,143
144,ROI-right_ClearT2_org2_illu0_angle1.tif:144,3316.938,233,4837,144
145,ROI-right_ClearT2_org2_illu0_angle1.tif:145,3305.659,229,4830,145
146,ROI-right_ClearT2_org2_illu0_angle1.tif:146,3296.653,235,4706,146
147,ROI-right_ClearT2_org2_illu0_angle1.tif:147,3287.264,233,4727,147
148,ROI-right_ClearT2_org2_illu0_angle1.tif:148,3275.058,231,4649,148
149,ROI-right_ClearT2_org2_illu0_angle1.tif:149,3262.196,224,4717,149
150,ROI-right_ClearT2_org2_illu0_angle1.tif:150,3246.796,230,4660,150
151,ROI-right_ClearT2_org2_illu0_angle1.tif:151,3229.519,239,4593,151
152,ROI-right_ClearT2_org2_illu0_angle1.tif:152,3215.484,236,4574,152
153,ROI-right_ClearT2_org2_illu0_angle1.tif:153,3202.256,241,4517,153
154,ROI-right_ClearT2_org2_illu0_angle1.tif:154,3189.729,228,4502,154
155,ROI-right_ClearT2_org2_illu0_angle1.tif:155,3182.133,232,4504,155
156,ROI-right_ClearT2_org2_illu0_angle1.tif:156,3174.827,233,4456,156
157,ROI-right_ClearT2_org2_illu0_angle1.tif:157,3168.447,244,4408,157
158,ROI-right_ClearT2_org2_illu0_angle1.tif:158,3162.086,241,4408,158
159,ROI-right_ClearT2_org2_illu0_angle1.tif:159,3152.186,244,6346,159
160,ROI-right_ClearT2_org2_illu0_angle1.tif:160,3137.680,247,8234,160
161,ROI-right_ClearT2_org2_illu0_angle1.tif:161,3121.606,248,8850,161
162,ROI-right_ClearT2_org2_illu0_angle1.tif:162,3101.871,245,8519,162
163,ROI-right_ClearT2_org2_illu0_angle1.tif:163,3077.904,258,7388,163
164,ROI-right_ClearT2_org2_illu0_angle1.tif:164,3051.975,258,5905,164
165,ROI-right_ClearT2_org2_illu0_angle1.tif:165,3022.348,255,4554,165
166,ROI-right_ClearT2_org2_illu0_angle1.tif:166,2992.131,259,4209,166
167,ROI-right_ClearT2_org2_illu0_angle1.tif:167,2961.949,257,4466,167
168,ROI-right_ClearT2_org2_illu0_angle1.tif:168,2926.907,256,5051,168
169,ROI-right_ClearT2_org2_illu0_angle1.tif:169,2889.129,265,5473,169
170,ROI-right_ClearT2_org2_illu0_angle1.tif:170,2848.487,261,5633,170
171,ROI-right_ClearT2_org2_illu0_angle1.tif:171,2803.210,248,5229,171
172,ROI-right_ClearT2_org2_illu0_angle1.tif:172,2754.561,256,4441,172
173,ROI-right_ClearT2_org2_illu0_angle1.tif:173,2705.392,251,3763,173
174,ROI-right_ClearT2_org2_illu0_angle1.tif:174,2658.331,244,3742,174
175,ROI-right_ClearT2_org2_illu0_angle1.tif:175,2615.518,244,3650,175
176,ROI-right_ClearT2_org2_illu0_angle1.tif:176,2577.358,252,3676,176
177,ROI-right_ClearT2_org2_illu0_angle1.tif:177,2542.973,243,3587,177
178,ROI-right_ClearT2_org2_illu0_angle1.tif:178,2514.378,233,3567,178
179,ROI-right_ClearT2_org2_illu0_angle1.tif:179,2491.083,231,3559,179
180,ROI-right_ClearT2_org2_illu0_angle1.tif:180,2467.398,230,3493,180
181,ROI-right_ClearT2_org2_illu0_angle1.tif:181,2445.577,240,3488,181
182,ROI-right_ClearT2_org2_illu0_angle1.tif:182,2423.394,243,3498,182
183,ROI-right_ClearT2_org2_illu0_angle1.tif:183,2396.571,234,3515,183
184,ROI-right_ClearT2_org2_illu0_angle1.tif:184,2367.187,228,3529,184
185,ROI-right_ClearT2_org2_illu0_angle1.tif:185,2336.366,239,3490,185
186,ROI-right_ClearT2_org2_illu0_angle1.tif:186,2305.296,235,3482,186
187,ROI-right_ClearT2_org2_illu0_angle1.tif:187,2273.472,240,3428,187
188,ROI-right_ClearT2_org2_illu0_angle1.tif:188,2239.090,243,3389,188
189,ROI-right_ClearT2_org2_illu0_angle1.tif:189,2204.967,247,3353,189
190,ROI-right_ClearT2_org2_illu0_angle1.tif:190,2170.391,244,3304,190
191,ROI-right_ClearT2_org2_illu0_angle1.tif:191,2134.851,236,3267,191
192,ROI-right_ClearT2_org2_illu0_angle1.tif:192,2101.047,245,3249,192
193,ROI-right_ClearT2_org2_illu0_angle1.tif:193,2068.388,248,3201,193
194,ROI-right_ClearT2_org2_illu0_angle1.tif:194,2036.412,244,3144,194
195,ROI-right_ClearT2_org2_illu0_angle1.tif:195,2006.003,240,3107,195
196,ROI-right_ClearT2_org2_illu0_angle1.tif:196,1974.314,238,3132,196
197,ROI-right_ClearT2_org2_illu0_angle1.tif:197,1939.686,232,3080,197
198,ROI-right_ClearT2_org2_illu0_angle1.tif:198,1900.615,234,3229,198
199,ROI-right_ClearT2_org2_illu0_angle1.tif:199,1856.926,228,3347,199
200,ROI-right_ClearT2_org2_illu0_angle1.tif:200,1807.085,226,3052,200
201,ROI-right_ClearT2_org2_illu0_angle1.tif:201,1752.557,229,2916,201
202,ROI-right_ClearT2_org2_illu0_angle1.tif:202,1696.977,230,2940,202
203,ROI-right_ClearT2_org2_illu0_angle1.tif:203,1642.770,231,2898,203
204,ROI-right_ClearT2_org2_illu0_angle1.tif:204,1590.302,229,3005,204
205,ROI-right_ClearT2_org2_illu0_angle1.tif:205,1539.131,230,3138,205
206,ROI-right_ClearT2_org2_illu0_angle1.tif:206,1488.872,217,3321,206
207,ROI-right_ClearT2_org2_illu0_angle1.tif:207,1439.646,223,3387,207
208,ROI-right_ClearT2_org2_illu0_angle1.tif:208,1388.324,219,3376,208
209,ROI-right_ClearT2_org2_illu0_angle1.tif:209,1332.208,217,3159,209
210,ROI-right_ClearT2_org2_illu0_angle1.tif:210,1270.814,209,3303,210
211,ROI-right_ClearT2_org2_illu0_angle1.tif:211,1202.682,213,3317,211
212,ROI-right_ClearT2_org2_illu0_angle1.tif:212,1127.525,205,3197,212
213,ROI-right_ClearT2_org2_illu0_angle1.tif:213,1044.171,210,2850,213
214,ROI-right_ClearT2_org2_illu0_angle1.tif:214,955.241,206,2438,214
215,ROI-right_ClearT2_org2_illu0_angle1.tif:215,862.788,199,2154,215
216,ROI-right_ClearT2_org2_illu0_angle1.tif:216,768.383,193,1936,216
217,ROI-right_ClearT2_org2_illu0_angle1.tif:217,676.707,197,1743,217
218,ROI-right_ClearT2_org2_illu0_angle1.tif:218,590.294,197,1507,218
219,ROI-right_ClearT2_org2_illu0_angle1.tif:219,511.595,192,1298,219
220,ROI-right_ClearT2_org2_illu0_angle1.tif:220,442.262,188,1080,220
221,ROI-right_ClearT2_org2_illu0_angle1.tif:221,384.304,187,862,221
222,ROI-right_ClearT2_org2_illu0_angle1.tif:222,340.131,188,697,222
223,ROI-right_ClearT2_org2_illu0_angle1.tif:223,308.962,190,552,223
224,ROI-right_ClearT2_org2_illu0_angle1.tif:224,288.877,188,466,224
225,ROI-right_ClearT2_org2_illu0_angle1.tif:225,277.447,188,422,225
226,ROI-right_ClearT2_org2_illu0_angle1.tif:226,271.362,189,383,226
227,ROI-right_ClearT2_org2_illu0_angle1.tif:227,267.705,185,376,227
228,ROI-right_ClearT2_org2_illu0_angle1.tif:228,264.900,184,383,228
229,ROI-right_ClearT2_org2_illu0_angle1.tif:229,262.393,183,358,229
230,ROI-right_ClearT2_org2_illu0_angle1.tif:230,260.354,186,360,230
231,ROI-right_ClearT2_org2_illu0_angle1.tif:231,258.469,177,357,231
232,ROI-right_ClearT2_org2_illu0_angle1.tif:232,256.691,188,350,232
233,ROI-right_ClearT2_org2_illu0_angle1.tif:233,0.000,0,0,233
234,ROI-right_ClearT2_org2_illu0_angle1.tif:234,0.000,0,0,234
235,ROI-right_ClearT2_org2_illu0_angle1.tif:235,0.000,0,0,235
236,ROI-right_ClearT2_org2_illu0_angle1.tif:236,0.000,0,0,236
237,ROI-right_ClearT2_org2_illu0_angle1.tif:237,0.000,0,0,237
238,ROI-right_ClearT2_org2_illu0_angle1.tif:238,0.000,0,0,238
239,ROI-right_ClearT2_org2_illu0_angle1.tif:239,0.000,0,0,239
240,ROI-right_ClearT2_org2_illu0_angle1.tif:240,0.000,0,0,240
241,ROI-right_ClearT2_org2_illu0_angle1.tif:241,0.000,0,0,241
242,ROI-right_ClearT2_org2_illu0_angle1.tif:242,0.000,0,0,242
243,ROI-right_ClearT2_org2_illu0_angle1.tif:243,0.000,0,0,243
244,ROI-right_ClearT2_org2_illu0_angle1.tif:244,0.000,0,0,244
245,ROI-right_ClearT2_org2_illu0_angle1.tif:245,0.000,0,0,245
246,ROI-right_ClearT2_org2_illu0_angle1.tif:246,0.000,0,0,246
247,ROI-right_ClearT2_org2_illu0_angle1.tif:247,0.000,0,0,247
248,ROI-right_ClearT2_org2_illu0_angle1.tif:248,0.000,0,0,248
249,ROI-right_ClearT2_org2_illu0_angle1.tif:249,0.000,0,0,249
250,ROI-right_ClearT2_org2_illu0_angle1.tif:250,0.000,0,0,250
251,ROI-right_ClearT2_org2_illu0_angle1.tif:251,0.000,0,0,251
252,ROI-right_ClearT2_org2_illu0_angle1.tif:252,0.000,0,0,252
253,ROI-right_ClearT2_org2_illu0_angle1.tif:253,0.000,0,0,253
254,ROI-right_ClearT2_org2_illu0_angle1.tif:254,0.000,0,0,254
255,ROI-right_ClearT2_org2_illu0_angle1.tif:255,0.000,0,0,255
256,ROI-right_ClearT2_org2_illu0_angle1.tif:256,0.000,0,0,256
257,ROI-right_ClearT2_org2_illu0_angle1.tif:257,0.000,0,0,257
258,ROI-right_ClearT2_org2_illu0_angle1.tif:258,0.000,0,0,258
