 ,Label,Mean,Min,Max,Slice
1,ScaleA2_org1mito.tif:1,0,0,0,1
2,ScaleA2_org1mito.tif:2,0,0,0,2
3,ScaleA2_org1mito.tif:3,0,0,0,3
4,ScaleA2_org1mito.tif:4,0,0,0,4
5,ScaleA2_org1mito.tif:5,0,0,0,5
6,ScaleA2_org1mito.tif:6,0,0,0,6
7,ScaleA2_org1mito.tif:7,0,0,0,7
8,ScaleA2_org1mito.tif:8,0,0,0,8
9,ScaleA2_org1mito.tif:9,0,0,0,9
10,ScaleA2_org1mito.tif:10,0,0,0,10
11,ScaleA2_org1mito.tif:11,0,0,0,11
12,ScaleA2_org1mito.tif:12,0,0,0,12
13,ScaleA2_org1mito.tif:13,0,0,0,13
14,ScaleA2_org1mito.tif:14,0,0,0,14
15,ScaleA2_org1mito.tif:15,0,0,0,15
16,ScaleA2_org1mito.tif:16,0,0,0,16
17,ScaleA2_org1mito.tif:17,0,0,0,17
18,ScaleA2_org1mito.tif:18,0,0,0,18
19,ScaleA2_org1mito.tif:19,0,0,0,19
20,ScaleA2_org1mito.tif:20,0,0,0,20
21,ScaleA2_org1mito.tif:21,0,0,0,21
22,ScaleA2_org1mito.tif:22,0,0,0,22
23,ScaleA2_org1mito.tif:23,0,0,0,23
24,ScaleA2_org1mito.tif:24,0,0,0,24
25,ScaleA2_org1mito.tif:25,0,0,0,25
26,ScaleA2_org1mito.tif:26,0,0,0,26
27,ScaleA2_org1mito.tif:27,0,0,0,27
28,ScaleA2_org1mito.tif:28,0,0,0,28
29,ScaleA2_org1mito.tif:29,0,0,0,29
30,ScaleA2_org1mito.tif:30,0,0,0,30
31,ScaleA2_org1mito.tif:31,0,0,0,31
32,ScaleA2_org1mito.tif:32,2.689,0,818,32
33,ScaleA2_org1mito.tif:33,13.935,0,979,33
34,ScaleA2_org1mito.tif:34,35.774,0,1135,34
35,ScaleA2_org1mito.tif:35,70.885,0,1732,35
36,ScaleA2_org1mito.tif:36,129.923,0,2456,36
37,ScaleA2_org1mito.tif:37,222.261,0,3706,37
38,ScaleA2_org1mito.tif:38,354.287,0,4318,38
39,ScaleA2_org1mito.tif:39,536.097,0,4988,39
40,ScaleA2_org1mito.tif:40,758.016,0,7028,40
41,ScaleA2_org1mito.tif:41,1017.495,0,9571,41
42,ScaleA2_org1mito.tif:42,1322.699,0,11918,42
43,ScaleA2_org1mito.tif:43,1669.964,0,14587,43
44,ScaleA2_org1mito.tif:44,2050.603,0,16752,44
45,ScaleA2_org1mito.tif:45,2430.059,0,18572,45
46,ScaleA2_org1mito.tif:46,2787.874,0,18183,46
47,ScaleA2_org1mito.tif:47,3103.753,0,16978,47
48,ScaleA2_org1mito.tif:48,3383.768,0,18633,48
49,ScaleA2_org1mito.tif:49,3628.911,0,15983,49
50,ScaleA2_org1mito.tif:50,3847.112,0,17238,50
51,ScaleA2_org1mito.tif:51,4027.205,332,19634,51
52,ScaleA2_org1mito.tif:52,4161.351,347,14800,52
53,ScaleA2_org1mito.tif:53,4252.413,339,13631,53
54,ScaleA2_org1mito.tif:54,4319.672,377,12755,54
55,ScaleA2_org1mito.tif:55,4377.274,392,11552,55
56,ScaleA2_org1mito.tif:56,4420.482,415,10073,56
57,ScaleA2_org1mito.tif:57,4462.092,433,10071,57
58,ScaleA2_org1mito.tif:58,4494.768,473,9291,58
59,ScaleA2_org1mito.tif:59,4521.423,493,9304,59
60,ScaleA2_org1mito.tif:60,4539.147,521,9601,60
61,ScaleA2_org1mito.tif:61,4548.592,532,10628,61
62,ScaleA2_org1mito.tif:62,4550.944,579,9652,62
63,ScaleA2_org1mito.tif:63,4543.063,705,8497,63
64,ScaleA2_org1mito.tif:64,4525.756,759,8277,64
65,ScaleA2_org1mito.tif:65,4498.491,756,7869,65
66,ScaleA2_org1mito.tif:66,4462.516,806,8167,66
67,ScaleA2_org1mito.tif:67,4419.396,861,7736,67
68,ScaleA2_org1mito.tif:68,4369.122,916,7257,68
69,ScaleA2_org1mito.tif:69,4312.092,940,7893,69
70,ScaleA2_org1mito.tif:70,4250.119,963,7546,70
71,ScaleA2_org1mito.tif:71,4184.367,1028,6836,71
72,ScaleA2_org1mito.tif:72,4116.757,1029,6894,72
73,ScaleA2_org1mito.tif:73,4049.106,994,7417,73
74,ScaleA2_org1mito.tif:74,3983.528,973,7358,74
75,ScaleA2_org1mito.tif:75,3921.878,1025,6634,75
76,ScaleA2_org1mito.tif:76,3864.445,1182,6177,76
77,ScaleA2_org1mito.tif:77,3810.281,1284,6237,77
78,ScaleA2_org1mito.tif:78,3757.335,1322,6280,78
79,ScaleA2_org1mito.tif:79,3703.705,1358,7689,79
80,ScaleA2_org1mito.tif:80,3648.765,1383,7709,80
81,ScaleA2_org1mito.tif:81,3592.317,1433,6091,81
82,ScaleA2_org1mito.tif:82,3535.452,1474,5734,82
83,ScaleA2_org1mito.tif:83,3477.939,1528,5494,83
84,ScaleA2_org1mito.tif:84,3419.158,1554,6212,84
85,ScaleA2_org1mito.tif:85,3358.682,1591,6609,85
86,ScaleA2_org1mito.tif:86,3296.617,1636,6352,86
87,ScaleA2_org1mito.tif:87,3233.013,1660,6173,87
88,ScaleA2_org1mito.tif:88,3168.999,1708,6091,88
89,ScaleA2_org1mito.tif:89,3104.521,1779,6056,89
90,ScaleA2_org1mito.tif:90,3039.670,1799,6010,90
91,ScaleA2_org1mito.tif:91,2974.981,1863,5956,91
92,ScaleA2_org1mito.tif:92,2911.913,1874,5758,92
93,ScaleA2_org1mito.tif:93,2851.626,1927,5744,93
94,ScaleA2_org1mito.tif:94,2793.863,1985,5675,94
95,ScaleA2_org1mito.tif:95,2737.730,1957,5499,95
96,ScaleA2_org1mito.tif:96,2683.888,1930,5193,96
97,ScaleA2_org1mito.tif:97,2632.941,1874,4930,97
98,ScaleA2_org1mito.tif:98,2585.167,1856,4516,98
99,ScaleA2_org1mito.tif:99,2540.936,1834,4446,99
100,ScaleA2_org1mito.tif:100,2500.426,1821,4155,100
101,ScaleA2_org1mito.tif:101,2463.670,1771,4116,101
102,ScaleA2_org1mito.tif:102,2430.156,1752,4289,102
103,ScaleA2_org1mito.tif:103,2399.603,1731,4369,103
104,ScaleA2_org1mito.tif:104,2372.214,1694,4288,104
105,ScaleA2_org1mito.tif:105,2348.579,1701,4028,105
106,ScaleA2_org1mito.tif:106,2328.444,1658,4052,106
107,ScaleA2_org1mito.tif:107,2311.573,1656,4108,107
108,ScaleA2_org1mito.tif:108,2297.203,1629,4013,108
109,ScaleA2_org1mito.tif:109,2285.147,1618,4079,109
110,ScaleA2_org1mito.tif:110,2274.553,1632,4107,110
111,ScaleA2_org1mito.tif:111,2265.136,1621,4216,111
112,ScaleA2_org1mito.tif:112,2256.347,1597,4168,112
113,ScaleA2_org1mito.tif:113,2247.405,1556,4079,113
114,ScaleA2_org1mito.tif:114,2238.763,1566,3982,114
115,ScaleA2_org1mito.tif:115,2231.269,1555,3928,115
116,ScaleA2_org1mito.tif:116,2224.529,1548,3951,116
117,ScaleA2_org1mito.tif:117,2218.029,1525,3933,117
118,ScaleA2_org1mito.tif:118,2210.689,1512,3922,118
119,ScaleA2_org1mito.tif:119,2203.085,1510,3912,119
120,ScaleA2_org1mito.tif:120,2194.606,1482,3867,120
121,ScaleA2_org1mito.tif:121,2185.006,1477,3841,121
122,ScaleA2_org1mito.tif:122,2175.185,1448,3890,122
123,ScaleA2_org1mito.tif:123,2165.658,1438,3909,123
124,ScaleA2_org1mito.tif:124,2156.612,1421,3932,124
125,ScaleA2_org1mito.tif:125,2147.604,1398,3886,125
126,ScaleA2_org1mito.tif:126,2138.696,1384,3940,126
127,ScaleA2_org1mito.tif:127,2130.034,1380,3912,127
128,ScaleA2_org1mito.tif:128,2121.466,1359,3948,128
129,ScaleA2_org1mito.tif:129,2113.451,1338,3960,129
130,ScaleA2_org1mito.tif:130,2106.063,1352,3960,130
131,ScaleA2_org1mito.tif:131,2100.047,1355,3944,131
132,ScaleA2_org1mito.tif:132,2096.109,1368,3922,132
133,ScaleA2_org1mito.tif:133,2094.011,1376,3936,133
134,ScaleA2_org1mito.tif:134,2094.353,1392,3872,134
135,ScaleA2_org1mito.tif:135,2096.920,1408,3885,135
136,ScaleA2_org1mito.tif:136,2102.071,1425,3926,136
137,ScaleA2_org1mito.tif:137,2110.534,1438,3926,137
138,ScaleA2_org1mito.tif:138,2121.670,1441,3994,138
139,ScaleA2_org1mito.tif:139,2135.209,1474,4044,139
140,ScaleA2_org1mito.tif:140,2151.048,1501,4099,140
141,ScaleA2_org1mito.tif:141,2169.463,1519,4095,141
142,ScaleA2_org1mito.tif:142,2190.154,1519,4148,142
143,ScaleA2_org1mito.tif:143,2212.094,1542,4149,143
144,ScaleA2_org1mito.tif:144,2235.837,1530,4149,144
145,ScaleA2_org1mito.tif:145,2260.572,1557,4182,145
146,ScaleA2_org1mito.tif:146,2286.624,1571,4335,146
147,ScaleA2_org1mito.tif:147,2313.252,1598,4532,147
148,ScaleA2_org1mito.tif:148,2340.137,1613,4650,148
149,ScaleA2_org1mito.tif:149,2367.397,1638,4672,149
150,ScaleA2_org1mito.tif:150,2395.095,1644,4578,150
151,ScaleA2_org1mito.tif:151,2423.940,1704,4823,151
152,ScaleA2_org1mito.tif:152,2453.468,1733,4870,152
153,ScaleA2_org1mito.tif:153,2483.216,1729,4904,153
154,ScaleA2_org1mito.tif:154,2513.536,1783,4703,154
155,ScaleA2_org1mito.tif:155,2544.725,1812,4496,155
156,ScaleA2_org1mito.tif:156,2576.544,1852,4490,156
157,ScaleA2_org1mito.tif:157,2609.371,1863,4478,157
158,ScaleA2_org1mito.tif:158,2642.673,1879,4737,158
159,ScaleA2_org1mito.tif:159,2675.652,1742,4738,159
160,ScaleA2_org1mito.tif:160,2708.057,1468,5048,160
161,ScaleA2_org1mito.tif:161,2738.561,1278,5194,161
162,ScaleA2_org1mito.tif:162,2766.507,1099,5198,162
163,ScaleA2_org1mito.tif:163,2792.742,997,4893,163
164,ScaleA2_org1mito.tif:164,2817.549,900,4511,164
165,ScaleA2_org1mito.tif:165,2841.442,838,4629,165
166,ScaleA2_org1mito.tif:166,2863.604,759,4541,166
167,ScaleA2_org1mito.tif:167,2883.291,732,4458,167
168,ScaleA2_org1mito.tif:168,2900.128,669,4414,168
169,ScaleA2_org1mito.tif:169,2915.509,631,4363,169
170,ScaleA2_org1mito.tif:170,2930.878,592,4543,170
171,ScaleA2_org1mito.tif:171,2948.585,573,4812,171
172,ScaleA2_org1mito.tif:172,2969.825,536,4817,172
173,ScaleA2_org1mito.tif:173,2994.322,523,4999,173
174,ScaleA2_org1mito.tif:174,3021.999,494,5373,174
175,ScaleA2_org1mito.tif:175,3051.653,474,5416,175
176,ScaleA2_org1mito.tif:176,3080.686,459,5107,176
177,ScaleA2_org1mito.tif:177,3107.283,436,5035,177
178,ScaleA2_org1mito.tif:178,3128.939,422,5159,178
179,ScaleA2_org1mito.tif:179,3143.039,414,5521,179
180,ScaleA2_org1mito.tif:180,3146.855,400,5654,180
181,ScaleA2_org1mito.tif:181,3137.952,395,5532,181
182,ScaleA2_org1mito.tif:182,3117.004,376,5395,182
183,ScaleA2_org1mito.tif:183,3084.550,374,5864,183
184,ScaleA2_org1mito.tif:184,3040.638,369,6004,184
185,ScaleA2_org1mito.tif:185,2983.538,357,6144,185
186,ScaleA2_org1mito.tif:186,2911.221,351,6196,186
187,ScaleA2_org1mito.tif:187,2822.295,342,6954,187
188,ScaleA2_org1mito.tif:188,2716.923,341,6698,188
189,ScaleA2_org1mito.tif:189,2597.850,329,5829,189
190,ScaleA2_org1mito.tif:190,2467.736,328,6032,190
191,ScaleA2_org1mito.tif:191,2328.255,318,5951,191
192,ScaleA2_org1mito.tif:192,2181.762,306,6228,192
193,ScaleA2_org1mito.tif:193,2032.236,302,5738,193
194,ScaleA2_org1mito.tif:194,1883.476,294,5531,194
195,ScaleA2_org1mito.tif:195,1740.453,280,5462,195
196,ScaleA2_org1mito.tif:196,1610.612,235,6576,196
197,ScaleA2_org1mito.tif:197,1500.070,235,6989,197
198,ScaleA2_org1mito.tif:198,1404.641,234,7365,198
199,ScaleA2_org1mito.tif:199,1307.255,233,7200,199
200,ScaleA2_org1mito.tif:200,1199.155,237,6798,200
201,ScaleA2_org1mito.tif:201,1070.508,229,6416,201
202,ScaleA2_org1mito.tif:202,927.261,232,6387,202
203,ScaleA2_org1mito.tif:203,787.778,238,5945,203
204,ScaleA2_org1mito.tif:204,669.133,229,5189,204
205,ScaleA2_org1mito.tif:205,577.245,234,4149,205
206,ScaleA2_org1mito.tif:206,508.201,235,3156,206
207,ScaleA2_org1mito.tif:207,457.698,229,2417,207
208,ScaleA2_org1mito.tif:208,422.570,232,1707,208
209,ScaleA2_org1mito.tif:209,398.772,227,1126,209
210,ScaleA2_org1mito.tif:210,381.910,225,797,210
211,ScaleA2_org1mito.tif:211,368.038,0,628,211
212,ScaleA2_org1mito.tif:212,353.208,0,548,212
213,ScaleA2_org1mito.tif:213,336.912,0,532,213
214,ScaleA2_org1mito.tif:214,319.846,0,564,214
215,ScaleA2_org1mito.tif:215,300.969,0,586,215
216,ScaleA2_org1mito.tif:216,278.869,0,569,216
217,ScaleA2_org1mito.tif:217,252.943,0,541,217
218,ScaleA2_org1mito.tif:218,223.296,0,528,218
219,ScaleA2_org1mito.tif:219,190.712,0,529,219
220,ScaleA2_org1mito.tif:220,158.916,0,492,220
221,ScaleA2_org1mito.tif:221,128.555,0,515,221
222,ScaleA2_org1mito.tif:222,99.776,0,462,222
223,ScaleA2_org1mito.tif:223,74.482,0,429,223
224,ScaleA2_org1mito.tif:224,53.258,0,419,224
225,ScaleA2_org1mito.tif:225,36.021,0,383,225
226,ScaleA2_org1mito.tif:226,22.538,0,366,226
227,ScaleA2_org1mito.tif:227,12.474,0,341,227
228,ScaleA2_org1mito.tif:228,5.508,0,302,228
229,ScaleA2_org1mito.tif:229,1.412,0,288,229
230,ScaleA2_org1mito.tif:230,0.005,0,251,230
231,ScaleA2_org1mito.tif:231,0,0,0,231
232,ScaleA2_org1mito.tif:232,0,0,0,232
233,ScaleA2_org1mito.tif:233,0,0,0,233
234,ScaleA2_org1mito.tif:234,0,0,0,234
235,ScaleA2_org1mito.tif:235,0,0,0,235
236,ScaleA2_org1mito.tif:236,0,0,0,236
237,ScaleA2_org1mito.tif:237,0,0,0,237
238,ScaleA2_org1mito.tif:238,0,0,0,238
239,ScaleA2_org1mito.tif:239,0,0,0,239
240,ScaleA2_org1mito.tif:240,0,0,0,240
241,ScaleA2_org1mito.tif:241,0,0,0,241
242,ScaleA2_org1mito.tif:242,0,0,0,242
243,ScaleA2_org1mito.tif:243,0,0,0,243
244,ScaleA2_org1mito.tif:244,0,0,0,244
245,ScaleA2_org1mito.tif:245,0,0,0,245
246,ScaleA2_org1mito.tif:246,0,0,0,246
247,ScaleA2_org1mito.tif:247,0,0,0,247
248,ScaleA2_org1mito.tif:248,0,0,0,248
249,ScaleA2_org1mito.tif:249,0,0,0,249
250,ScaleA2_org1mito.tif:250,0,0,0,250
251,ScaleA2_org1mito.tif:251,0,0,0,251
252,ScaleA2_org1mito.tif:252,0,0,0,252
253,ScaleA2_org1mito.tif:253,0,0,0,253
254,ScaleA2_org1mito.tif:254,0,0,0,254
255,ScaleA2_org1mito.tif:255,0,0,0,255
256,ScaleA2_org1mito.tif:256,0,0,0,256
257,ScaleA2_org1mito.tif:257,0,0,0,257
258,ScaleA2_org1mito.tif:258,0,0,0,258
259,ScaleA2_org1mito.tif:259,0,0,0,259
