 ,Label,Mean,Min,Max,Slice
1,ScaleA2_org3mito.tif:1,0.000,0,0,1
2,ScaleA2_org3mito.tif:2,0.000,0,0,2
3,ScaleA2_org3mito.tif:3,0.000,0,0,3
4,ScaleA2_org3mito.tif:4,0.000,0,0,4
5,ScaleA2_org3mito.tif:5,0.000,0,0,5
6,ScaleA2_org3mito.tif:6,0.000,0,0,6
7,ScaleA2_org3mito.tif:7,0.000,0,0,7
8,ScaleA2_org3mito.tif:8,0.000,0,0,8
9,ScaleA2_org3mito.tif:9,0.000,0,0,9
10,ScaleA2_org3mito.tif:10,0.000,0,0,10
11,ScaleA2_org3mito.tif:11,0.000,0,0,11
12,ScaleA2_org3mito.tif:12,0.000,0,0,12
13,ScaleA2_org3mito.tif:13,0.000,0,0,13
14,ScaleA2_org3mito.tif:14,0.000,0,0,14
15,ScaleA2_org3mito.tif:15,0.000,0,0,15
16,ScaleA2_org3mito.tif:16,447.167,429,480,16
17,ScaleA2_org3mito.tif:17,395.667,374,420,17
18,ScaleA2_org3mito.tif:18,403.667,390,420,18
19,ScaleA2_org3mito.tif:19,422.833,416,434,19
20,ScaleA2_org3mito.tif:20,429.333,405,458,20
21,ScaleA2_org3mito.tif:21,446.833,434,464,21
22,ScaleA2_org3mito.tif:22,463.167,442,489,22
23,ScaleA2_org3mito.tif:23,505.000,485,519,23
24,ScaleA2_org3mito.tif:24,547.667,502,574,24
25,ScaleA2_org3mito.tif:25,586.000,564,620,25
26,ScaleA2_org3mito.tif:26,636.333,598,669,26
27,ScaleA2_org3mito.tif:27,705.667,686,717,27
28,ScaleA2_org3mito.tif:28,770.000,747,809,28
29,ScaleA2_org3mito.tif:29,833.500,798,861,29
30,ScaleA2_org3mito.tif:30,886.167,835,909,30
31,ScaleA2_org3mito.tif:31,961.167,909,1024,31
32,ScaleA2_org3mito.tif:32,1575.667,1557,1603,32
33,ScaleA2_org3mito.tif:33,1791.000,1768,1814,33
34,ScaleA2_org3mito.tif:34,1942.667,1919,1976,34
35,ScaleA2_org3mito.tif:35,2126.167,2098,2166,35
36,ScaleA2_org3mito.tif:36,2262.667,2246,2290,36
37,ScaleA2_org3mito.tif:37,2428.167,2407,2463,37
38,ScaleA2_org3mito.tif:38,2581.833,2554,2619,38
39,ScaleA2_org3mito.tif:39,2753.667,2693,2783,39
40,ScaleA2_org3mito.tif:40,3024.667,2960,3087,40
41,ScaleA2_org3mito.tif:41,3278.333,3222,3339,41
42,ScaleA2_org3mito.tif:42,3694.833,3674,3729,42
43,ScaleA2_org3mito.tif:43,4143.000,4009,4251,43
44,ScaleA2_org3mito.tif:44,4635.000,4511,4741,44
45,ScaleA2_org3mito.tif:45,5082.667,4980,5209,45
46,ScaleA2_org3mito.tif:46,5473.500,5324,5558,46
47,ScaleA2_org3mito.tif:47,5791.167,5644,5880,47
48,ScaleA2_org3mito.tif:48,5926.500,5831,6042,48
49,ScaleA2_org3mito.tif:49,5812.167,5694,5974,49
50,ScaleA2_org3mito.tif:50,5619.000,5601,5636,50
51,ScaleA2_org3mito.tif:51,5448.667,5333,5509,51
52,ScaleA2_org3mito.tif:52,5406.000,5369,5456,52
53,ScaleA2_org3mito.tif:53,5414.000,5296,5512,53
54,ScaleA2_org3mito.tif:54,5358.333,5324,5388,54
55,ScaleA2_org3mito.tif:55,5121.333,5053,5173,55
56,ScaleA2_org3mito.tif:56,4906.500,4860,4956,56
57,ScaleA2_org3mito.tif:57,4706.333,4667,4740,57
58,ScaleA2_org3mito.tif:58,4639.667,4585,4671,58
59,ScaleA2_org3mito.tif:59,4769.833,4715,4828,59
60,ScaleA2_org3mito.tif:60,4916.500,4859,4991,60
61,ScaleA2_org3mito.tif:61,5118.000,5057,5168,61
62,ScaleA2_org3mito.tif:62,5318.667,5260,5365,62
63,ScaleA2_org3mito.tif:63,5499.333,5454,5556,63
64,ScaleA2_org3mito.tif:64,5412.333,5369,5469,64
65,ScaleA2_org3mito.tif:65,5192.333,5106,5240,65
66,ScaleA2_org3mito.tif:66,4967.833,4905,5036,66
67,ScaleA2_org3mito.tif:67,4804.833,4768,4852,67
68,ScaleA2_org3mito.tif:68,4585.833,4518,4619,68
69,ScaleA2_org3mito.tif:69,4385.333,4357,4428,69
70,ScaleA2_org3mito.tif:70,4227.833,4143,4319,70
71,ScaleA2_org3mito.tif:71,4147.333,4099,4201,71
72,ScaleA2_org3mito.tif:72,4098.833,4064,4131,72
73,ScaleA2_org3mito.tif:73,4071.167,4035,4117,73
74,ScaleA2_org3mito.tif:74,4053.333,4001,4086,74
75,ScaleA2_org3mito.tif:75,3976.167,3957,3990,75
76,ScaleA2_org3mito.tif:76,3902.500,3827,3979,76
77,ScaleA2_org3mito.tif:77,3826.500,3791,3867,77
78,ScaleA2_org3mito.tif:78,3752.000,3714,3788,78
79,ScaleA2_org3mito.tif:79,3691.667,3651,3742,79
80,ScaleA2_org3mito.tif:80,3625.667,3603,3651,80
81,ScaleA2_org3mito.tif:81,3512.667,3491,3551,81
82,ScaleA2_org3mito.tif:82,3444.833,3407,3507,82
83,ScaleA2_org3mito.tif:83,3387.833,3373,3415,83
84,ScaleA2_org3mito.tif:84,3275.000,3252,3302,84
85,ScaleA2_org3mito.tif:85,3214.833,3188,3255,85
86,ScaleA2_org3mito.tif:86,3194.667,3147,3253,86
87,ScaleA2_org3mito.tif:87,3147.833,3106,3215,87
88,ScaleA2_org3mito.tif:88,3080.167,3044,3099,88
89,ScaleA2_org3mito.tif:89,3069.833,3052,3094,89
90,ScaleA2_org3mito.tif:90,3075.833,3042,3108,90
91,ScaleA2_org3mito.tif:91,3042.333,3010,3102,91
92,ScaleA2_org3mito.tif:92,3009.333,2974,3075,92
93,ScaleA2_org3mito.tif:93,2949.833,2934,2969,93
94,ScaleA2_org3mito.tif:94,2869.667,2831,2911,94
95,ScaleA2_org3mito.tif:95,2801.833,2779,2829,95
96,ScaleA2_org3mito.tif:96,2696.167,2659,2734,96
97,ScaleA2_org3mito.tif:97,2638.000,2619,2674,97
98,ScaleA2_org3mito.tif:98,2569.667,2550,2598,98
99,ScaleA2_org3mito.tif:99,2514.500,2473,2543,99
100,ScaleA2_org3mito.tif:100,2474.500,2444,2510,100
101,ScaleA2_org3mito.tif:101,2432.833,2398,2455,101
102,ScaleA2_org3mito.tif:102,2403.833,2383,2433,102
103,ScaleA2_org3mito.tif:103,2354.667,2313,2388,103
104,ScaleA2_org3mito.tif:104,2340.500,2325,2360,104
105,ScaleA2_org3mito.tif:105,2308.333,2260,2346,105
106,ScaleA2_org3mito.tif:106,2266.500,2237,2284,106
107,ScaleA2_org3mito.tif:107,2258.000,2234,2307,107
108,ScaleA2_org3mito.tif:108,2228.500,2190,2259,108
109,ScaleA2_org3mito.tif:109,2212.333,2189,2230,109
110,ScaleA2_org3mito.tif:110,2187.000,2168,2215,110
111,ScaleA2_org3mito.tif:111,2187.000,2170,2210,111
112,ScaleA2_org3mito.tif:112,2186.333,2160,2194,112
113,ScaleA2_org3mito.tif:113,2164.500,2129,2208,113
114,ScaleA2_org3mito.tif:114,2169.333,2141,2195,114
115,ScaleA2_org3mito.tif:115,2146.333,2129,2176,115
116,ScaleA2_org3mito.tif:116,2135.333,2104,2169,116
117,ScaleA2_org3mito.tif:117,2113.500,2083,2140,117
118,ScaleA2_org3mito.tif:118,2081.833,2040,2105,118
119,ScaleA2_org3mito.tif:119,2068.167,2047,2089,119
120,ScaleA2_org3mito.tif:120,2050.667,2012,2092,120
121,ScaleA2_org3mito.tif:121,2018.333,1988,2039,121
122,ScaleA2_org3mito.tif:122,2018.000,1978,2066,122
123,ScaleA2_org3mito.tif:123,1981.500,1951,2015,123
124,ScaleA2_org3mito.tif:124,1963.833,1942,1995,124
125,ScaleA2_org3mito.tif:125,1980.500,1965,2003,125
126,ScaleA2_org3mito.tif:126,1975.667,1948,2020,126
127,ScaleA2_org3mito.tif:127,1962.667,1945,1995,127
128,ScaleA2_org3mito.tif:128,1970.000,1929,2012,128
129,ScaleA2_org3mito.tif:129,1984.000,1961,2014,129
130,ScaleA2_org3mito.tif:130,1996.333,1967,2017,130
131,ScaleA2_org3mito.tif:131,1995.667,1960,2040,131
132,ScaleA2_org3mito.tif:132,1988.000,1963,2010,132
133,ScaleA2_org3mito.tif:133,2007.167,1975,2055,133
134,ScaleA2_org3mito.tif:134,1986.500,1962,2007,134
135,ScaleA2_org3mito.tif:135,1978.167,1949,2002,135
136,ScaleA2_org3mito.tif:136,1973.333,1937,2006,136
137,ScaleA2_org3mito.tif:137,1945.833,1924,1988,137
138,ScaleA2_org3mito.tif:138,1913.333,1885,1964,138
139,ScaleA2_org3mito.tif:139,1920.000,1896,1954,139
140,ScaleA2_org3mito.tif:140,1886.833,1865,1906,140
141,ScaleA2_org3mito.tif:141,1878.333,1859,1916,141
142,ScaleA2_org3mito.tif:142,1888.667,1864,1920,142
143,ScaleA2_org3mito.tif:143,1910.500,1878,1944,143
144,ScaleA2_org3mito.tif:144,1933.333,1890,1970,144
145,ScaleA2_org3mito.tif:145,1959.833,1938,1984,145
146,ScaleA2_org3mito.tif:146,1990.667,1966,2022,146
147,ScaleA2_org3mito.tif:147,2054.500,2019,2100,147
148,ScaleA2_org3mito.tif:148,2102.667,2084,2125,148
149,ScaleA2_org3mito.tif:149,2154.833,2114,2198,149
150,ScaleA2_org3mito.tif:150,2162.000,2144,2173,150
151,ScaleA2_org3mito.tif:151,2184.333,2161,2203,151
152,ScaleA2_org3mito.tif:152,2204.000,2182,2229,152
153,ScaleA2_org3mito.tif:153,2225.833,2216,2247,153
154,ScaleA2_org3mito.tif:154,2231.667,2219,2241,154
155,ScaleA2_org3mito.tif:155,2214.000,2170,2255,155
156,ScaleA2_org3mito.tif:156,2235.333,2208,2266,156
157,ScaleA2_org3mito.tif:157,2253.000,2216,2287,157
158,ScaleA2_org3mito.tif:158,2281.667,2249,2313,158
159,ScaleA2_org3mito.tif:159,2322.500,2291,2341,159
160,ScaleA2_org3mito.tif:160,2320.167,2305,2351,160
161,ScaleA2_org3mito.tif:161,2323.667,2297,2349,161
162,ScaleA2_org3mito.tif:162,2341.000,2313,2375,162
163,ScaleA2_org3mito.tif:163,2357.167,2335,2372,163
164,ScaleA2_org3mito.tif:164,2398.000,2383,2424,164
165,ScaleA2_org3mito.tif:165,2421.333,2394,2456,165
166,ScaleA2_org3mito.tif:166,2437.500,2421,2464,166
167,ScaleA2_org3mito.tif:167,2480.833,2446,2510,167
168,ScaleA2_org3mito.tif:168,2475.000,2458,2507,168
169,ScaleA2_org3mito.tif:169,2524.167,2495,2569,169
170,ScaleA2_org3mito.tif:170,2561.000,2552,2577,170
171,ScaleA2_org3mito.tif:171,2604.000,2567,2659,171
172,ScaleA2_org3mito.tif:172,2672.000,2634,2707,172
173,ScaleA2_org3mito.tif:173,2681.167,2663,2703,173
174,ScaleA2_org3mito.tif:174,2672.333,2607,2727,174
175,ScaleA2_org3mito.tif:175,2696.500,2641,2753,175
176,ScaleA2_org3mito.tif:176,2693.333,2633,2737,176
177,ScaleA2_org3mito.tif:177,2723.167,2705,2736,177
178,ScaleA2_org3mito.tif:178,2722.667,2686,2759,178
179,ScaleA2_org3mito.tif:179,2726.167,2672,2775,179
180,ScaleA2_org3mito.tif:180,2775.833,2738,2804,180
181,ScaleA2_org3mito.tif:181,2798.000,2780,2840,181
182,ScaleA2_org3mito.tif:182,2769.667,2718,2820,182
183,ScaleA2_org3mito.tif:183,2758.000,2732,2773,183
184,ScaleA2_org3mito.tif:184,2693.500,2654,2731,184
185,ScaleA2_org3mito.tif:185,2719.333,2704,2750,185
186,ScaleA2_org3mito.tif:186,2675.000,2622,2730,186
187,ScaleA2_org3mito.tif:187,2706.833,2644,2756,187
188,ScaleA2_org3mito.tif:188,2725.500,2700,2761,188
189,ScaleA2_org3mito.tif:189,2730.333,2638,2779,189
190,ScaleA2_org3mito.tif:190,2680.167,2641,2701,190
191,ScaleA2_org3mito.tif:191,2683.000,2645,2704,191
192,ScaleA2_org3mito.tif:192,2685.500,2642,2734,192
193,ScaleA2_org3mito.tif:193,2689.500,2634,2733,193
194,ScaleA2_org3mito.tif:194,2688.000,2609,2768,194
195,ScaleA2_org3mito.tif:195,2715.833,2699,2734,195
196,ScaleA2_org3mito.tif:196,2739.167,2689,2781,196
197,ScaleA2_org3mito.tif:197,2775.667,2726,2839,197
198,ScaleA2_org3mito.tif:198,2811.167,2752,2846,198
199,ScaleA2_org3mito.tif:199,2921.167,2869,2965,199
200,ScaleA2_org3mito.tif:200,3060.667,2991,3151,200
201,ScaleA2_org3mito.tif:201,3062.333,3023,3105,201
202,ScaleA2_org3mito.tif:202,2979.833,2912,3049,202
203,ScaleA2_org3mito.tif:203,2872.167,2803,2940,203
204,ScaleA2_org3mito.tif:204,2886.667,2854,2944,204
205,ScaleA2_org3mito.tif:205,3358.500,3296,3404,205
206,ScaleA2_org3mito.tif:206,3776.500,3716,3849,206
207,ScaleA2_org3mito.tif:207,3774.000,3696,3856,207
208,ScaleA2_org3mito.tif:208,3719.000,3636,3821,208
209,ScaleA2_org3mito.tif:209,3460.000,3398,3520,209
210,ScaleA2_org3mito.tif:210,3208.500,3028,3375,210
211,ScaleA2_org3mito.tif:211,2798.833,2656,2981,211
212,ScaleA2_org3mito.tif:212,2252.000,2170,2381,212
213,ScaleA2_org3mito.tif:213,1713.167,1694,1738,213
214,ScaleA2_org3mito.tif:214,1270.000,1246,1304,214
215,ScaleA2_org3mito.tif:215,934.667,922,958,215
216,ScaleA2_org3mito.tif:216,715.500,698,727,216
217,ScaleA2_org3mito.tif:217,575.667,551,601,217
218,ScaleA2_org3mito.tif:218,478.000,454,510,218
219,ScaleA2_org3mito.tif:219,436.667,424,446,219
220,ScaleA2_org3mito.tif:220,451.667,413,497,220
221,ScaleA2_org3mito.tif:221,0.000,0,0,221
222,ScaleA2_org3mito.tif:222,0.000,0,0,222
223,ScaleA2_org3mito.tif:223,0.000,0,0,223
224,ScaleA2_org3mito.tif:224,0.000,0,0,224
225,ScaleA2_org3mito.tif:225,0.000,0,0,225
226,ScaleA2_org3mito.tif:226,0.000,0,0,226
227,ScaleA2_org3mito.tif:227,0.000,0,0,227
228,ScaleA2_org3mito.tif:228,0.000,0,0,228
229,ScaleA2_org3mito.tif:229,0.000,0,0,229
230,ScaleA2_org3mito.tif:230,0.000,0,0,230
231,ScaleA2_org3mito.tif:231,0.000,0,0,231
232,ScaleA2_org3mito.tif:232,0.000,0,0,232
233,ScaleA2_org3mito.tif:233,0.000,0,0,233
234,ScaleA2_org3mito.tif:234,0.000,0,0,234
235,ScaleA2_org3mito.tif:235,0.000,0,0,235
236,ScaleA2_org3mito.tif:236,0.000,0,0,236
