 ,Label,Mean,Min,Max,Slice
1,ClearT2_org3mito.tif:1,0.000,0,0,1
2,ClearT2_org3mito.tif:2,0.000,0,0,2
3,ClearT2_org3mito.tif:3,0.651,0,483,3
4,ClearT2_org3mito.tif:4,852.932,361,3277,4
5,ClearT2_org3mito.tif:5,854.500,354,6054,5
6,ClearT2_org3mito.tif:6,919.542,308,9942,6
7,ClearT2_org3mito.tif:7,1097.248,313,15105,7
8,ClearT2_org3mito.tif:8,1346.735,311,19558,8
9,ClearT2_org3mito.tif:9,1678.181,318,23739,9
10,ClearT2_org3mito.tif:10,2079.896,338,27227,10
11,ClearT2_org3mito.tif:11,2526.746,352,25906,11
12,ClearT2_org3mito.tif:12,2992.916,366,24548,12
13,ClearT2_org3mito.tif:13,3473.693,368,23266,13
14,ClearT2_org3mito.tif:14,3939.456,377,26108,14
15,ClearT2_org3mito.tif:15,4368.154,392,29154,15
16,ClearT2_org3mito.tif:16,4764.354,395,28769,16
17,ClearT2_org3mito.tif:17,5123.892,407,25670,17
18,ClearT2_org3mito.tif:18,5448.855,427,25529,18
19,ClearT2_org3mito.tif:19,5740.414,435,26274,19
20,ClearT2_org3mito.tif:20,6017.520,449,25038,20
21,ClearT2_org3mito.tif:21,6286.638,463,28150,21
22,ClearT2_org3mito.tif:22,6533.495,480,28469,22
23,ClearT2_org3mito.tif:23,6746.051,469,33697,23
24,ClearT2_org3mito.tif:24,6927.584,508,35332,24
25,ClearT2_org3mito.tif:25,7086.500,515,31153,25
26,ClearT2_org3mito.tif:26,7228.292,525,25595,26
27,ClearT2_org3mito.tif:27,7358.690,540,23709,27
28,ClearT2_org3mito.tif:28,7477.529,573,23659,28
29,ClearT2_org3mito.tif:29,7601.634,590,24802,29
30,ClearT2_org3mito.tif:30,7740.354,614,24337,30
31,ClearT2_org3mito.tif:31,6508.432,773,16734,31
32,ClearT2_org3mito.tif:32,6606.553,799,16935,32
33,ClearT2_org3mito.tif:33,6269.300,1079,14595,33
34,ClearT2_org3mito.tif:34,6391.981,1107,14792,34
35,ClearT2_org3mito.tif:35,6501.152,1149,14331,35
36,ClearT2_org3mito.tif:36,6597.774,1192,14100,36
37,ClearT2_org3mito.tif:37,6682.136,1240,14745,37
38,ClearT2_org3mito.tif:38,6757.057,1249,14798,38
39,ClearT2_org3mito.tif:39,6827.589,1313,14360,39
40,ClearT2_org3mito.tif:40,6896.236,1350,14590,40
41,ClearT2_org3mito.tif:41,6952.318,1405,15299,41
42,ClearT2_org3mito.tif:42,6998.437,1446,15245,42
43,ClearT2_org3mito.tif:43,7033.614,1485,14536,43
44,ClearT2_org3mito.tif:44,7056.902,1504,14996,44
45,ClearT2_org3mito.tif:45,7076.165,1547,15177,45
46,ClearT2_org3mito.tif:46,7086.188,1611,15585,46
47,ClearT2_org3mito.tif:47,7096.065,1642,15319,47
48,ClearT2_org3mito.tif:48,7112.277,1686,16494,48
49,ClearT2_org3mito.tif:49,7136.048,1719,17573,49
50,ClearT2_org3mito.tif:50,7168.636,1766,18216,50
51,ClearT2_org3mito.tif:51,7200.517,1784,18267,51
52,ClearT2_org3mito.tif:52,7226.993,1861,17608,52
53,ClearT2_org3mito.tif:53,7252.354,1869,16344,53
54,ClearT2_org3mito.tif:54,7270.983,1932,15710,54
55,ClearT2_org3mito.tif:55,7282.035,1981,15647,55
56,ClearT2_org3mito.tif:56,7287.848,2020,15262,56
57,ClearT2_org3mito.tif:57,7290.389,2133,15261,57
58,ClearT2_org3mito.tif:58,7285.300,2184,14808,58
59,ClearT2_org3mito.tif:59,7279.351,2247,15446,59
60,ClearT2_org3mito.tif:60,7271.197,2335,15974,60
61,ClearT2_org3mito.tif:61,7258.966,2376,15939,61
62,ClearT2_org3mito.tif:62,7245.350,2445,15413,62
63,ClearT2_org3mito.tif:63,7228.471,2511,14763,63
64,ClearT2_org3mito.tif:64,7207.770,2531,14676,64
65,ClearT2_org3mito.tif:65,7182.937,2659,14690,65
66,ClearT2_org3mito.tif:66,7158.437,2745,14837,66
67,ClearT2_org3mito.tif:67,7134.769,2797,15154,67
68,ClearT2_org3mito.tif:68,7110.526,2977,15173,68
69,ClearT2_org3mito.tif:69,7087.223,3030,15208,69
70,ClearT2_org3mito.tif:70,7061.177,3143,15190,70
71,ClearT2_org3mito.tif:71,7035.308,3263,15042,71
72,ClearT2_org3mito.tif:72,7012.193,3332,14913,72
73,ClearT2_org3mito.tif:73,6983.445,3479,14624,73
74,ClearT2_org3mito.tif:74,6954.100,3571,14465,74
75,ClearT2_org3mito.tif:75,6924.910,3744,14235,75
76,ClearT2_org3mito.tif:76,6891.660,3980,13827,76
77,ClearT2_org3mito.tif:77,6861.162,4121,13470,77
78,ClearT2_org3mito.tif:78,6827.353,4374,13146,78
79,ClearT2_org3mito.tif:79,6799.012,4400,13019,79
80,ClearT2_org3mito.tif:80,6773.595,4408,12815,80
81,ClearT2_org3mito.tif:81,6748.036,4360,12818,81
82,ClearT2_org3mito.tif:82,6721.732,4376,12672,82
83,ClearT2_org3mito.tif:83,6696.585,4365,12672,83
84,ClearT2_org3mito.tif:84,6671.474,4316,12636,84
85,ClearT2_org3mito.tif:85,6648.751,4266,12702,85
86,ClearT2_org3mito.tif:86,6625.598,4289,12588,86
87,ClearT2_org3mito.tif:87,6601.827,4264,12472,87
88,ClearT2_org3mito.tif:88,6579.363,4214,12348,88
89,ClearT2_org3mito.tif:89,6556.092,4229,12170,89
90,ClearT2_org3mito.tif:90,6533.572,4218,12099,90
91,ClearT2_org3mito.tif:91,6514.103,4194,11948,91
92,ClearT2_org3mito.tif:92,6494.158,4205,11868,92
93,ClearT2_org3mito.tif:93,6470.176,4177,11854,93
94,ClearT2_org3mito.tif:94,6446.477,4154,11877,94
95,ClearT2_org3mito.tif:95,6425.445,4129,11704,95
96,ClearT2_org3mito.tif:96,6400.808,4103,11652,96
97,ClearT2_org3mito.tif:97,6377.571,4102,11730,97
98,ClearT2_org3mito.tif:98,6352.173,4099,11682,98
99,ClearT2_org3mito.tif:99,6325.460,4043,11785,99
100,ClearT2_org3mito.tif:100,6298.233,4040,11686,100
101,ClearT2_org3mito.tif:101,6276.371,4049,11731,101
102,ClearT2_org3mito.tif:102,6253.225,3985,11716,102
103,ClearT2_org3mito.tif:103,6228.845,3940,11671,103
104,ClearT2_org3mito.tif:104,6206.554,3971,11813,104
105,ClearT2_org3mito.tif:105,6183.863,3959,11886,105
106,ClearT2_org3mito.tif:106,6162.603,3951,11761,106
107,ClearT2_org3mito.tif:107,6138.413,3881,11805,107
108,ClearT2_org3mito.tif:108,6113.881,3897,11817,108
109,ClearT2_org3mito.tif:109,6088.926,3856,11809,109
110,ClearT2_org3mito.tif:110,6062.840,3845,11825,110
111,ClearT2_org3mito.tif:111,6034.542,3855,11757,111
112,ClearT2_org3mito.tif:112,6009.749,3853,11809,112
113,ClearT2_org3mito.tif:113,5983.738,3808,11739,113
114,ClearT2_org3mito.tif:114,5953.550,3845,11627,114
115,ClearT2_org3mito.tif:115,5927.487,3765,11752,115
116,ClearT2_org3mito.tif:116,5901.273,3762,11548,116
117,ClearT2_org3mito.tif:117,5875.014,3789,11496,117
118,ClearT2_org3mito.tif:118,5849.486,3761,11403,118
119,ClearT2_org3mito.tif:119,5823.065,3723,11394,119
120,ClearT2_org3mito.tif:120,5798.369,3744,11277,120
121,ClearT2_org3mito.tif:121,5774.209,3729,11185,121
122,ClearT2_org3mito.tif:122,5745.220,3709,11078,122
123,ClearT2_org3mito.tif:123,5718.287,3725,11027,123
124,ClearT2_org3mito.tif:124,5690.681,3669,11005,124
125,ClearT2_org3mito.tif:125,5664.192,3684,10961,125
126,ClearT2_org3mito.tif:126,5637.953,3667,10968,126
127,ClearT2_org3mito.tif:127,5614.283,3630,10853,127
128,ClearT2_org3mito.tif:128,5591.428,3618,10949,128
129,ClearT2_org3mito.tif:129,5570.115,3611,10780,129
130,ClearT2_org3mito.tif:130,5549.970,3561,10885,130
131,ClearT2_org3mito.tif:131,5527.793,3511,10772,131
132,ClearT2_org3mito.tif:132,5507.398,3543,10819,132
133,ClearT2_org3mito.tif:133,5487.352,3532,10839,133
134,ClearT2_org3mito.tif:134,5466.766,3530,10693,134
135,ClearT2_org3mito.tif:135,5449.266,3523,10702,135
136,ClearT2_org3mito.tif:136,5434.283,3496,10709,136
137,ClearT2_org3mito.tif:137,5418.697,3501,10740,137
138,ClearT2_org3mito.tif:138,5408.855,3457,10758,138
139,ClearT2_org3mito.tif:139,5401.747,3470,10738,139
140,ClearT2_org3mito.tif:140,5394.346,3429,10767,140
141,ClearT2_org3mito.tif:141,5386.281,3450,10720,141
142,ClearT2_org3mito.tif:142,5379.858,3445,10776,142
143,ClearT2_org3mito.tif:143,5373.820,3438,10796,143
144,ClearT2_org3mito.tif:144,5369.344,3431,10802,144
145,ClearT2_org3mito.tif:145,5363.046,3435,10675,145
146,ClearT2_org3mito.tif:146,5357.128,3412,10734,146
147,ClearT2_org3mito.tif:147,5352.377,3380,10757,147
148,ClearT2_org3mito.tif:148,5347.585,3405,10818,148
149,ClearT2_org3mito.tif:149,5342.252,3399,10841,149
150,ClearT2_org3mito.tif:150,5341.345,3423,10700,150
151,ClearT2_org3mito.tif:151,5335.534,3410,10671,151
152,ClearT2_org3mito.tif:152,5329.654,3418,10770,152
153,ClearT2_org3mito.tif:153,5324.563,3432,10571,153
154,ClearT2_org3mito.tif:154,5317.601,3433,10582,154
155,ClearT2_org3mito.tif:155,5310.486,3437,10514,155
156,ClearT2_org3mito.tif:156,5303.867,3433,10475,156
157,ClearT2_org3mito.tif:157,5294.639,3455,10473,157
158,ClearT2_org3mito.tif:158,5289.096,3451,10568,158
159,ClearT2_org3mito.tif:159,5286.896,3469,10544,159
160,ClearT2_org3mito.tif:160,5283.008,3440,10639,160
161,ClearT2_org3mito.tif:161,5283.998,3445,10672,161
162,ClearT2_org3mito.tif:162,5287.976,3460,10731,162
163,ClearT2_org3mito.tif:163,5292.503,3483,10739,163
164,ClearT2_org3mito.tif:164,5299.641,3486,10735,164
165,ClearT2_org3mito.tif:165,5309.935,3497,10775,165
166,ClearT2_org3mito.tif:166,5320.392,3497,10686,166
167,ClearT2_org3mito.tif:167,5333.394,3499,10678,167
168,ClearT2_org3mito.tif:168,5348.364,3506,10647,168
169,ClearT2_org3mito.tif:169,5359.285,3485,10641,169
170,ClearT2_org3mito.tif:170,5373.081,3531,10805,170
171,ClearT2_org3mito.tif:171,5384.918,3524,10758,171
172,ClearT2_org3mito.tif:172,5397.766,3496,10781,172
173,ClearT2_org3mito.tif:173,5415.287,3529,10811,173
174,ClearT2_org3mito.tif:174,5431.531,3506,10763,174
175,ClearT2_org3mito.tif:175,5443.378,3537,10796,175
176,ClearT2_org3mito.tif:176,5455.473,3541,10796,176
177,ClearT2_org3mito.tif:177,5463.799,3526,10760,177
178,ClearT2_org3mito.tif:178,5474.498,3548,10814,178
179,ClearT2_org3mito.tif:179,5484.657,3559,10784,179
180,ClearT2_org3mito.tif:180,5499.736,3559,10951,180
181,ClearT2_org3mito.tif:181,5512.985,3567,10852,181
182,ClearT2_org3mito.tif:182,5531.250,3581,10926,182
183,ClearT2_org3mito.tif:183,5546.369,3576,10954,183
184,ClearT2_org3mito.tif:184,5564.364,3594,10996,184
185,ClearT2_org3mito.tif:185,5583.224,3591,11054,185
186,ClearT2_org3mito.tif:186,5601.099,3581,10966,186
187,ClearT2_org3mito.tif:187,5620.646,3610,10956,187
188,ClearT2_org3mito.tif:188,5641.127,3608,10963,188
189,ClearT2_org3mito.tif:189,5662.395,3650,10879,189
190,ClearT2_org3mito.tif:190,5685.880,3656,10871,190
191,ClearT2_org3mito.tif:191,5708.293,3685,10788,191
192,ClearT2_org3mito.tif:192,5732.707,3702,10789,192
193,ClearT2_org3mito.tif:193,5752.609,3733,10710,193
194,ClearT2_org3mito.tif:194,5773.809,3714,10668,194
195,ClearT2_org3mito.tif:195,5791.667,3739,10670,195
196,ClearT2_org3mito.tif:196,5810.572,3754,10621,196
197,ClearT2_org3mito.tif:197,5828.125,3731,10490,197
198,ClearT2_org3mito.tif:198,5850.990,3755,10569,198
199,ClearT2_org3mito.tif:199,5874.035,3772,11016,199
200,ClearT2_org3mito.tif:200,5900.736,3795,11155,200
201,ClearT2_org3mito.tif:201,5929.131,3802,11053,201
202,ClearT2_org3mito.tif:202,5962.715,3783,11045,202
203,ClearT2_org3mito.tif:203,5995.682,3824,10902,203
204,ClearT2_org3mito.tif:204,6030.475,3878,11258,204
205,ClearT2_org3mito.tif:205,6066.712,3879,11528,205
206,ClearT2_org3mito.tif:206,6100.337,3921,11758,206
207,ClearT2_org3mito.tif:207,6132.029,3938,11721,207
208,ClearT2_org3mito.tif:208,6167.875,3984,11413,208
209,ClearT2_org3mito.tif:209,6201.389,3998,11129,209
210,ClearT2_org3mito.tif:210,6236.775,4024,11549,210
211,ClearT2_org3mito.tif:211,6267.951,4060,11407,211
212,ClearT2_org3mito.tif:212,6293.583,4052,11666,212
213,ClearT2_org3mito.tif:213,6315.614,4048,11867,213
214,ClearT2_org3mito.tif:214,6331.952,4091,11840,214
215,ClearT2_org3mito.tif:215,6345.336,4094,11546,215
216,ClearT2_org3mito.tif:216,6354.650,4132,11948,216
217,ClearT2_org3mito.tif:217,6358.711,4157,11542,217
218,ClearT2_org3mito.tif:218,6355.928,4115,11733,218
219,ClearT2_org3mito.tif:219,6349.519,4082,12127,219
220,ClearT2_org3mito.tif:220,6334.020,4007,12559,220
221,ClearT2_org3mito.tif:221,6315.906,3896,12410,221
222,ClearT2_org3mito.tif:222,6295.930,3966,13437,222
223,ClearT2_org3mito.tif:223,6271.125,3710,14922,223
224,ClearT2_org3mito.tif:224,6236.340,3314,15359,224
225,ClearT2_org3mito.tif:225,6192.935,3071,14637,225
226,ClearT2_org3mito.tif:226,6137.108,2827,13806,226
227,ClearT2_org3mito.tif:227,6067.440,2598,13618,227
228,ClearT2_org3mito.tif:228,6748.808,2410,15286,228
229,ClearT2_org3mito.tif:229,6828.192,2232,19289,229
230,ClearT2_org3mito.tif:230,7936.689,1788,21834,230
231,ClearT2_org3mito.tif:231,7720.675,1634,21738,231
232,ClearT2_org3mito.tif:232,7415.972,1458,21567,232
233,ClearT2_org3mito.tif:233,7024.521,1297,23358,233
234,ClearT2_org3mito.tif:234,6554.980,1169,22566,234
235,ClearT2_org3mito.tif:235,6007.507,991,21948,235
236,ClearT2_org3mito.tif:236,5366.398,834,21681,236
237,ClearT2_org3mito.tif:237,4660.443,711,19623,237
238,ClearT2_org3mito.tif:238,3934.252,657,17305,238
239,ClearT2_org3mito.tif:239,3220.564,585,16218,239
240,ClearT2_org3mito.tif:240,2528.851,554,14734,240
241,ClearT2_org3mito.tif:241,1947.147,507,14156,241
242,ClearT2_org3mito.tif:242,1498.543,491,10988,242
243,ClearT2_org3mito.tif:243,1178.291,455,8182,243
244,ClearT2_org3mito.tif:244,961.581,443,5609,244
245,ClearT2_org3mito.tif:245,834.019,432,3648,245
246,ClearT2_org3mito.tif:246,762.497,408,2302,246
247,ClearT2_org3mito.tif:247,720.041,404,1470,247
248,ClearT2_org3mito.tif:248,689.816,397,1028,248
249,ClearT2_org3mito.tif:249,666.323,378,943,249
250,ClearT2_org3mito.tif:250,749.832,427,1088,250
251,ClearT2_org3mito.tif:251,717.559,0,1086,251
252,ClearT2_org3mito.tif:252,0.000,0,0,252
253,ClearT2_org3mito.tif:253,0.000,0,0,253
254,ClearT2_org3mito.tif:254,0.000,0,0,254
255,ClearT2_org3mito.tif:255,0.000,0,0,255
