 ,Label,Mean,Min,Max,Slice
1,ScaleA2_org2mito.tif:1,0.000,0,0,1
2,ScaleA2_org2mito.tif:2,0.000,0,0,2
3,ScaleA2_org2mito.tif:3,0.000,0,0,3
4,ScaleA2_org2mito.tif:4,26.386,0,612,4
5,ScaleA2_org2mito.tif:5,484.179,320,652,5
6,ScaleA2_org2mito.tif:6,491.481,315,656,6
7,ScaleA2_org2mito.tif:7,412.653,293,515,7
8,ScaleA2_org2mito.tif:8,418.934,295,537,8
9,ScaleA2_org2mito.tif:9,425.850,297,564,9
10,ScaleA2_org2mito.tif:10,433.292,298,581,10
11,ScaleA2_org2mito.tif:11,441.929,298,628,11
12,ScaleA2_org2mito.tif:12,451.451,299,669,12
13,ScaleA2_org2mito.tif:13,462.884,303,767,13
14,ScaleA2_org2mito.tif:14,477.083,303,988,14
15,ScaleA2_org2mito.tif:15,496.252,310,1436,15
16,ScaleA2_org2mito.tif:16,524.221,309,2086,16
17,ScaleA2_org2mito.tif:17,565.190,307,2796,17
18,ScaleA2_org2mito.tif:18,624.068,317,3767,18
19,ScaleA2_org2mito.tif:19,704.049,323,5024,19
20,ScaleA2_org2mito.tif:20,805.343,322,6939,20
21,ScaleA2_org2mito.tif:21,925.226,325,9172,21
22,ScaleA2_org2mito.tif:22,1062.597,325,11379,22
23,ScaleA2_org2mito.tif:23,1218.234,336,13348,23
24,ScaleA2_org2mito.tif:24,1398.955,336,14922,24
25,ScaleA2_org2mito.tif:25,1603.705,343,15744,25
26,ScaleA2_org2mito.tif:26,1821.663,344,24025,26
27,ScaleA2_org2mito.tif:27,2045.657,353,34610,27
28,ScaleA2_org2mito.tif:28,2267.381,343,35931,28
29,ScaleA2_org2mito.tif:29,2100.404,380,22310,29
30,ScaleA2_org2mito.tif:30,2273.781,378,12164,30
31,ScaleA2_org2mito.tif:31,2437.986,400,9527,31
32,ScaleA2_org2mito.tif:32,2249.923,413,8279,32
33,ScaleA2_org2mito.tif:33,2407.411,418,9117,33
34,ScaleA2_org2mito.tif:34,2559.470,431,9467,34
35,ScaleA2_org2mito.tif:35,2701.666,450,8910,35
36,ScaleA2_org2mito.tif:36,2829.045,460,8892,36
37,ScaleA2_org2mito.tif:37,2941.531,478,8725,37
38,ScaleA2_org2mito.tif:38,3038.697,492,10082,38
39,ScaleA2_org2mito.tif:39,3122.878,507,10265,39
40,ScaleA2_org2mito.tif:40,3196.934,516,10473,40
41,ScaleA2_org2mito.tif:41,3266.249,531,12782,41
42,ScaleA2_org2mito.tif:42,3329.572,542,13602,42
43,ScaleA2_org2mito.tif:43,3387.828,553,12533,43
44,ScaleA2_org2mito.tif:44,3441.303,557,9706,44
45,ScaleA2_org2mito.tif:45,3496.344,586,8791,45
46,ScaleA2_org2mito.tif:46,3552.506,607,8279,46
47,ScaleA2_org2mito.tif:47,3610.669,614,8897,47
48,ScaleA2_org2mito.tif:48,3672.721,634,9089,48
49,ScaleA2_org2mito.tif:49,3742.906,646,8185,49
50,ScaleA2_org2mito.tif:50,3823.521,679,8032,50
51,ScaleA2_org2mito.tif:51,3916.933,696,8252,51
52,ScaleA2_org2mito.tif:52,4024.774,727,8258,52
53,ScaleA2_org2mito.tif:53,4140.398,746,8387,53
54,ScaleA2_org2mito.tif:54,4255.638,779,9223,54
55,ScaleA2_org2mito.tif:55,4358.075,796,9505,55
56,ScaleA2_org2mito.tif:56,4431.818,836,9797,56
57,ScaleA2_org2mito.tif:57,4472.719,880,10032,57
58,ScaleA2_org2mito.tif:58,4480.274,909,10538,58
59,ScaleA2_org2mito.tif:59,4465.530,945,10974,59
60,ScaleA2_org2mito.tif:60,4442.137,964,10743,60
61,ScaleA2_org2mito.tif:61,4413.377,980,12083,61
62,ScaleA2_org2mito.tif:62,4378.775,1010,13120,62
63,ScaleA2_org2mito.tif:63,4343.077,1057,11993,63
64,ScaleA2_org2mito.tif:64,4312.866,1085,9784,64
65,ScaleA2_org2mito.tif:65,4292.754,1134,9401,65
66,ScaleA2_org2mito.tif:66,4285.104,1176,9737,66
67,ScaleA2_org2mito.tif:67,4287.591,1232,11248,67
68,ScaleA2_org2mito.tif:68,4299.266,1286,12160,68
69,ScaleA2_org2mito.tif:69,4324.258,1347,11109,69
70,ScaleA2_org2mito.tif:70,4353.384,1433,11281,70
71,ScaleA2_org2mito.tif:71,4380.260,1517,11656,71
72,ScaleA2_org2mito.tif:72,4399.334,1603,12541,72
73,ScaleA2_org2mito.tif:73,4410.389,1674,10934,73
74,ScaleA2_org2mito.tif:74,4414.273,1754,11914,74
75,ScaleA2_org2mito.tif:75,4414.720,1822,13075,75
76,ScaleA2_org2mito.tif:76,4409.774,1871,12820,76
77,ScaleA2_org2mito.tif:77,4398.243,1887,10800,77
78,ScaleA2_org2mito.tif:78,4374.136,1901,9761,78
79,ScaleA2_org2mito.tif:79,4337.028,1890,9380,79
80,ScaleA2_org2mito.tif:80,4293.284,1941,9214,80
81,ScaleA2_org2mito.tif:81,4246.453,1949,8811,81
82,ScaleA2_org2mito.tif:82,4193.360,2042,8523,82
83,ScaleA2_org2mito.tif:83,4137.006,2131,8437,83
84,ScaleA2_org2mito.tif:84,4084.771,2268,8213,84
85,ScaleA2_org2mito.tif:85,4035.781,2262,8109,85
86,ScaleA2_org2mito.tif:86,3987.896,2262,7974,86
87,ScaleA2_org2mito.tif:87,3942.227,2239,7852,87
88,ScaleA2_org2mito.tif:88,3896.032,2250,7847,88
89,ScaleA2_org2mito.tif:89,3857.656,2227,7827,89
90,ScaleA2_org2mito.tif:90,3826.282,2211,7853,90
91,ScaleA2_org2mito.tif:91,3796.653,2204,7913,91
92,ScaleA2_org2mito.tif:92,3771.016,2142,8172,92
93,ScaleA2_org2mito.tif:93,3752.612,2175,8200,93
94,ScaleA2_org2mito.tif:94,3739.914,2164,8406,94
95,ScaleA2_org2mito.tif:95,3735.419,2135,8405,95
96,ScaleA2_org2mito.tif:96,3737.044,2117,8512,96
97,ScaleA2_org2mito.tif:97,3744.215,2105,8537,97
98,ScaleA2_org2mito.tif:98,3752.444,2082,8513,98
99,ScaleA2_org2mito.tif:99,3756.958,2058,8513,99
100,ScaleA2_org2mito.tif:100,3756.628,2040,8544,100
101,ScaleA2_org2mito.tif:101,3755.313,2024,8536,101
102,ScaleA2_org2mito.tif:102,3751.889,1969,8526,102
103,ScaleA2_org2mito.tif:103,3743.875,1964,8563,103
104,ScaleA2_org2mito.tif:104,3732.712,1946,8390,104
105,ScaleA2_org2mito.tif:105,3720.664,1946,8328,105
106,ScaleA2_org2mito.tif:106,3711.080,1932,8285,106
107,ScaleA2_org2mito.tif:107,3702.715,1923,8326,107
108,ScaleA2_org2mito.tif:108,3691.914,1901,8343,108
109,ScaleA2_org2mito.tif:109,3675.414,1893,8358,109
110,ScaleA2_org2mito.tif:110,3658.812,1863,8334,110
111,ScaleA2_org2mito.tif:111,3642.310,1857,8367,111
112,ScaleA2_org2mito.tif:112,3628.566,1823,8549,112
113,ScaleA2_org2mito.tif:113,3621.827,1799,8775,113
114,ScaleA2_org2mito.tif:114,3625.299,1768,9041,114
115,ScaleA2_org2mito.tif:115,3639.676,1744,9342,115
116,ScaleA2_org2mito.tif:116,3660.329,1729,9629,116
117,ScaleA2_org2mito.tif:117,3682.899,1717,9963,117
118,ScaleA2_org2mito.tif:118,3703.879,1682,10115,118
119,ScaleA2_org2mito.tif:119,3724.585,1695,10248,119
120,ScaleA2_org2mito.tif:120,3744.630,1692,10313,120
121,ScaleA2_org2mito.tif:121,3763.919,1674,10247,121
122,ScaleA2_org2mito.tif:122,3778.907,1689,10328,122
123,ScaleA2_org2mito.tif:123,3791.457,1671,10438,123
124,ScaleA2_org2mito.tif:124,3800.929,1690,10523,124
125,ScaleA2_org2mito.tif:125,3808.444,1684,10778,125
126,ScaleA2_org2mito.tif:126,3814.613,1690,11074,126
127,ScaleA2_org2mito.tif:127,3820.798,1695,11200,127
128,ScaleA2_org2mito.tif:128,3828.947,1706,11427,128
129,ScaleA2_org2mito.tif:129,3836.823,1711,11482,129
130,ScaleA2_org2mito.tif:130,3846.331,1739,11320,130
131,ScaleA2_org2mito.tif:131,3854.081,1755,11238,131
132,ScaleA2_org2mito.tif:132,3859.913,1764,11163,132
133,ScaleA2_org2mito.tif:133,3865.873,1760,11221,133
134,ScaleA2_org2mito.tif:134,3871.997,1769,11276,134
135,ScaleA2_org2mito.tif:135,3876.870,1794,11191,135
136,ScaleA2_org2mito.tif:136,3881.614,1792,11056,136
137,ScaleA2_org2mito.tif:137,3885.229,1790,10976,137
138,ScaleA2_org2mito.tif:138,3888.531,1798,10978,138
139,ScaleA2_org2mito.tif:139,3893.647,1804,10881,139
140,ScaleA2_org2mito.tif:140,3898.464,1802,10814,140
141,ScaleA2_org2mito.tif:141,3903.357,1807,10669,141
142,ScaleA2_org2mito.tif:142,3910.189,1788,10581,142
143,ScaleA2_org2mito.tif:143,3915.670,1806,10427,143
144,ScaleA2_org2mito.tif:144,3922.154,1802,10343,144
145,ScaleA2_org2mito.tif:145,3929.403,1807,10225,145
146,ScaleA2_org2mito.tif:146,3936.247,1777,10179,146
147,ScaleA2_org2mito.tif:147,3943.156,1779,10124,147
148,ScaleA2_org2mito.tif:148,3950.236,1802,10041,148
149,ScaleA2_org2mito.tif:149,3957.138,1793,10069,149
150,ScaleA2_org2mito.tif:150,3962.981,1796,10037,150
151,ScaleA2_org2mito.tif:151,3967.896,1801,10078,151
152,ScaleA2_org2mito.tif:152,3971.891,1796,9998,152
153,ScaleA2_org2mito.tif:153,3976.053,1801,10054,153
154,ScaleA2_org2mito.tif:154,3979.071,1800,10172,154
155,ScaleA2_org2mito.tif:155,3979.170,1807,10261,155
156,ScaleA2_org2mito.tif:156,3978.667,1804,10321,156
157,ScaleA2_org2mito.tif:157,3976.115,1796,10266,157
158,ScaleA2_org2mito.tif:158,3972.934,1807,10337,158
159,ScaleA2_org2mito.tif:159,3968.168,1807,10457,159
160,ScaleA2_org2mito.tif:160,3963.707,1814,10593,160
161,ScaleA2_org2mito.tif:161,3960.245,1808,10735,161
162,ScaleA2_org2mito.tif:162,3958.422,1801,10730,162
163,ScaleA2_org2mito.tif:163,3958.389,1819,10867,163
164,ScaleA2_org2mito.tif:164,3958.827,1814,10909,164
165,ScaleA2_org2mito.tif:165,3960.117,1821,10955,165
166,ScaleA2_org2mito.tif:166,3961.939,1828,11102,166
167,ScaleA2_org2mito.tif:167,3964.009,1804,11146,167
168,ScaleA2_org2mito.tif:168,3966.468,1821,11137,168
169,ScaleA2_org2mito.tif:169,3970.924,1831,11075,169
170,ScaleA2_org2mito.tif:170,3976.946,1830,11008,170
171,ScaleA2_org2mito.tif:171,3984.734,1832,10994,171
172,ScaleA2_org2mito.tif:172,3993.682,1840,11018,172
173,ScaleA2_org2mito.tif:173,4002.069,1846,11133,173
174,ScaleA2_org2mito.tif:174,4010.020,1841,11041,174
175,ScaleA2_org2mito.tif:175,4014.876,1847,11008,175
176,ScaleA2_org2mito.tif:176,4015.765,1833,11002,176
177,ScaleA2_org2mito.tif:177,4013.125,1826,10920,177
178,ScaleA2_org2mito.tif:178,4006.270,1838,10945,178
179,ScaleA2_org2mito.tif:179,3996.805,1825,10865,179
180,ScaleA2_org2mito.tif:180,3987.003,1822,10833,180
181,ScaleA2_org2mito.tif:181,3974.138,1816,10842,181
182,ScaleA2_org2mito.tif:182,3958.458,1830,10735,182
183,ScaleA2_org2mito.tif:183,3941.641,1835,10609,183
184,ScaleA2_org2mito.tif:184,3927.638,1835,10459,184
185,ScaleA2_org2mito.tif:185,3917.364,1836,10380,185
186,ScaleA2_org2mito.tif:186,3911.693,1824,10368,186
187,ScaleA2_org2mito.tif:187,3909.834,1847,10267,187
188,ScaleA2_org2mito.tif:188,3915.216,1843,10214,188
189,ScaleA2_org2mito.tif:189,3927.355,1833,10247,189
190,ScaleA2_org2mito.tif:190,3943.942,1832,10413,190
191,ScaleA2_org2mito.tif:191,3964.553,1847,10509,191
192,ScaleA2_org2mito.tif:192,3986.300,1837,10665,192
193,ScaleA2_org2mito.tif:193,4004.769,1832,10769,193
194,ScaleA2_org2mito.tif:194,4021.446,1848,11079,194
195,ScaleA2_org2mito.tif:195,4032.151,1828,11294,195
196,ScaleA2_org2mito.tif:196,4034.327,1846,11548,196
197,ScaleA2_org2mito.tif:197,4027.039,1833,11462,197
198,ScaleA2_org2mito.tif:198,4010.190,1848,11396,198
199,ScaleA2_org2mito.tif:199,3983.543,1849,11337,199
200,ScaleA2_org2mito.tif:200,3955.086,1847,11004,200
201,ScaleA2_org2mito.tif:201,3924.134,1846,10709,201
202,ScaleA2_org2mito.tif:202,3897.068,1838,10475,202
203,ScaleA2_org2mito.tif:203,3875.896,1852,10215,203
204,ScaleA2_org2mito.tif:204,3858.259,1865,9831,204
205,ScaleA2_org2mito.tif:205,3845.982,1860,9558,205
206,ScaleA2_org2mito.tif:206,3840.124,1872,9282,206
207,ScaleA2_org2mito.tif:207,3841.211,1860,9121,207
208,ScaleA2_org2mito.tif:208,3847.608,1857,8914,208
209,ScaleA2_org2mito.tif:209,3856.326,1846,8965,209
210,ScaleA2_org2mito.tif:210,3865.258,1847,9082,210
211,ScaleA2_org2mito.tif:211,3872.339,1838,9319,211
212,ScaleA2_org2mito.tif:212,3873.696,1808,9254,212
213,ScaleA2_org2mito.tif:213,3868.621,1821,9044,213
214,ScaleA2_org2mito.tif:214,3861.353,1728,8760,214
215,ScaleA2_org2mito.tif:215,3854.014,1680,8498,215
216,ScaleA2_org2mito.tif:216,3845.945,1590,8402,216
217,ScaleA2_org2mito.tif:217,3834.991,1495,8301,217
218,ScaleA2_org2mito.tif:218,3824.082,1413,8364,218
219,ScaleA2_org2mito.tif:219,3815.776,1297,8562,219
220,ScaleA2_org2mito.tif:220,3808.050,1229,8779,220
221,ScaleA2_org2mito.tif:221,3797.676,1166,8980,221
222,ScaleA2_org2mito.tif:222,3784.589,1094,9295,222
223,ScaleA2_org2mito.tif:223,3767.926,1059,9495,223
224,ScaleA2_org2mito.tif:224,3746.917,997,9825,224
225,ScaleA2_org2mito.tif:225,3722.718,943,9953,225
226,ScaleA2_org2mito.tif:226,3694.635,890,10180,226
227,ScaleA2_org2mito.tif:227,3663.628,834,10444,227
228,ScaleA2_org2mito.tif:228,3629.128,797,10899,228
229,ScaleA2_org2mito.tif:229,3588.139,741,11369,229
230,ScaleA2_org2mito.tif:230,3538.292,707,11590,230
231,ScaleA2_org2mito.tif:231,3476.396,673,10961,231
232,ScaleA2_org2mito.tif:232,3404.525,636,10380,232
233,ScaleA2_org2mito.tif:233,3409.866,609,10412,233
234,ScaleA2_org2mito.tif:234,3615.766,525,12835,234
235,ScaleA2_org2mito.tif:235,3520.033,506,12468,235
236,ScaleA2_org2mito.tif:236,3471.448,427,15633,236
237,ScaleA2_org2mito.tif:237,3807.215,411,15826,237
238,ScaleA2_org2mito.tif:238,3671.283,400,17763,238
239,ScaleA2_org2mito.tif:239,3509.580,381,20479,239
240,ScaleA2_org2mito.tif:240,3318.797,375,24172,240
241,ScaleA2_org2mito.tif:241,3097.175,366,29969,241
242,ScaleA2_org2mito.tif:242,2842.775,353,32072,242
243,ScaleA2_org2mito.tif:243,2581.848,351,30738,243
244,ScaleA2_org2mito.tif:244,2327.539,342,26389,244
245,ScaleA2_org2mito.tif:245,2076.653,321,21231,245
246,ScaleA2_org2mito.tif:246,1831.810,325,16706,246
247,ScaleA2_org2mito.tif:247,1599.675,321,11844,247
248,ScaleA2_org2mito.tif:248,1386.493,303,10081,248
249,ScaleA2_org2mito.tif:249,1195.568,300,9221,249
250,ScaleA2_org2mito.tif:250,1028.832,297,7918,250
251,ScaleA2_org2mito.tif:251,892.017,295,6420,251
252,ScaleA2_org2mito.tif:252,784.866,290,5031,252
253,ScaleA2_org2mito.tif:253,696.654,285,4219,253
254,ScaleA2_org2mito.tif:254,624.660,282,3870,254
255,ScaleA2_org2mito.tif:255,568.883,265,3670,255
256,ScaleA2_org2mito.tif:256,529.385,279,3438,256
257,ScaleA2_org2mito.tif:257,502.071,272,3275,257
258,ScaleA2_org2mito.tif:258,482.353,268,2903,258
259,ScaleA2_org2mito.tif:259,467.638,267,2522,259
260,ScaleA2_org2mito.tif:260,455.478,267,2053,260
261,ScaleA2_org2mito.tif:261,445.502,266,1577,261
262,ScaleA2_org2mito.tif:262,437.042,266,1222,262
263,ScaleA2_org2mito.tif:263,429.828,264,870,263
264,ScaleA2_org2mito.tif:264,423.417,254,690,264
265,ScaleA2_org2mito.tif:265,483.805,273,845,265
266,ScaleA2_org2mito.tif:266,476.813,272,817,266
267,ScaleA2_org2mito.tif:267,102.957,0,677,267
268,ScaleA2_org2mito.tif:268,0.000,0,0,268
269,ScaleA2_org2mito.tif:269,0.000,0,0,269
