 ,Label,Mean,Min,Max,Slice
1,ClearT2_org2_angle0.tif:1,0.000,0,0,1
2,ClearT2_org2_angle0.tif:2,0.000,0,0,2
3,ClearT2_org2_angle0.tif:3,0.000,0,0,3
4,ClearT2_org2_angle0.tif:4,0.000,0,0,4
5,ClearT2_org2_angle0.tif:5,0.000,0,0,5
6,ClearT2_org2_angle0.tif:6,0.000,0,0,6
7,ClearT2_org2_angle0.tif:7,0.000,0,0,7
8,ClearT2_org2_angle0.tif:8,0.000,0,0,8
9,ClearT2_org2_angle0.tif:9,0.000,0,0,9
10,ClearT2_org2_angle0.tif:10,0.000,0,0,10
11,ClearT2_org2_angle0.tif:11,0.000,0,0,11
12,ClearT2_org2_angle0.tif:12,0.000,0,0,12
13,ClearT2_org2_angle0.tif:13,0.000,0,0,13
14,ClearT2_org2_angle0.tif:14,0.000,0,0,14
15,ClearT2_org2_angle0.tif:15,0.000,0,0,15
16,ClearT2_org2_angle0.tif:16,0.000,0,0,16
17,ClearT2_org2_angle0.tif:17,0.000,0,0,17
18,ClearT2_org2_angle0.tif:18,0.000,0,0,18
19,ClearT2_org2_angle0.tif:19,0.000,0,0,19
20,ClearT2_org2_angle0.tif:20,0.000,0,0,20
21,ClearT2_org2_angle0.tif:21,0.000,0,0,21
22,ClearT2_org2_angle0.tif:22,0.000,0,0,22
23,ClearT2_org2_angle0.tif:23,856.278,295,2903,23
24,ClearT2_org2_angle0.tif:24,888.931,322,3036,24
25,ClearT2_org2_angle0.tif:25,924.410,323,3124,25
26,ClearT2_org2_angle0.tif:26,963.441,329,3259,26
27,ClearT2_org2_angle0.tif:27,1005.864,341,3353,27
28,ClearT2_org2_angle0.tif:28,1053.466,348,3430,28
29,ClearT2_org2_angle0.tif:29,1109.632,359,3587,29
30,ClearT2_org2_angle0.tif:30,1175.873,362,3609,30
31,ClearT2_org2_angle0.tif:31,1249.960,373,3776,31
32,ClearT2_org2_angle0.tif:32,1327.197,369,3846,32
33,ClearT2_org2_angle0.tif:33,1403.776,388,3996,33
34,ClearT2_org2_angle0.tif:34,1473.979,403,4086,34
35,ClearT2_org2_angle0.tif:35,1535.851,404,4102,35
36,ClearT2_org2_angle0.tif:36,1589.784,417,4186,36
37,ClearT2_org2_angle0.tif:37,1640.803,400,4263,37
38,ClearT2_org2_angle0.tif:38,1692.889,421,4297,38
39,ClearT2_org2_angle0.tif:39,1748.188,437,4359,39
40,ClearT2_org2_angle0.tif:40,1803.696,444,4460,40
41,ClearT2_org2_angle0.tif:41,1857.985,456,4534,41
42,ClearT2_org2_angle0.tif:42,1911.392,479,4550,42
43,ClearT2_org2_angle0.tif:43,1965.608,484,4605,43
44,ClearT2_org2_angle0.tif:44,2022.277,473,4637,44
45,ClearT2_org2_angle0.tif:45,2079.301,494,4694,45
46,ClearT2_org2_angle0.tif:46,2136.051,515,4708,46
47,ClearT2_org2_angle0.tif:47,2193.415,527,4647,47
48,ClearT2_org2_angle0.tif:48,2247.433,534,4654,48
49,ClearT2_org2_angle0.tif:49,2292.211,548,4672,49
50,ClearT2_org2_angle0.tif:50,2326.052,554,4687,50
51,ClearT2_org2_angle0.tif:51,2350.331,561,4634,51
52,ClearT2_org2_angle0.tif:52,2366.878,553,4644,52
53,ClearT2_org2_angle0.tif:53,2380.020,581,4572,53
54,ClearT2_org2_angle0.tif:54,2396.501,582,4567,54
55,ClearT2_org2_angle0.tif:55,2420.932,589,4534,55
56,ClearT2_org2_angle0.tif:56,2453.485,591,4522,56
57,ClearT2_org2_angle0.tif:57,2490.960,608,4542,57
58,ClearT2_org2_angle0.tif:58,2531.119,633,4568,58
59,ClearT2_org2_angle0.tif:59,2568.503,620,4613,59
60,ClearT2_org2_angle0.tif:60,2602.514,642,4660,60
61,ClearT2_org2_angle0.tif:61,2633.333,657,4679,61
62,ClearT2_org2_angle0.tif:62,2659.752,663,4708,62
63,ClearT2_org2_angle0.tif:63,2682.512,680,4688,63
64,ClearT2_org2_angle0.tif:64,2706.941,686,4714,64
65,ClearT2_org2_angle0.tif:65,2735.635,695,4702,65
66,ClearT2_org2_angle0.tif:66,2767.581,704,4664,66
67,ClearT2_org2_angle0.tif:67,2801.957,719,4606,67
68,ClearT2_org2_angle0.tif:68,2836.618,730,4606,68
69,ClearT2_org2_angle0.tif:69,2871.852,762,4578,69
70,ClearT2_org2_angle0.tif:70,2910.765,786,4599,70
71,ClearT2_org2_angle0.tif:71,2950.168,817,4598,71
72,ClearT2_org2_angle0.tif:72,2987.199,833,4566,72
73,ClearT2_org2_angle0.tif:73,3021.517,834,4530,73
74,ClearT2_org2_angle0.tif:74,3055.184,867,4550,74
75,ClearT2_org2_angle0.tif:75,3090.318,895,4588,75
76,ClearT2_org2_angle0.tif:76,3125.853,902,4657,76
77,ClearT2_org2_angle0.tif:77,3160.732,936,4649,77
78,ClearT2_org2_angle0.tif:78,3197.507,959,4664,78
79,ClearT2_org2_angle0.tif:79,3234.946,1011,4617,79
80,ClearT2_org2_angle0.tif:80,3268.436,1016,4672,80
81,ClearT2_org2_angle0.tif:81,3304.121,1038,4689,81
82,ClearT2_org2_angle0.tif:82,3338.742,1107,4962,82
83,ClearT2_org2_angle0.tif:83,3365.688,1136,4939,83
84,ClearT2_org2_angle0.tif:84,3389.026,1213,4796,84
85,ClearT2_org2_angle0.tif:85,3407.863,1265,4809,85
86,ClearT2_org2_angle0.tif:86,3422.545,1294,4875,86
87,ClearT2_org2_angle0.tif:87,3436.185,1374,4891,87
88,ClearT2_org2_angle0.tif:88,3447.296,1428,4946,88
89,ClearT2_org2_angle0.tif:89,3456.055,1421,4969,89
90,ClearT2_org2_angle0.tif:90,3462.698,1495,4985,90
91,ClearT2_org2_angle0.tif:91,3465.585,1609,5075,91
92,ClearT2_org2_angle0.tif:92,3469.832,1671,5087,92
93,ClearT2_org2_angle0.tif:93,3478.926,1695,5103,93
94,ClearT2_org2_angle0.tif:94,3491.925,1827,5208,94
95,ClearT2_org2_angle0.tif:95,3509.603,1909,5159,95
96,ClearT2_org2_angle0.tif:96,3531.141,2069,5190,96
97,ClearT2_org2_angle0.tif:97,3553.179,2102,5170,97
98,ClearT2_org2_angle0.tif:98,3574.099,2276,5213,98
99,ClearT2_org2_angle0.tif:99,3592.790,2312,5243,99
100,ClearT2_org2_angle0.tif:100,3609.477,2304,5251,100
101,ClearT2_org2_angle0.tif:101,3624.834,2309,5293,101
102,ClearT2_org2_angle0.tif:102,3643.811,2301,5323,102
103,ClearT2_org2_angle0.tif:103,3666.004,2257,5309,103
104,ClearT2_org2_angle0.tif:104,3690.294,2271,5334,104
105,ClearT2_org2_angle0.tif:105,3718.759,2273,5351,105
106,ClearT2_org2_angle0.tif:106,3748.159,2286,5252,106
107,ClearT2_org2_angle0.tif:107,3780.191,2334,5329,107
108,ClearT2_org2_angle0.tif:108,3810.781,2331,5347,108
109,ClearT2_org2_angle0.tif:109,3837.142,2354,5330,109
110,ClearT2_org2_angle0.tif:110,3858.825,2334,5325,110
111,ClearT2_org2_angle0.tif:111,3872.819,2390,5321,111
112,ClearT2_org2_angle0.tif:112,3882.279,2404,5310,112
113,ClearT2_org2_angle0.tif:113,3889.966,2422,5295,113
114,ClearT2_org2_angle0.tif:114,3894.611,2462,5263,114
115,ClearT2_org2_angle0.tif:115,3896.057,2494,5299,115
116,ClearT2_org2_angle0.tif:116,3901.433,2509,5308,116
117,ClearT2_org2_angle0.tif:117,3908.445,2517,5284,117
118,ClearT2_org2_angle0.tif:118,3918.565,2600,5320,118
119,ClearT2_org2_angle0.tif:119,3930.043,2643,5321,119
120,ClearT2_org2_angle0.tif:120,3942.692,2625,5387,120
121,ClearT2_org2_angle0.tif:121,3957.354,2673,5369,121
122,ClearT2_org2_angle0.tif:122,3976.105,2704,5307,122
123,ClearT2_org2_angle0.tif:123,3997.974,2753,5372,123
124,ClearT2_org2_angle0.tif:124,4023.919,2739,5408,124
125,ClearT2_org2_angle0.tif:125,4055.650,2796,5434,125
126,ClearT2_org2_angle0.tif:126,4090.026,2762,5435,126
127,ClearT2_org2_angle0.tif:127,4124.633,2754,5467,127
128,ClearT2_org2_angle0.tif:128,4160.266,2776,5502,128
129,ClearT2_org2_angle0.tif:129,4193.531,2776,5562,129
130,ClearT2_org2_angle0.tif:130,4224.833,2711,5520,130
131,ClearT2_org2_angle0.tif:131,4252.913,2752,5565,131
132,ClearT2_org2_angle0.tif:132,4276.187,2754,5676,132
133,ClearT2_org2_angle0.tif:133,4295.896,2785,5652,133
134,ClearT2_org2_angle0.tif:134,4314.647,2842,5532,134
135,ClearT2_org2_angle0.tif:135,4332.626,2879,5524,135
136,ClearT2_org2_angle0.tif:136,4348.871,2961,5561,136
137,ClearT2_org2_angle0.tif:137,4362.609,2961,5511,137
138,ClearT2_org2_angle0.tif:138,4370.620,2969,5485,138
139,ClearT2_org2_angle0.tif:139,4376.954,2872,5481,139
140,ClearT2_org2_angle0.tif:140,4378.370,2831,5486,140
141,ClearT2_org2_angle0.tif:141,4375.317,2905,5434,141
142,ClearT2_org2_angle0.tif:142,4374.131,2848,5407,142
143,ClearT2_org2_angle0.tif:143,4371.296,2782,5425,143
144,ClearT2_org2_angle0.tif:144,4368.052,2719,5441,144
145,ClearT2_org2_angle0.tif:145,4363.731,2644,5535,145
146,ClearT2_org2_angle0.tif:146,4356.245,2605,5595,146
147,ClearT2_org2_angle0.tif:147,4348.368,2534,5590,147
148,ClearT2_org2_angle0.tif:148,4343.672,2463,5647,148
149,ClearT2_org2_angle0.tif:149,4338.590,2398,5608,149
150,ClearT2_org2_angle0.tif:150,4332.579,2401,5651,150
151,ClearT2_org2_angle0.tif:151,4328.816,2282,5649,151
152,ClearT2_org2_angle0.tif:152,4326.339,2309,5681,152
153,ClearT2_org2_angle0.tif:153,4322.110,2321,5689,153
154,ClearT2_org2_angle0.tif:154,4321.438,2294,5692,154
155,ClearT2_org2_angle0.tif:155,4326.711,2300,5725,155
156,ClearT2_org2_angle0.tif:156,4338.039,2299,5703,156
157,ClearT2_org2_angle0.tif:157,4355.824,2382,5720,157
158,ClearT2_org2_angle0.tif:158,4375.868,2413,6012,158
159,ClearT2_org2_angle0.tif:159,4400.361,2457,6372,159
160,ClearT2_org2_angle0.tif:160,4428.460,2485,6359,160
161,ClearT2_org2_angle0.tif:161,4458.920,2530,6153,161
162,ClearT2_org2_angle0.tif:162,4489.899,2583,5926,162
163,ClearT2_org2_angle0.tif:163,4517.646,2637,5930,163
164,ClearT2_org2_angle0.tif:164,4539.519,2738,5968,164
165,ClearT2_org2_angle0.tif:165,4553.491,2840,6015,165
166,ClearT2_org2_angle0.tif:166,4562.179,2805,6068,166
167,ClearT2_org2_angle0.tif:167,4567.219,2735,5997,167
168,ClearT2_org2_angle0.tif:168,4568.676,2715,6052,168
169,ClearT2_org2_angle0.tif:169,4563.555,2726,6201,169
170,ClearT2_org2_angle0.tif:170,4555.001,2728,6387,170
171,ClearT2_org2_angle0.tif:171,4547.917,2773,6431,171
172,ClearT2_org2_angle0.tif:172,4538.206,2783,6277,172
173,ClearT2_org2_angle0.tif:173,4526.216,2766,6272,173
174,ClearT2_org2_angle0.tif:174,4519.460,2649,6692,174
175,ClearT2_org2_angle0.tif:175,4514.561,2600,7053,175
176,ClearT2_org2_angle0.tif:176,4510.656,2578,7042,176
177,ClearT2_org2_angle0.tif:177,4505.019,2552,6660,177
178,ClearT2_org2_angle0.tif:178,4492.218,2545,6145,178
179,ClearT2_org2_angle0.tif:179,4477.780,2525,6250,179
180,ClearT2_org2_angle0.tif:180,4464.241,2529,6196,180
181,ClearT2_org2_angle0.tif:181,4450.211,2523,6080,181
182,ClearT2_org2_angle0.tif:182,4434.389,2542,6233,182
183,ClearT2_org2_angle0.tif:183,4416.258,2575,6623,183
184,ClearT2_org2_angle0.tif:184,4401.026,2554,6914,184
185,ClearT2_org2_angle0.tif:185,4387.103,2488,7351,185
186,ClearT2_org2_angle0.tif:186,4373.985,2393,7725,186
187,ClearT2_org2_angle0.tif:187,4363.548,2304,7846,187
188,ClearT2_org2_angle0.tif:188,4355.067,2270,7737,188
189,ClearT2_org2_angle0.tif:189,4345.491,2213,7271,189
190,ClearT2_org2_angle0.tif:190,4335.492,2204,7311,190
191,ClearT2_org2_angle0.tif:191,4328.282,2165,7274,191
192,ClearT2_org2_angle0.tif:192,4320.904,2110,7217,192
193,ClearT2_org2_angle0.tif:193,4310.858,2155,7149,193
194,ClearT2_org2_angle0.tif:194,4302.001,2174,7260,194
195,ClearT2_org2_angle0.tif:195,4293.350,2145,7624,195
196,ClearT2_org2_angle0.tif:196,4284.310,2135,8308,196
197,ClearT2_org2_angle0.tif:197,4274.247,2142,8989,197
198,ClearT2_org2_angle0.tif:198,4261.496,2142,9248,198
199,ClearT2_org2_angle0.tif:199,4248.081,2161,8855,199
200,ClearT2_org2_angle0.tif:200,4235.359,2130,8294,200
201,ClearT2_org2_angle0.tif:201,4219.478,2118,7703,201
202,ClearT2_org2_angle0.tif:202,4201.420,2028,8157,202
203,ClearT2_org2_angle0.tif:203,4182.230,1999,8933,203
204,ClearT2_org2_angle0.tif:204,4161.595,1967,10372,204
205,ClearT2_org2_angle0.tif:205,4138.632,1919,12709,205
206,ClearT2_org2_angle0.tif:206,4114.573,1871,15653,206
207,ClearT2_org2_angle0.tif:207,4090.680,1893,18228,207
208,ClearT2_org2_angle0.tif:208,4067.823,1897,19095,208
209,ClearT2_org2_angle0.tif:209,4045.259,1867,18682,209
210,ClearT2_org2_angle0.tif:210,4023.159,1878,16091,210
211,ClearT2_org2_angle0.tif:211,4000.428,1848,12269,211
212,ClearT2_org2_angle0.tif:212,3976.392,1848,11429,212
213,ClearT2_org2_angle0.tif:213,3951.663,1807,12564,213
214,ClearT2_org2_angle0.tif:214,3931.876,1754,12419,214
215,ClearT2_org2_angle0.tif:215,3916.225,1690,13433,215
216,ClearT2_org2_angle0.tif:216,3898.472,1545,15214,216
217,ClearT2_org2_angle0.tif:217,3880.342,1405,19937,217
218,ClearT2_org2_angle0.tif:218,3861.322,1326,26995,218
219,ClearT2_org2_angle0.tif:219,3841.247,1296,31561,219
220,ClearT2_org2_angle0.tif:220,3818.276,1177,34061,220
221,ClearT2_org2_angle0.tif:221,3788.668,1113,43105,221
222,ClearT2_org2_angle0.tif:222,3750.825,1044,40034,222
223,ClearT2_org2_angle0.tif:223,3709.328,959,28047,223
224,ClearT2_org2_angle0.tif:224,3659.878,870,29449,224
225,ClearT2_org2_angle0.tif:225,3600.293,820,32952,225
226,ClearT2_org2_angle0.tif:226,3527.112,763,34820,226
227,ClearT2_org2_angle0.tif:227,3434.298,703,39348,227
228,ClearT2_org2_angle0.tif:228,3323.005,646,48122,228
229,ClearT2_org2_angle0.tif:229,3193.606,582,49250,229
230,ClearT2_org2_angle0.tif:230,3046.011,535,54592,230
231,ClearT2_org2_angle0.tif:231,2882.391,505,61520,231
232,ClearT2_org2_angle0.tif:232,2700.757,471,65367,232
233,ClearT2_org2_angle0.tif:233,2494.859,440,57731,233
234,ClearT2_org2_angle0.tif:234,2262.029,404,40757,234
235,ClearT2_org2_angle0.tif:235,2007.891,384,30636,235
236,ClearT2_org2_angle0.tif:236,1736.183,357,26197,236
237,ClearT2_org2_angle0.tif:237,1456.036,332,21737,237
238,ClearT2_org2_angle0.tif:238,1187.898,312,16970,238
239,ClearT2_org2_angle0.tif:239,951.396,305,11247,239
240,ClearT2_org2_angle0.tif:240,755.941,288,7136,240
241,ClearT2_org2_angle0.tif:241,606.912,274,3982,241
242,ClearT2_org2_angle0.tif:242,505.879,281,2447,242
243,ClearT2_org2_angle0.tif:243,448.717,276,1247,243
244,ClearT2_org2_angle0.tif:244,419.429,271,739,244
245,ClearT2_org2_angle0.tif:245,403.564,272,610,245
246,ClearT2_org2_angle0.tif:246,392.567,269,557,246
247,ClearT2_org2_angle0.tif:247,383.784,261,527,247
248,ClearT2_org2_angle0.tif:248,375.974,263,498,248
249,ClearT2_org2_angle0.tif:249,369.015,260,482,249
250,ClearT2_org2_angle0.tif:250,362.698,253,463,250
251,ClearT2_org2_angle0.tif:251,356.836,259,461,251
252,ClearT2_org2_angle0.tif:252,351.469,258,442,252
253,ClearT2_org2_angle0.tif:253,346.772,251,443,253
254,ClearT2_org2_angle0.tif:254,342.474,253,424,254
255,ClearT2_org2_angle0.tif:255,338.433,253,419,255
256,ClearT2_org2_angle0.tif:256,334.660,250,418,256
257,ClearT2_org2_angle0.tif:257,331.058,246,419,257
258,ClearT2_org2_angle0.tif:258,327.597,245,412,258
259,ClearT2_org2_angle0.tif:259,324.310,237,417,259
260,ClearT2_org2_angle0.tif:260,321.298,236,439,260
261,ClearT2_org2_angle0.tif:261,318.658,236,441,261
262,ClearT2_org2_angle0.tif:262,316.186,239,399,262
263,ClearT2_org2_angle0.tif:263,313.785,237,396,263
264,ClearT2_org2_angle0.tif:264,311.571,237,387,264
265,ClearT2_org2_angle0.tif:265,309.264,240,378,265
266,ClearT2_org2_angle0.tif:266,307.283,237,377,266
267,ClearT2_org2_angle0.tif:267,305.463,234,375,267
268,ClearT2_org2_angle0.tif:268,303.824,237,375,268
269,ClearT2_org2_angle0.tif:269,302.273,235,370,269
270,ClearT2_org2_angle0.tif:270,300.816,231,380,270
271,ClearT2_org2_angle0.tif:271,299.693,226,369,271
272,ClearT2_org2_angle0.tif:272,299.224,196,403,272
273,ClearT2_org2_angle0.tif:273,22.669,0,396,273
274,ClearT2_org2_angle0.tif:274,0.000,0,0,274
275,ClearT2_org2_angle0.tif:275,0.000,0,0,275
276,ClearT2_org2_angle0.tif:276,0.000,0,0,276
277,ClearT2_org2_angle0.tif:277,0.000,0,0,277
