 ,Label,Mean,Min,Max,Slice
1,ClearT2_org2_angle1.tif:1,0.000,0,0,1
2,ClearT2_org2_angle1.tif:2,0.000,0,0,2
3,ClearT2_org2_angle1.tif:3,0.000,0,0,3
4,ClearT2_org2_angle1.tif:4,84.602,0,790,4
5,ClearT2_org2_angle1.tif:5,358.159,207,683,5
6,ClearT2_org2_angle1.tif:6,368.262,233,714,6
7,ClearT2_org2_angle1.tif:7,374.741,229,766,7
8,ClearT2_org2_angle1.tif:8,380.599,241,845,8
9,ClearT2_org2_angle1.tif:9,386.727,244,1007,9
10,ClearT2_org2_angle1.tif:10,392.929,246,1205,10
11,ClearT2_org2_angle1.tif:11,400.182,232,1859,11
12,ClearT2_org2_angle1.tif:12,409.390,250,4749,12
13,ClearT2_org2_angle1.tif:13,421.818,251,18010,13
14,ClearT2_org2_angle1.tif:14,437.790,251,45259,14
15,ClearT2_org2_angle1.tif:15,454.407,250,61341,15
16,ClearT2_org2_angle1.tif:16,472.449,247,65391,16
17,ClearT2_org2_angle1.tif:17,492.024,253,61350,17
18,ClearT2_org2_angle1.tif:18,512.418,254,37128,18
19,ClearT2_org2_angle1.tif:19,533.627,260,18959,19
20,ClearT2_org2_angle1.tif:20,557.038,256,9658,20
21,ClearT2_org2_angle1.tif:21,584.486,258,6617,21
22,ClearT2_org2_angle1.tif:22,615.837,264,7603,22
23,ClearT2_org2_angle1.tif:23,651.571,265,13030,23
24,ClearT2_org2_angle1.tif:24,691.809,262,17786,24
25,ClearT2_org2_angle1.tif:25,738.071,267,19260,25
26,ClearT2_org2_angle1.tif:26,788.386,271,17099,26
27,ClearT2_org2_angle1.tif:27,843.810,267,15730,27
28,ClearT2_org2_angle1.tif:28,906.275,273,12460,28
29,ClearT2_org2_angle1.tif:29,981.966,270,16258,29
30,ClearT2_org2_angle1.tif:30,1075.828,279,35790,30
31,ClearT2_org2_angle1.tif:31,1189.648,285,61353,31
32,ClearT2_org2_angle1.tif:32,1312.152,281,65535,32
33,ClearT2_org2_angle1.tif:33,1437.288,289,65535,33
34,ClearT2_org2_angle1.tif:34,1556.287,289,65535,34
35,ClearT2_org2_angle1.tif:35,1662.607,293,65535,35
36,ClearT2_org2_angle1.tif:36,1748.887,293,61236,36
37,ClearT2_org2_angle1.tif:37,1820.221,298,49640,37
38,ClearT2_org2_angle1.tif:38,1889.543,303,44715,38
39,ClearT2_org2_angle1.tif:39,1959.577,305,32936,39
40,ClearT2_org2_angle1.tif:40,2034.440,310,19042,40
41,ClearT2_org2_angle1.tif:41,2110.370,316,13568,41
42,ClearT2_org2_angle1.tif:42,2185.293,323,18469,42
43,ClearT2_org2_angle1.tif:43,2263.443,325,22693,43
44,ClearT2_org2_angle1.tif:44,2343.124,328,24269,44
45,ClearT2_org2_angle1.tif:45,2423.817,333,36794,45
46,ClearT2_org2_angle1.tif:46,2505.879,343,50044,46
47,ClearT2_org2_angle1.tif:47,2590.875,338,53254,47
48,ClearT2_org2_angle1.tif:48,2682.245,347,52963,48
49,ClearT2_org2_angle1.tif:49,2762.595,346,63884,49
50,ClearT2_org2_angle1.tif:50,2820.515,343,65507,50
51,ClearT2_org2_angle1.tif:51,2859.437,350,64767,51
52,ClearT2_org2_angle1.tif:52,2883.089,353,55334,52
53,ClearT2_org2_angle1.tif:53,2894.494,358,44584,53
54,ClearT2_org2_angle1.tif:54,2903.310,361,22013,54
55,ClearT2_org2_angle1.tif:55,2924.881,362,10813,55
56,ClearT2_org2_angle1.tif:56,2960.495,367,12385,56
57,ClearT2_org2_angle1.tif:57,3007.299,368,20003,57
58,ClearT2_org2_angle1.tif:58,3060.493,372,24908,58
59,ClearT2_org2_angle1.tif:59,3110.286,380,27114,59
60,ClearT2_org2_angle1.tif:60,3153.364,383,24495,60
61,ClearT2_org2_angle1.tif:61,3187.221,389,20339,61
62,ClearT2_org2_angle1.tif:62,3210.898,381,13976,62
63,ClearT2_org2_angle1.tif:63,3230.932,387,10696,63
64,ClearT2_org2_angle1.tif:64,3251.261,403,13498,64
65,ClearT2_org2_angle1.tif:65,3274.320,408,18858,65
66,ClearT2_org2_angle1.tif:66,3303.304,411,21101,66
67,ClearT2_org2_angle1.tif:67,3340.921,422,18503,67
68,ClearT2_org2_angle1.tif:68,3383.555,426,28885,68
69,ClearT2_org2_angle1.tif:69,3427.711,435,38178,69
70,ClearT2_org2_angle1.tif:70,3473.604,449,41352,70
71,ClearT2_org2_angle1.tif:71,3517.026,448,36294,71
72,ClearT2_org2_angle1.tif:72,3556.964,451,25143,72
73,ClearT2_org2_angle1.tif:73,3596.134,465,29660,73
74,ClearT2_org2_angle1.tif:74,3633.610,481,31067,74
75,ClearT2_org2_angle1.tif:75,3674.169,495,26219,75
76,ClearT2_org2_angle1.tif:76,3712.248,498,19099,76
77,ClearT2_org2_angle1.tif:77,3748.137,511,14315,77
78,ClearT2_org2_angle1.tif:78,3785.562,518,14083,78
79,ClearT2_org2_angle1.tif:79,3820.448,523,24090,79
80,ClearT2_org2_angle1.tif:80,3851.813,530,37683,80
81,ClearT2_org2_angle1.tif:81,3881.046,532,48780,81
82,ClearT2_org2_angle1.tif:82,3905.555,546,50414,82
83,ClearT2_org2_angle1.tif:83,3931.204,553,49058,83
84,ClearT2_org2_angle1.tif:84,3949.360,572,46764,84
85,ClearT2_org2_angle1.tif:85,3954.845,582,38976,85
86,ClearT2_org2_angle1.tif:86,3953.344,589,39062,86
87,ClearT2_org2_angle1.tif:87,3953.861,596,37388,87
88,ClearT2_org2_angle1.tif:88,3949.450,628,32903,88
89,ClearT2_org2_angle1.tif:89,3944.207,638,32839,89
90,ClearT2_org2_angle1.tif:90,3932.858,665,30523,90
91,ClearT2_org2_angle1.tif:91,3914.926,698,24927,91
92,ClearT2_org2_angle1.tif:92,3895.359,698,16837,92
93,ClearT2_org2_angle1.tif:93,3878.427,727,12910,93
94,ClearT2_org2_angle1.tif:94,3870.388,771,16049,94
95,ClearT2_org2_angle1.tif:95,3871.069,797,18414,95
96,ClearT2_org2_angle1.tif:96,3881.109,842,19834,96
97,ClearT2_org2_angle1.tif:97,3894.501,939,18818,97
98,ClearT2_org2_angle1.tif:98,3909.011,1069,15981,98
99,ClearT2_org2_angle1.tif:99,3920.291,1188,15438,99
100,ClearT2_org2_angle1.tif:100,3927.455,1256,14006,100
101,ClearT2_org2_angle1.tif:101,3934.363,1410,10478,101
102,ClearT2_org2_angle1.tif:102,3938.535,1569,8070,102
103,ClearT2_org2_angle1.tif:103,3946.215,1687,6277,103
104,ClearT2_org2_angle1.tif:104,3959.278,1754,5872,104
105,ClearT2_org2_angle1.tif:105,3976.896,1761,6736,105
106,ClearT2_org2_angle1.tif:106,4002.689,1924,6988,106
107,ClearT2_org2_angle1.tif:107,4029.147,1975,6380,107
108,ClearT2_org2_angle1.tif:108,4052.340,2002,6321,108
109,ClearT2_org2_angle1.tif:109,4073.577,2007,6101,109
110,ClearT2_org2_angle1.tif:110,4088.703,2058,5628,110
111,ClearT2_org2_angle1.tif:111,4094.909,2072,5422,111
112,ClearT2_org2_angle1.tif:112,4094.509,2118,5378,112
113,ClearT2_org2_angle1.tif:113,4091.640,2154,5303,113
114,ClearT2_org2_angle1.tif:114,4084.197,2204,5586,114
115,ClearT2_org2_angle1.tif:115,4075.726,2255,5442,115
116,ClearT2_org2_angle1.tif:116,4069.271,2299,5188,116
117,ClearT2_org2_angle1.tif:117,4064.541,2315,5151,117
118,ClearT2_org2_angle1.tif:118,4061.964,2372,5156,118
119,ClearT2_org2_angle1.tif:119,4061.637,2437,5126,119
120,ClearT2_org2_angle1.tif:120,4062.856,2472,5142,120
121,ClearT2_org2_angle1.tif:121,4064.884,2475,5116,121
122,ClearT2_org2_angle1.tif:122,4069.757,2506,5138,122
123,ClearT2_org2_angle1.tif:123,4073.835,2576,5074,123
124,ClearT2_org2_angle1.tif:124,4081.180,2593,5105,124
125,ClearT2_org2_angle1.tif:125,4096.253,2546,5051,125
126,ClearT2_org2_angle1.tif:126,4114.123,2566,5013,126
127,ClearT2_org2_angle1.tif:127,4136.395,2540,5043,127
128,ClearT2_org2_angle1.tif:128,4156.941,2515,5045,128
129,ClearT2_org2_angle1.tif:129,4175.864,2473,5044,129
130,ClearT2_org2_angle1.tif:130,4194.702,2522,5027,130
131,ClearT2_org2_angle1.tif:131,4208.763,2500,4998,131
132,ClearT2_org2_angle1.tif:132,4219.912,2545,4956,132
133,ClearT2_org2_angle1.tif:133,4228.955,2596,4930,133
134,ClearT2_org2_angle1.tif:134,4235.989,2664,4959,134
135,ClearT2_org2_angle1.tif:135,4237.241,2740,4950,135
136,ClearT2_org2_angle1.tif:136,4239.996,2822,4906,136
137,ClearT2_org2_angle1.tif:137,4240.114,2844,4874,137
138,ClearT2_org2_angle1.tif:138,4237.554,2845,4862,138
139,ClearT2_org2_angle1.tif:139,4230.045,2750,4828,139
140,ClearT2_org2_angle1.tif:140,4219.246,2681,4855,140
141,ClearT2_org2_angle1.tif:141,4206.080,2662,4853,141
142,ClearT2_org2_angle1.tif:142,4190.578,2716,4872,142
143,ClearT2_org2_angle1.tif:143,4171.809,2808,4937,143
144,ClearT2_org2_angle1.tif:144,4155.159,2772,4902,144
145,ClearT2_org2_angle1.tif:145,4136.393,2644,4840,145
146,ClearT2_org2_angle1.tif:146,4112.521,2582,4881,146
147,ClearT2_org2_angle1.tif:147,4091.187,2529,4834,147
148,ClearT2_org2_angle1.tif:148,4069.610,2449,4796,148
149,ClearT2_org2_angle1.tif:149,4051.058,2408,4774,149
150,ClearT2_org2_angle1.tif:150,4034.206,2352,4732,150
151,ClearT2_org2_angle1.tif:151,4016.270,2326,4718,151
152,ClearT2_org2_angle1.tif:152,3998.082,2306,4692,152
153,ClearT2_org2_angle1.tif:153,3984.423,2306,4652,153
154,ClearT2_org2_angle1.tif:154,3970.373,2284,4613,154
155,ClearT2_org2_angle1.tif:155,3958.072,2346,4635,155
156,ClearT2_org2_angle1.tif:156,3950.199,2398,4597,156
157,ClearT2_org2_angle1.tif:157,3948.130,2456,4591,157
158,ClearT2_org2_angle1.tif:158,3951.012,2481,4560,158
159,ClearT2_org2_angle1.tif:159,3954.161,2541,4559,159
160,ClearT2_org2_angle1.tif:160,3959.831,2549,4541,160
161,ClearT2_org2_angle1.tif:161,3965.329,2583,4510,161
162,ClearT2_org2_angle1.tif:162,3972.881,2655,4514,162
163,ClearT2_org2_angle1.tif:163,3978.644,2730,4483,163
164,ClearT2_org2_angle1.tif:164,3982.272,2807,4487,164
165,ClearT2_org2_angle1.tif:165,3981.139,2876,4482,165
166,ClearT2_org2_angle1.tif:166,3974.621,2958,4440,166
167,ClearT2_org2_angle1.tif:167,3962.649,2941,4445,167
168,ClearT2_org2_angle1.tif:168,3949.117,2888,4420,168
169,ClearT2_org2_angle1.tif:169,3928.455,2886,4420,169
170,ClearT2_org2_angle1.tif:170,3907.931,2874,4414,170
171,ClearT2_org2_angle1.tif:171,3886.821,2892,4460,171
172,ClearT2_org2_angle1.tif:172,3860.610,2924,4417,172
173,ClearT2_org2_angle1.tif:173,3836.368,2977,4404,173
174,ClearT2_org2_angle1.tif:174,3814.245,3032,4397,174
175,ClearT2_org2_angle1.tif:175,3793.058,3094,4360,175
176,ClearT2_org2_angle1.tif:176,3774.856,3111,4298,176
177,ClearT2_org2_angle1.tif:177,3757.801,3102,4309,177
178,ClearT2_org2_angle1.tif:178,3735.486,3078,4291,178
179,ClearT2_org2_angle1.tif:179,3711.918,3088,4277,179
180,ClearT2_org2_angle1.tif:180,3687.919,3063,4319,180
181,ClearT2_org2_angle1.tif:181,3662.352,3062,4293,181
182,ClearT2_org2_angle1.tif:182,3636.465,3033,4322,182
183,ClearT2_org2_angle1.tif:183,3609.092,2988,4302,183
184,ClearT2_org2_angle1.tif:184,3579.521,2931,4302,184
185,ClearT2_org2_angle1.tif:185,3552.854,2869,4251,185
186,ClearT2_org2_angle1.tif:186,3524.056,2829,4256,186
187,ClearT2_org2_angle1.tif:187,3495.255,2764,4263,187
188,ClearT2_org2_angle1.tif:188,3468.149,2722,4335,188
189,ClearT2_org2_angle1.tif:189,3440.941,2683,4264,189
190,ClearT2_org2_angle1.tif:190,3414.179,2629,4226,190
191,ClearT2_org2_angle1.tif:191,3385.627,2619,4217,191
192,ClearT2_org2_angle1.tif:192,3357.101,2568,4180,192
193,ClearT2_org2_angle1.tif:193,3330.680,2532,4116,193
194,ClearT2_org2_angle1.tif:194,3303.108,2516,4092,194
195,ClearT2_org2_angle1.tif:195,3278.490,2485,4099,195
196,ClearT2_org2_angle1.tif:196,3252.503,2464,3997,196
197,ClearT2_org2_angle1.tif:197,3229.389,2423,3974,197
198,ClearT2_org2_angle1.tif:198,3206.581,2422,3906,198
199,ClearT2_org2_angle1.tif:199,3182.489,2440,3861,199
200,ClearT2_org2_angle1.tif:200,3159.389,2456,3829,200
201,ClearT2_org2_angle1.tif:201,3134.612,2472,3741,201
202,ClearT2_org2_angle1.tif:202,3107.913,2485,3745,202
203,ClearT2_org2_angle1.tif:203,3079.223,2438,3683,203
204,ClearT2_org2_angle1.tif:204,3048.953,2422,3664,204
205,ClearT2_org2_angle1.tif:205,3019.377,2372,3744,205
206,ClearT2_org2_angle1.tif:206,2988.389,2325,3737,206
207,ClearT2_org2_angle1.tif:207,2955.728,2283,3732,207
208,ClearT2_org2_angle1.tif:208,2923.882,2215,3720,208
209,ClearT2_org2_angle1.tif:209,2890.299,2193,3711,209
210,ClearT2_org2_angle1.tif:210,2855.181,2186,3578,210
211,ClearT2_org2_angle1.tif:211,2821.908,2132,3469,211
212,ClearT2_org2_angle1.tif:212,2786.185,2056,3339,212
213,ClearT2_org2_angle1.tif:213,2751.282,2026,3318,213
214,ClearT2_org2_angle1.tif:214,2716.489,1946,3264,214
215,ClearT2_org2_angle1.tif:215,2682.948,1897,3223,215
216,ClearT2_org2_angle1.tif:216,2649.400,1841,3159,216
217,ClearT2_org2_angle1.tif:217,2613.761,1762,3122,217
218,ClearT2_org2_angle1.tif:218,2578.022,1697,3114,218
219,ClearT2_org2_angle1.tif:219,2540.693,1643,3042,219
220,ClearT2_org2_angle1.tif:220,2502.747,1594,2967,220
221,ClearT2_org2_angle1.tif:221,2463.790,1515,2945,221
222,ClearT2_org2_angle1.tif:222,2422.969,1442,2918,222
223,ClearT2_org2_angle1.tif:223,2376.770,1383,2857,223
224,ClearT2_org2_angle1.tif:224,2326.730,1311,2912,224
225,ClearT2_org2_angle1.tif:225,2272.611,1221,3019,225
226,ClearT2_org2_angle1.tif:226,2215.762,1192,3057,226
227,ClearT2_org2_angle1.tif:227,2150.550,1080,3088,227
228,ClearT2_org2_angle1.tif:228,2076.405,1026,2993,228
229,ClearT2_org2_angle1.tif:229,1994.003,969,3051,229
230,ClearT2_org2_angle1.tif:230,1905.578,918,3332,230
231,ClearT2_org2_angle1.tif:231,1812.949,843,3670,231
232,ClearT2_org2_angle1.tif:232,1712.656,774,4010,232
233,ClearT2_org2_angle1.tif:233,1607.662,714,3996,233
234,ClearT2_org2_angle1.tif:234,1492.800,633,3717,234
235,ClearT2_org2_angle1.tif:235,1365.883,602,3045,235
236,ClearT2_org2_angle1.tif:236,1230.640,520,2278,236
237,ClearT2_org2_angle1.tif:237,1088.594,476,1816,237
238,ClearT2_org2_angle1.tif:238,943.794,426,1558,238
239,ClearT2_org2_angle1.tif:239,801.669,384,1312,239
240,ClearT2_org2_angle1.tif:240,672.000,348,1113,240
241,ClearT2_org2_angle1.tif:241,564.127,330,889,241
242,ClearT2_org2_angle1.tif:242,480.342,312,710,242
243,ClearT2_org2_angle1.tif:243,421.510,302,588,243
244,ClearT2_org2_angle1.tif:244,384.047,280,496,244
245,ClearT2_org2_angle1.tif:245,363.213,279,452,245
246,ClearT2_org2_angle1.tif:246,351.331,277,437,246
247,ClearT2_org2_angle1.tif:247,343.159,268,435,247
248,ClearT2_org2_angle1.tif:248,336.038,264,404,248
249,ClearT2_org2_angle1.tif:249,329.215,264,394,249
250,ClearT2_org2_angle1.tif:250,318.934,250,394,250
251,ClearT2_org2_angle1.tif:251,270.762,0,395,251
252,ClearT2_org2_angle1.tif:252,0.000,0,0,252
253,ClearT2_org2_angle1.tif:253,0.000,0,0,253
254,ClearT2_org2_angle1.tif:254,0.000,0,0,254
255,ClearT2_org2_angle1.tif:255,0.000,0,0,255
256,ClearT2_org2_angle1.tif:256,0.000,0,0,256
257,ClearT2_org2_angle1.tif:257,0.000,0,0,257
258,ClearT2_org2_angle1.tif:258,0.000,0,0,258
259,ClearT2_org2_angle1.tif:259,0.000,0,0,259
260,ClearT2_org2_angle1.tif:260,0.000,0,0,260
261,ClearT2_org2_angle1.tif:261,0.000,0,0,261
262,ClearT2_org2_angle1.tif:262,0.000,0,0,262
263,ClearT2_org2_angle1.tif:263,0.000,0,0,263
264,ClearT2_org2_angle1.tif:264,0.000,0,0,264
265,ClearT2_org2_angle1.tif:265,0.000,0,0,265
266,ClearT2_org2_angle1.tif:266,0.000,0,0,266
267,ClearT2_org2_angle1.tif:267,0.000,0,0,267
268,ClearT2_org2_angle1.tif:268,0.000,0,0,268
269,ClearT2_org2_angle1.tif:269,0.000,0,0,269
270,ClearT2_org2_angle1.tif:270,0.000,0,0,270
271,ClearT2_org2_angle1.tif:271,0.000,0,0,271
272,ClearT2_org2_angle1.tif:272,0.000,0,0,272
273,ClearT2_org2_angle1.tif:273,0.000,0,0,273
274,ClearT2_org2_angle1.tif:274,0.000,0,0,274
275,ClearT2_org2_angle1.tif:275,0.000,0,0,275
276,ClearT2_org2_angle1.tif:276,0.000,0,0,276
277,ClearT2_org2_angle1.tif:277,0.000,0,0,277
