 ,Label,Mean,Min,Max,Slice
1,ROI-left_ClearT2_org2_illufused_angle1.tif:1,633.491,272,9658,1
2,ROI-left_ClearT2_org2_illufused_angle1.tif:2,682.680,277,15560,2
3,ROI-left_ClearT2_org2_illufused_angle1.tif:3,741.712,276,24677,3
4,ROI-left_ClearT2_org2_illufused_angle1.tif:4,809.174,273,28957,4
5,ROI-left_ClearT2_org2_illufused_angle1.tif:5,882.062,285,29770,5
6,ROI-left_ClearT2_org2_illufused_angle1.tif:6,960.617,290,31380,6
7,ROI-left_ClearT2_org2_illufused_angle1.tif:7,1039.546,291,31069,7
8,ROI-left_ClearT2_org2_illufused_angle1.tif:8,1118.207,291,25855,8
9,ROI-left_ClearT2_org2_illufused_angle1.tif:9,1198.789,294,18739,9
10,ROI-left_ClearT2_org2_illufused_angle1.tif:10,1289.741,298,16258,10
11,ROI-left_ClearT2_org2_illufused_angle1.tif:11,1397.695,301,35790,11
12,ROI-left_ClearT2_org2_illufused_angle1.tif:12,1527.145,301,61353,12
13,ROI-left_ClearT2_org2_illufused_angle1.tif:13,1669.072,306,65535,13
14,ROI-left_ClearT2_org2_illufused_angle1.tif:14,1819.210,315,65535,14
15,ROI-left_ClearT2_org2_illufused_angle1.tif:15,1967.723,312,65535,15
16,ROI-left_ClearT2_org2_illufused_angle1.tif:16,2106.526,322,65535,16
17,ROI-left_ClearT2_org2_illufused_angle1.tif:17,2224.917,322,61236,17
18,ROI-left_ClearT2_org2_illufused_angle1.tif:18,2328.480,325,49640,18
19,ROI-left_ClearT2_org2_illufused_angle1.tif:19,2430.179,330,44715,19
20,ROI-left_ClearT2_org2_illufused_angle1.tif:20,2531.931,343,32936,20
21,ROI-left_ClearT2_org2_illufused_angle1.tif:21,2638.941,342,19042,21
22,ROI-left_ClearT2_org2_illufused_angle1.tif:22,2744.406,351,13568,22
23,ROI-left_ClearT2_org2_illufused_angle1.tif:23,2844.159,357,18469,23
24,ROI-left_ClearT2_org2_illufused_angle1.tif:24,2942.351,361,22693,24
25,ROI-left_ClearT2_org2_illufused_angle1.tif:25,3035.301,365,24269,25
26,ROI-left_ClearT2_org2_illufused_angle1.tif:26,3124.360,366,36794,26
27,ROI-left_ClearT2_org2_illufused_angle1.tif:27,3211.594,381,50044,27
28,ROI-left_ClearT2_org2_illufused_angle1.tif:28,3299.426,377,53254,28
29,ROI-left_ClearT2_org2_illufused_angle1.tif:29,3393.764,386,52963,29
30,ROI-left_ClearT2_org2_illufused_angle1.tif:30,3478.601,390,63884,30
31,ROI-left_ClearT2_org2_illufused_angle1.tif:31,3541.208,391,65507,31
32,ROI-left_ClearT2_org2_illufused_angle1.tif:32,3582.740,389,64767,32
33,ROI-left_ClearT2_org2_illufused_angle1.tif:33,3604.677,395,55334,33
34,ROI-left_ClearT2_org2_illufused_angle1.tif:34,3609.205,399,44584,34
35,ROI-left_ClearT2_org2_illufused_angle1.tif:35,3607.343,407,22013,35
36,ROI-left_ClearT2_org2_illufused_angle1.tif:36,3616.084,406,15882,36
37,ROI-left_ClearT2_org2_illufused_angle1.tif:37,3637.602,421,16624,37
38,ROI-left_ClearT2_org2_illufused_angle1.tif:38,3671.742,421,20003,38
39,ROI-left_ClearT2_org2_illufused_angle1.tif:39,3715.539,438,24908,39
40,ROI-left_ClearT2_org2_illufused_angle1.tif:40,3758.461,449,27114,40
41,ROI-left_ClearT2_org2_illufused_angle1.tif:41,3797.932,439,24495,41
42,ROI-left_ClearT2_org2_illufused_angle1.tif:42,3830.242,458,20339,42
43,ROI-left_ClearT2_org2_illufused_angle1.tif:43,3852.746,455,13976,43
44,ROI-left_ClearT2_org2_illufused_angle1.tif:44,3870.637,474,10496,44
45,ROI-left_ClearT2_org2_illufused_angle1.tif:45,3886.152,474,13498,45
46,ROI-left_ClearT2_org2_illufused_angle1.tif:46,3902.842,491,18858,46
47,ROI-left_ClearT2_org2_illufused_angle1.tif:47,3926.666,489,21101,47
48,ROI-left_ClearT2_org2_illufused_angle1.tif:48,3960.900,495,18503,48
49,ROI-left_ClearT2_org2_illufused_angle1.tif:49,3999.582,509,28885,49
50,ROI-left_ClearT2_org2_illufused_angle1.tif:50,4037.364,519,38178,50
51,ROI-left_ClearT2_org2_illufused_angle1.tif:51,4073.038,534,41352,51
52,ROI-left_ClearT2_org2_illufused_angle1.tif:52,4102.251,544,36294,52
53,ROI-left_ClearT2_org2_illufused_angle1.tif:53,4126.489,552,25143,53
54,ROI-left_ClearT2_org2_illufused_angle1.tif:54,4149.620,554,29660,54
55,ROI-left_ClearT2_org2_illufused_angle1.tif:55,4173.496,589,31067,55
56,ROI-left_ClearT2_org2_illufused_angle1.tif:56,4203.567,595,26219,56
57,ROI-left_ClearT2_org2_illufused_angle1.tif:57,4229.683,602,19099,57
58,ROI-left_ClearT2_org2_illufused_angle1.tif:58,4251.964,644,14315,58
59,ROI-left_ClearT2_org2_illufused_angle1.tif:59,4275.245,661,14083,59
60,ROI-left_ClearT2_org2_illufused_angle1.tif:60,4295.712,683,24090,60
61,ROI-left_ClearT2_org2_illufused_angle1.tif:61,4314.333,704,37683,61
62,ROI-left_ClearT2_org2_illufused_angle1.tif:62,4332.707,736,48780,62
63,ROI-left_ClearT2_org2_illufused_angle1.tif:63,4347.461,761,50414,63
64,ROI-left_ClearT2_org2_illufused_angle1.tif:64,4366.088,811,49058,64
65,ROI-left_ClearT2_org2_illufused_angle1.tif:65,4378.367,878,46764,65
66,ROI-left_ClearT2_org2_illufused_angle1.tif:66,4377.511,935,38976,66
67,ROI-left_ClearT2_org2_illufused_angle1.tif:67,4369.728,1023,39062,67
68,ROI-left_ClearT2_org2_illufused_angle1.tif:68,4361.744,1110,37388,68
69,ROI-left_ClearT2_org2_illufused_angle1.tif:69,4346.382,1269,32903,69
70,ROI-left_ClearT2_org2_illufused_angle1.tif:70,4330.479,1461,32839,70
71,ROI-left_ClearT2_org2_illufused_angle1.tif:71,4308.885,1701,30523,71
72,ROI-left_ClearT2_org2_illufused_angle1.tif:72,4284.056,1752,24927,72
73,ROI-left_ClearT2_org2_illufused_angle1.tif:73,4260.594,1847,16837,73
74,ROI-left_ClearT2_org2_illufused_angle1.tif:74,4240.258,1910,12910,74
75,ROI-left_ClearT2_org2_illufused_angle1.tif:75,4227.374,1917,16049,75
76,ROI-left_ClearT2_org2_illufused_angle1.tif:76,4220.236,1875,18414,76
77,ROI-left_ClearT2_org2_illufused_angle1.tif:77,4220.440,1872,19834,77
78,ROI-left_ClearT2_org2_illufused_angle1.tif:78,4222.234,1908,18818,78
79,ROI-left_ClearT2_org2_illufused_angle1.tif:79,4224.887,1959,15981,79
80,ROI-left_ClearT2_org2_illufused_angle1.tif:80,4223.516,2045,13120,80
81,ROI-left_ClearT2_org2_illufused_angle1.tif:81,4219.179,2095,10273,81
82,ROI-left_ClearT2_org2_illufused_angle1.tif:82,4216.581,2172,9830,82
83,ROI-left_ClearT2_org2_illufused_angle1.tif:83,4210.483,2252,8070,83
84,ROI-left_ClearT2_org2_illufused_angle1.tif:84,4206.471,2226,6277,84
85,ROI-left_ClearT2_org2_illufused_angle1.tif:85,4204.682,2261,5872,85
86,ROI-left_ClearT2_org2_illufused_angle1.tif:86,4205.256,2323,6736,86
87,ROI-left_ClearT2_org2_illufused_angle1.tif:87,4213.619,2412,6988,87
88,ROI-left_ClearT2_org2_illufused_angle1.tif:88,4221.526,2511,6380,88
89,ROI-left_ClearT2_org2_illufused_angle1.tif:89,4225.854,2574,6321,89
90,ROI-left_ClearT2_org2_illufused_angle1.tif:90,4228.721,2535,6101,90
91,ROI-left_ClearT2_org2_illufused_angle1.tif:91,4226.596,2559,5628,91
92,ROI-left_ClearT2_org2_illufused_angle1.tif:92,4217.395,2542,5422,92
93,ROI-left_ClearT2_org2_illufused_angle1.tif:93,4203.992,2523,5378,93
94,ROI-left_ClearT2_org2_illufused_angle1.tif:94,4189.305,2522,5305,94
95,ROI-left_ClearT2_org2_illufused_angle1.tif:95,4171.055,2603,5586,95
96,ROI-left_ClearT2_org2_illufused_angle1.tif:96,4153.426,2587,5442,96
97,ROI-left_ClearT2_org2_illufused_angle1.tif:97,4138.542,2544,5188,97
98,ROI-left_ClearT2_org2_illufused_angle1.tif:98,4126.047,2510,5151,98
99,ROI-left_ClearT2_org2_illufused_angle1.tif:99,4117.364,2484,5156,99
100,ROI-left_ClearT2_org2_illufused_angle1.tif:100,4111.835,2464,5126,100
101,ROI-left_ClearT2_org2_illufused_angle1.tif:101,4108.226,2472,5142,101
102,ROI-left_ClearT2_org2_illufused_angle1.tif:102,4105.520,2475,5116,102
103,ROI-left_ClearT2_org2_illufused_angle1.tif:103,4104.857,2506,5138,103
104,ROI-left_ClearT2_org2_illufused_angle1.tif:104,4102.326,2576,5074,104
105,ROI-left_ClearT2_org2_illufused_angle1.tif:105,4103.641,2593,5105,105
106,ROI-left_ClearT2_org2_illufused_angle1.tif:106,4113.464,2546,5051,106
107,ROI-left_ClearT2_org2_illufused_angle1.tif:107,4127.433,2566,5013,107
108,ROI-left_ClearT2_org2_illufused_angle1.tif:108,4146.480,2540,5043,108
109,ROI-left_ClearT2_org2_illufused_angle1.tif:109,4163.525,2515,5045,109
110,ROI-left_ClearT2_org2_illufused_angle1.tif:110,4179.620,2473,5044,110
111,ROI-left_ClearT2_org2_illufused_angle1.tif:111,4195.518,2522,5027,111
112,ROI-left_ClearT2_org2_illufused_angle1.tif:112,4206.403,2500,4998,112
113,ROI-left_ClearT2_org2_illufused_angle1.tif:113,4215.069,2545,4956,113
114,ROI-left_ClearT2_org2_illufused_angle1.tif:114,4222.920,2596,4930,114
115,ROI-left_ClearT2_org2_illufused_angle1.tif:115,4229.395,2664,4959,115
116,ROI-left_ClearT2_org2_illufused_angle1.tif:116,4230.931,2740,4950,116
117,ROI-left_ClearT2_org2_illufused_angle1.tif:117,4234.047,2822,4906,117
118,ROI-left_ClearT2_org2_illufused_angle1.tif:118,4233.191,2844,4874,118
119,ROI-left_ClearT2_org2_illufused_angle1.tif:119,4227.821,2845,4862,119
120,ROI-left_ClearT2_org2_illufused_angle1.tif:120,4214.685,2826,4828,120
121,ROI-left_ClearT2_org2_illufused_angle1.tif:121,4195.990,2911,4855,121
122,ROI-left_ClearT2_org2_illufused_angle1.tif:122,4173.424,2937,4853,122
123,ROI-left_ClearT2_org2_illufused_angle1.tif:123,4148.145,2969,4872,123
124,ROI-left_ClearT2_org2_illufused_angle1.tif:124,4120.610,2944,4937,124
125,ROI-left_ClearT2_org2_illufused_angle1.tif:125,4096.301,2802,4902,125
126,ROI-left_ClearT2_org2_illufused_angle1.tif:126,4070.907,2629,4840,126
127,ROI-left_ClearT2_org2_illufused_angle1.tif:127,4042.869,2575,4881,127
128,ROI-left_ClearT2_org2_illufused_angle1.tif:128,4019.858,2453,4834,128
129,ROI-left_ClearT2_org2_illufused_angle1.tif:129,3997.792,2430,4796,129
130,ROI-left_ClearT2_org2_illufused_angle1.tif:130,3980.468,2383,4774,130
131,ROI-left_ClearT2_org2_illufused_angle1.tif:131,3965.328,2328,4732,131
132,ROI-left_ClearT2_org2_illufused_angle1.tif:132,3949.315,2335,4718,132
133,ROI-left_ClearT2_org2_illufused_angle1.tif:133,3933.051,2321,4692,133
134,ROI-left_ClearT2_org2_illufused_angle1.tif:134,3920.954,2322,4652,134
135,ROI-left_ClearT2_org2_illufused_angle1.tif:135,3907.769,2337,4596,135
136,ROI-left_ClearT2_org2_illufused_angle1.tif:136,3896.869,2364,4598,136
137,ROI-left_ClearT2_org2_illufused_angle1.tif:137,3890.397,2438,4591,137
138,ROI-left_ClearT2_org2_illufused_angle1.tif:138,3888.648,2524,4591,138
139,ROI-left_ClearT2_org2_illufused_angle1.tif:139,3890.104,2525,4560,139
140,ROI-left_ClearT2_org2_illufused_angle1.tif:140,3889.669,2624,4559,140
141,ROI-left_ClearT2_org2_illufused_angle1.tif:141,3890.496,2662,4541,141
142,ROI-left_ClearT2_org2_illufused_angle1.tif:142,3890.446,2701,4510,142
143,ROI-left_ClearT2_org2_illufused_angle1.tif:143,3891.840,2760,4514,143
144,ROI-left_ClearT2_org2_illufused_angle1.tif:144,3891.542,2838,4483,144
145,ROI-left_ClearT2_org2_illufused_angle1.tif:145,3890.002,2887,4487,145
146,ROI-left_ClearT2_org2_illufused_angle1.tif:146,3885.124,2874,4468,146
147,ROI-left_ClearT2_org2_illufused_angle1.tif:147,3875.888,2861,4687,147
148,ROI-left_ClearT2_org2_illufused_angle1.tif:148,3862.138,2826,4779,148
149,ROI-left_ClearT2_org2_illufused_angle1.tif:149,3846.676,2628,4746,149
150,ROI-left_ClearT2_org2_illufused_angle1.tif:150,3824.087,2511,4497,150
151,ROI-left_ClearT2_org2_illufused_angle1.tif:151,3802.224,2447,4414,151
152,ROI-left_ClearT2_org2_illufused_angle1.tif:152,3780.653,2339,4460,152
153,ROI-left_ClearT2_org2_illufused_angle1.tif:153,3755.438,2280,4417,153
154,ROI-left_ClearT2_org2_illufused_angle1.tif:154,3733.588,2254,4439,154
155,ROI-left_ClearT2_org2_illufused_angle1.tif:155,3713.452,2189,4440,155
156,ROI-left_ClearT2_org2_illufused_angle1.tif:156,3693.398,2119,4360,156
157,ROI-left_ClearT2_org2_illufused_angle1.tif:157,3676.415,2109,4298,157
158,ROI-left_ClearT2_org2_illufused_angle1.tif:158,3659.617,2041,4309,158
159,ROI-left_ClearT2_org2_illufused_angle1.tif:159,3638.577,1959,4291,159
160,ROI-left_ClearT2_org2_illufused_angle1.tif:160,3616.948,1934,4277,160
161,ROI-left_ClearT2_org2_illufused_angle1.tif:161,3595.719,1924,4319,161
162,ROI-left_ClearT2_org2_illufused_angle1.tif:162,3573.297,1880,4293,162
163,ROI-left_ClearT2_org2_illufused_angle1.tif:163,3551.039,1803,4322,163
164,ROI-left_ClearT2_org2_illufused_angle1.tif:164,3526.486,1784,4302,164
165,ROI-left_ClearT2_org2_illufused_angle1.tif:165,3499.470,1728,4302,165
166,ROI-left_ClearT2_org2_illufused_angle1.tif:166,3474.415,1745,4251,166
167,ROI-left_ClearT2_org2_illufused_angle1.tif:167,3445.750,1690,4256,167
168,ROI-left_ClearT2_org2_illufused_angle1.tif:168,3417.468,1652,4263,168
169,ROI-left_ClearT2_org2_illufused_angle1.tif:169,3390.853,1612,4335,169
170,ROI-left_ClearT2_org2_illufused_angle1.tif:170,3363.883,1579,4264,170
171,ROI-left_ClearT2_org2_illufused_angle1.tif:171,3337.571,1544,4226,171
172,ROI-left_ClearT2_org2_illufused_angle1.tif:172,3309.598,1518,4217,172
173,ROI-left_ClearT2_org2_illufused_angle1.tif:173,3281.938,1501,4180,173
174,ROI-left_ClearT2_org2_illufused_angle1.tif:174,3256.178,1468,4116,174
175,ROI-left_ClearT2_org2_illufused_angle1.tif:175,3229.252,1464,4092,175
176,ROI-left_ClearT2_org2_illufused_angle1.tif:176,3205.289,1445,4099,176
177,ROI-left_ClearT2_org2_illufused_angle1.tif:177,3179.988,1428,3997,177
178,ROI-left_ClearT2_org2_illufused_angle1.tif:178,3156.826,1453,4493,178
179,ROI-left_ClearT2_org2_illufused_angle1.tif:179,3132.475,1417,4986,179
180,ROI-left_ClearT2_org2_illufused_angle1.tif:180,3105.885,1384,4847,180
181,ROI-left_ClearT2_org2_illufused_angle1.tif:181,3079.066,1327,4416,181
182,ROI-left_ClearT2_org2_illufused_angle1.tif:182,3049.709,1261,3741,182
183,ROI-left_ClearT2_org2_illufused_angle1.tif:183,3017.937,1240,3745,183
184,ROI-left_ClearT2_org2_illufused_angle1.tif:184,2984.558,1181,3683,184
185,ROI-left_ClearT2_org2_illufused_angle1.tif:185,2950.611,1159,3664,185
186,ROI-left_ClearT2_org2_illufused_angle1.tif:186,2918.315,1143,3744,186
187,ROI-left_ClearT2_org2_illufused_angle1.tif:187,2884.471,1094,3737,187
188,ROI-left_ClearT2_org2_illufused_angle1.tif:188,2848.321,1100,3732,188
189,ROI-left_ClearT2_org2_illufused_angle1.tif:189,2812.118,1055,3720,189
190,ROI-left_ClearT2_org2_illufused_angle1.tif:190,2772.933,1028,3711,190
191,ROI-left_ClearT2_org2_illufused_angle1.tif:191,2731.264,1009,3578,191
192,ROI-left_ClearT2_org2_illufused_angle1.tif:192,2689.912,987,3469,192
193,ROI-left_ClearT2_org2_illufused_angle1.tif:193,2645.784,957,3339,193
194,ROI-left_ClearT2_org2_illufused_angle1.tif:194,2602.994,934,3318,194
195,ROI-left_ClearT2_org2_illufused_angle1.tif:195,2559.784,895,3264,195
196,ROI-left_ClearT2_org2_illufused_angle1.tif:196,2517.944,864,3223,196
197,ROI-left_ClearT2_org2_illufused_angle1.tif:197,2475.536,836,3159,197
198,ROI-left_ClearT2_org2_illufused_angle1.tif:198,2431.221,807,3122,198
199,ROI-left_ClearT2_org2_illufused_angle1.tif:199,2387.181,787,3114,199
200,ROI-left_ClearT2_org2_illufused_angle1.tif:200,2342.309,750,3042,200
201,ROI-left_ClearT2_org2_illufused_angle1.tif:201,2297.560,736,2967,201
202,ROI-left_ClearT2_org2_illufused_angle1.tif:202,2251.304,703,2945,202
203,ROI-left_ClearT2_org2_illufused_angle1.tif:203,2202.470,683,2918,203
204,ROI-left_ClearT2_org2_illufused_angle1.tif:204,2147.979,649,2857,204
205,ROI-left_ClearT2_org2_illufused_angle1.tif:205,2089.815,630,2858,205
206,ROI-left_ClearT2_org2_illufused_angle1.tif:206,2027.678,601,2809,206
207,ROI-left_ClearT2_org2_illufused_angle1.tif:207,1962.979,580,2734,207
208,ROI-left_ClearT2_org2_illufused_angle1.tif:208,1891.342,562,2769,208
209,ROI-left_ClearT2_org2_illufused_angle1.tif:209,1814.151,534,2877,209
210,ROI-left_ClearT2_org2_illufused_angle1.tif:210,1732.231,505,3051,210
211,ROI-left_ClearT2_org2_illufused_angle1.tif:211,1648.444,480,3332,211
212,ROI-left_ClearT2_org2_illufused_angle1.tif:212,1563.380,463,3670,212
213,ROI-left_ClearT2_org2_illufused_angle1.tif:213,1475.028,430,4010,213
214,ROI-left_ClearT2_org2_illufused_angle1.tif:214,1385.510,418,3996,214
215,ROI-left_ClearT2_org2_illufused_angle1.tif:215,1288.784,386,3717,215
216,ROI-left_ClearT2_org2_illufused_angle1.tif:216,1181.916,372,3045,216
217,ROI-left_ClearT2_org2_illufused_angle1.tif:217,1067.992,347,2278,217
218,ROI-left_ClearT2_org2_illufused_angle1.tif:218,947.850,321,1816,218
219,ROI-left_ClearT2_org2_illufused_angle1.tif:219,825.783,307,1558,219
220,ROI-left_ClearT2_org2_illufused_angle1.tif:220,706.120,292,1312,220
221,ROI-left_ClearT2_org2_illufused_angle1.tif:221,598.535,275,1113,221
222,ROI-left_ClearT2_org2_illufused_angle1.tif:222,510.831,263,889,222
223,ROI-left_ClearT2_org2_illufused_angle1.tif:223,443.080,247,710,223
224,ROI-left_ClearT2_org2_illufused_angle1.tif:224,396.328,244,588,224
225,ROI-left_ClearT2_org2_illufused_angle1.tif:225,367.525,241,496,225
226,ROI-left_ClearT2_org2_illufused_angle1.tif:226,351.652,237,452,226
227,ROI-left_ClearT2_org2_illufused_angle1.tif:227,342.180,243,437,227
228,ROI-left_ClearT2_org2_illufused_angle1.tif:228,335.207,235,435,228
229,ROI-left_ClearT2_org2_illufused_angle1.tif:229,328.672,233,404,229
230,ROI-left_ClearT2_org2_illufused_angle1.tif:230,321.633,228,394,230
231,ROI-left_ClearT2_org2_illufused_angle1.tif:231,309.425,211,394,231
232,ROI-left_ClearT2_org2_illufused_angle1.tif:232,217.554,0,395,232
233,ROI-left_ClearT2_org2_illufused_angle1.tif:233,0.000,0,0,233
234,ROI-left_ClearT2_org2_illufused_angle1.tif:234,0.000,0,0,234
235,ROI-left_ClearT2_org2_illufused_angle1.tif:235,0.000,0,0,235
236,ROI-left_ClearT2_org2_illufused_angle1.tif:236,0.000,0,0,236
237,ROI-left_ClearT2_org2_illufused_angle1.tif:237,0.000,0,0,237
238,ROI-left_ClearT2_org2_illufused_angle1.tif:238,0.000,0,0,238
239,ROI-left_ClearT2_org2_illufused_angle1.tif:239,0.000,0,0,239
240,ROI-left_ClearT2_org2_illufused_angle1.tif:240,0.000,0,0,240
241,ROI-left_ClearT2_org2_illufused_angle1.tif:241,0.000,0,0,241
242,ROI-left_ClearT2_org2_illufused_angle1.tif:242,0.000,0,0,242
243,ROI-left_ClearT2_org2_illufused_angle1.tif:243,0.000,0,0,243
244,ROI-left_ClearT2_org2_illufused_angle1.tif:244,0.000,0,0,244
245,ROI-left_ClearT2_org2_illufused_angle1.tif:245,0.000,0,0,245
246,ROI-left_ClearT2_org2_illufused_angle1.tif:246,0.000,0,0,246
247,ROI-left_ClearT2_org2_illufused_angle1.tif:247,0.000,0,0,247
248,ROI-left_ClearT2_org2_illufused_angle1.tif:248,0.000,0,0,248
249,ROI-left_ClearT2_org2_illufused_angle1.tif:249,0.000,0,0,249
250,ROI-left_ClearT2_org2_illufused_angle1.tif:250,0.000,0,0,250
251,ROI-left_ClearT2_org2_illufused_angle1.tif:251,0.000,0,0,251
252,ROI-left_ClearT2_org2_illufused_angle1.tif:252,0.000,0,0,252
253,ROI-left_ClearT2_org2_illufused_angle1.tif:253,0.000,0,0,253
254,ROI-left_ClearT2_org2_illufused_angle1.tif:254,0.000,0,0,254
