 ,Label,Mean,Min,Max,Slice
1,ScaleA2_org2_angle1.tif:1,0.000,0,0,1
2,ScaleA2_org2_angle1.tif:2,0.000,0,0,2
3,ScaleA2_org2_angle1.tif:3,0.000,0,0,3
4,ScaleA2_org2_angle1.tif:4,14.463,0,443,4
5,ScaleA2_org2_angle1.tif:5,323.627,231,443,5
6,ScaleA2_org2_angle1.tif:6,326.038,225,457,6
7,ScaleA2_org2_angle1.tif:7,327.665,230,466,7
8,ScaleA2_org2_angle1.tif:8,323.788,233,425,8
9,ScaleA2_org2_angle1.tif:9,320.729,224,436,9
10,ScaleA2_org2_angle1.tif:10,319.548,233,436,10
11,ScaleA2_org2_angle1.tif:11,319.785,234,437,11
12,ScaleA2_org2_angle1.tif:12,321.305,235,435,12
13,ScaleA2_org2_angle1.tif:13,323.855,232,433,13
14,ScaleA2_org2_angle1.tif:14,327.086,224,468,14
15,ScaleA2_org2_angle1.tif:15,331.050,235,469,15
16,ScaleA2_org2_angle1.tif:16,335.503,233,497,16
17,ScaleA2_org2_angle1.tif:17,340.271,238,564,17
18,ScaleA2_org2_angle1.tif:18,346.287,236,696,18
19,ScaleA2_org2_angle1.tif:19,354.227,237,1093,19
20,ScaleA2_org2_angle1.tif:20,365.802,240,1750,20
21,ScaleA2_org2_angle1.tif:21,382.384,239,2586,21
22,ScaleA2_org2_angle1.tif:22,407.039,241,3645,22
23,ScaleA2_org2_angle1.tif:23,443.624,241,5385,23
24,ScaleA2_org2_angle1.tif:24,496.003,240,9031,24
25,ScaleA2_org2_angle1.tif:25,564.702,246,12511,25
26,ScaleA2_org2_angle1.tif:26,644.868,246,14035,26
27,ScaleA2_org2_angle1.tif:27,729.304,254,15423,27
28,ScaleA2_org2_angle1.tif:28,814.130,250,19317,28
29,ScaleA2_org2_angle1.tif:29,896.841,251,19801,29
30,ScaleA2_org2_angle1.tif:30,978.565,253,21604,30
31,ScaleA2_org2_angle1.tif:31,1065.118,253,21518,31
32,ScaleA2_org2_angle1.tif:32,1161.624,253,18462,32
33,ScaleA2_org2_angle1.tif:33,1266.647,259,12934,33
34,ScaleA2_org2_angle1.tif:34,1376.951,269,10134,34
35,ScaleA2_org2_angle1.tif:35,1487.746,266,12129,35
36,ScaleA2_org2_angle1.tif:36,1591.158,275,17423,36
37,ScaleA2_org2_angle1.tif:37,1682.502,271,20772,37
38,ScaleA2_org2_angle1.tif:38,1762.195,283,19925,38
39,ScaleA2_org2_angle1.tif:39,1825.405,277,16831,39
40,ScaleA2_org2_angle1.tif:40,1874.411,278,23136,40
41,ScaleA2_org2_angle1.tif:41,1910.453,280,26908,41
42,ScaleA2_org2_angle1.tif:42,1935.035,284,24047,42
43,ScaleA2_org2_angle1.tif:43,1947.582,292,15459,43
44,ScaleA2_org2_angle1.tif:44,1958.900,293,15126,44
45,ScaleA2_org2_angle1.tif:45,1968.628,294,19503,45
46,ScaleA2_org2_angle1.tif:46,1979.937,297,21784,46
47,ScaleA2_org2_angle1.tif:47,1994.941,294,19321,47
48,ScaleA2_org2_angle1.tif:48,2016.886,301,16243,48
49,ScaleA2_org2_angle1.tif:49,2050.684,304,22112,49
50,ScaleA2_org2_angle1.tif:50,2099.655,311,25001,50
51,ScaleA2_org2_angle1.tif:51,2161.719,309,23096,51
52,ScaleA2_org2_angle1.tif:52,2239.270,308,17022,52
53,ScaleA2_org2_angle1.tif:53,2328.248,306,11576,53
54,ScaleA2_org2_angle1.tif:54,2417.258,319,16585,54
55,ScaleA2_org2_angle1.tif:55,2498.570,329,17910,55
56,ScaleA2_org2_angle1.tif:56,2559.949,320,17973,56
57,ScaleA2_org2_angle1.tif:57,2590.869,334,17529,57
58,ScaleA2_org2_angle1.tif:58,2594.187,338,17002,58
59,ScaleA2_org2_angle1.tif:59,2580.946,338,13519,59
60,ScaleA2_org2_angle1.tif:60,2561.013,338,10513,60
61,ScaleA2_org2_angle1.tif:61,2547.304,351,11182,61
62,ScaleA2_org2_angle1.tif:62,2547.599,345,10879,62
63,ScaleA2_org2_angle1.tif:63,2565.618,353,12190,63
64,ScaleA2_org2_angle1.tif:64,2599.564,368,19590,64
65,ScaleA2_org2_angle1.tif:65,2644.049,372,29809,65
66,ScaleA2_org2_angle1.tif:66,2691.260,383,44866,66
67,ScaleA2_org2_angle1.tif:67,2739.240,382,55860,67
68,ScaleA2_org2_angle1.tif:68,2786.278,402,51208,68
69,ScaleA2_org2_angle1.tif:69,2826.721,428,32941,69
70,ScaleA2_org2_angle1.tif:70,2861.232,447,21610,70
71,ScaleA2_org2_angle1.tif:71,2888.982,450,23881,71
72,ScaleA2_org2_angle1.tif:72,2910.507,465,30302,72
73,ScaleA2_org2_angle1.tif:73,2926.460,486,29572,73
74,ScaleA2_org2_angle1.tif:74,2936.610,509,23024,74
75,ScaleA2_org2_angle1.tif:75,2941.879,518,14897,75
76,ScaleA2_org2_angle1.tif:76,2944.112,538,11928,76
77,ScaleA2_org2_angle1.tif:77,2938.851,549,9320,77
78,ScaleA2_org2_angle1.tif:78,2928.246,540,9059,78
79,ScaleA2_org2_angle1.tif:79,2912.989,571,6952,79
80,ScaleA2_org2_angle1.tif:80,2898.611,582,6225,80
81,ScaleA2_org2_angle1.tif:81,2887.692,586,7607,81
82,ScaleA2_org2_angle1.tif:82,2884.543,600,7905,82
83,ScaleA2_org2_angle1.tif:83,2887.460,633,7856,83
84,ScaleA2_org2_angle1.tif:84,2896.969,681,6904,84
85,ScaleA2_org2_angle1.tif:85,2913.110,738,6197,85
86,ScaleA2_org2_angle1.tif:86,2929.339,799,6565,86
87,ScaleA2_org2_angle1.tif:87,2939.887,829,6192,87
88,ScaleA2_org2_angle1.tif:88,2944.167,881,5218,88
89,ScaleA2_org2_angle1.tif:89,2943.841,955,4969,89
90,ScaleA2_org2_angle1.tif:90,2939.907,985,4837,90
91,ScaleA2_org2_angle1.tif:91,2934.775,1004,5265,91
92,ScaleA2_org2_angle1.tif:92,2931.100,1025,5826,92
93,ScaleA2_org2_angle1.tif:93,2932.048,1016,5594,93
94,ScaleA2_org2_angle1.tif:94,2941.484,1049,6253,94
95,ScaleA2_org2_angle1.tif:95,2958.290,1095,7908,95
96,ScaleA2_org2_angle1.tif:96,2983.675,1153,8297,96
97,ScaleA2_org2_angle1.tif:97,3017.499,1149,7638,97
98,ScaleA2_org2_angle1.tif:98,3054.829,1160,7249,98
99,ScaleA2_org2_angle1.tif:99,3091.858,1234,6461,99
100,ScaleA2_org2_angle1.tif:100,3120.952,1351,5876,100
101,ScaleA2_org2_angle1.tif:101,3137.551,1471,5592,101
102,ScaleA2_org2_angle1.tif:102,3142.935,1571,5295,102
103,ScaleA2_org2_angle1.tif:103,3137.386,1605,5308,103
104,ScaleA2_org2_angle1.tif:104,3128.590,1620,5293,104
105,ScaleA2_org2_angle1.tif:105,3125.300,1620,5252,105
106,ScaleA2_org2_angle1.tif:106,3130.842,1587,5292,106
107,ScaleA2_org2_angle1.tif:107,3143.570,1601,5323,107
108,ScaleA2_org2_angle1.tif:108,3159.824,1581,5295,108
109,ScaleA2_org2_angle1.tif:109,3175.130,1627,5281,109
110,ScaleA2_org2_angle1.tif:110,3188.400,1667,5085,110
111,ScaleA2_org2_angle1.tif:111,3201.287,1691,4910,111
112,ScaleA2_org2_angle1.tif:112,3212.606,1711,4820,112
113,ScaleA2_org2_angle1.tif:113,3230.426,1738,4825,113
114,ScaleA2_org2_angle1.tif:114,3261.275,1764,4754,114
115,ScaleA2_org2_angle1.tif:115,3303.560,1786,4897,115
116,ScaleA2_org2_angle1.tif:116,3355.499,1817,5176,116
117,ScaleA2_org2_angle1.tif:117,3410.536,1886,5326,117
118,ScaleA2_org2_angle1.tif:118,3462.350,1974,5538,118
119,ScaleA2_org2_angle1.tif:119,3507.472,1905,5643,119
120,ScaleA2_org2_angle1.tif:120,3541.546,1879,5743,120
121,ScaleA2_org2_angle1.tif:121,3564.104,1877,5958,121
122,ScaleA2_org2_angle1.tif:122,3574.693,1874,5966,122
123,ScaleA2_org2_angle1.tif:123,3574.976,1888,5962,123
124,ScaleA2_org2_angle1.tif:124,3564.830,1895,5881,124
125,ScaleA2_org2_angle1.tif:125,3549.982,1946,5723,125
126,ScaleA2_org2_angle1.tif:126,3534.792,1978,5530,126
127,ScaleA2_org2_angle1.tif:127,3521.185,2014,5376,127
128,ScaleA2_org2_angle1.tif:128,3514.574,2051,5327,128
129,ScaleA2_org2_angle1.tif:129,3515.514,2125,5315,129
130,ScaleA2_org2_angle1.tif:130,3521.523,2226,5258,130
131,ScaleA2_org2_angle1.tif:131,3532.333,2246,5303,131
132,ScaleA2_org2_angle1.tif:132,3544.272,2299,5319,132
133,ScaleA2_org2_angle1.tif:133,3559.103,2395,5355,133
134,ScaleA2_org2_angle1.tif:134,3576.913,2409,5392,134
135,ScaleA2_org2_angle1.tif:135,3598.356,2367,5414,135
136,ScaleA2_org2_angle1.tif:136,3618.174,2357,5330,136
137,ScaleA2_org2_angle1.tif:137,3639.039,2351,5293,137
138,ScaleA2_org2_angle1.tif:138,3662.333,2348,5202,138
139,ScaleA2_org2_angle1.tif:139,3683.658,2330,5225,139
140,ScaleA2_org2_angle1.tif:140,3705.009,2344,5279,140
141,ScaleA2_org2_angle1.tif:141,3720.621,2348,5294,141
142,ScaleA2_org2_angle1.tif:142,3728.276,2314,5243,142
143,ScaleA2_org2_angle1.tif:143,3731.594,2277,5203,143
144,ScaleA2_org2_angle1.tif:144,3729.130,2238,5095,144
145,ScaleA2_org2_angle1.tif:145,3722.979,2235,5028,145
146,ScaleA2_org2_angle1.tif:146,3715.624,2232,5068,146
147,ScaleA2_org2_angle1.tif:147,3709.492,2180,5125,147
148,ScaleA2_org2_angle1.tif:148,3703.606,2188,5128,148
149,ScaleA2_org2_angle1.tif:149,3698.413,2156,5092,149
150,ScaleA2_org2_angle1.tif:150,3689.343,2140,5074,150
151,ScaleA2_org2_angle1.tif:151,3676.068,2121,4975,151
152,ScaleA2_org2_angle1.tif:152,3661.038,2139,4929,152
153,ScaleA2_org2_angle1.tif:153,3642.187,2183,4905,153
154,ScaleA2_org2_angle1.tif:154,3622.173,2228,4928,154
155,ScaleA2_org2_angle1.tif:155,3603.098,2238,4948,155
156,ScaleA2_org2_angle1.tif:156,3584.009,2302,4911,156
157,ScaleA2_org2_angle1.tif:157,3566.659,2378,4861,157
158,ScaleA2_org2_angle1.tif:158,3551.257,2376,4859,158
159,ScaleA2_org2_angle1.tif:159,3539.391,2367,4791,159
160,ScaleA2_org2_angle1.tif:160,3529.604,2387,4737,160
161,ScaleA2_org2_angle1.tif:161,3521.710,2407,4695,161
162,ScaleA2_org2_angle1.tif:162,3512.544,2407,4658,162
163,ScaleA2_org2_angle1.tif:163,3501.879,2435,4668,163
164,ScaleA2_org2_angle1.tif:164,3490.061,2469,4665,164
165,ScaleA2_org2_angle1.tif:165,3478.373,2516,4648,165
166,ScaleA2_org2_angle1.tif:166,3468.460,2523,4676,166
167,ScaleA2_org2_angle1.tif:167,3462.893,2488,4649,167
168,ScaleA2_org2_angle1.tif:168,3460.260,2477,4712,168
169,ScaleA2_org2_angle1.tif:169,3456.782,2468,4673,169
170,ScaleA2_org2_angle1.tif:170,3451.739,2438,4687,170
171,ScaleA2_org2_angle1.tif:171,3444.521,2437,4652,171
172,ScaleA2_org2_angle1.tif:172,3435.797,2382,4576,172
173,ScaleA2_org2_angle1.tif:173,3425.246,2434,4519,173
174,ScaleA2_org2_angle1.tif:174,3411.792,2412,4561,174
175,ScaleA2_org2_angle1.tif:175,3399.713,2425,4632,175
176,ScaleA2_org2_angle1.tif:176,3386.923,2427,4626,176
177,ScaleA2_org2_angle1.tif:177,3376.963,2448,4637,177
178,ScaleA2_org2_angle1.tif:178,3369.663,2466,4682,178
179,ScaleA2_org2_angle1.tif:179,3364.868,2475,4676,179
180,ScaleA2_org2_angle1.tif:180,3359.384,2445,4663,180
181,ScaleA2_org2_angle1.tif:181,3356.560,2435,4622,181
182,ScaleA2_org2_angle1.tif:182,3357.939,2457,4559,182
183,ScaleA2_org2_angle1.tif:183,3360.930,2447,4489,183
184,ScaleA2_org2_angle1.tif:184,3367.373,2457,4491,184
185,ScaleA2_org2_angle1.tif:185,3374.792,2441,4454,185
186,ScaleA2_org2_angle1.tif:186,3379.474,2415,4458,186
187,ScaleA2_org2_angle1.tif:187,3383.255,2454,4400,187
188,ScaleA2_org2_angle1.tif:188,3380.367,2491,4381,188
189,ScaleA2_org2_angle1.tif:189,3371.577,2508,4365,189
190,ScaleA2_org2_angle1.tif:190,3360.128,2479,4322,190
191,ScaleA2_org2_angle1.tif:191,3346.034,2435,4327,191
192,ScaleA2_org2_angle1.tif:192,3332.534,2442,4280,192
193,ScaleA2_org2_angle1.tif:193,3319.702,2475,4291,193
194,ScaleA2_org2_angle1.tif:194,3304.594,2435,4303,194
195,ScaleA2_org2_angle1.tif:195,3291.337,2421,4266,195
196,ScaleA2_org2_angle1.tif:196,3274.795,2362,4262,196
197,ScaleA2_org2_angle1.tif:197,3251.926,2349,4235,197
198,ScaleA2_org2_angle1.tif:198,3221.445,2259,4150,198
199,ScaleA2_org2_angle1.tif:199,3186.719,2215,4111,199
200,ScaleA2_org2_angle1.tif:200,3147.097,2189,3982,200
201,ScaleA2_org2_angle1.tif:201,3108.931,2173,3908,201
202,ScaleA2_org2_angle1.tif:202,3073.642,2194,3837,202
203,ScaleA2_org2_angle1.tif:203,3041.709,2162,3785,203
204,ScaleA2_org2_angle1.tif:204,3013.315,2151,3687,204
205,ScaleA2_org2_angle1.tif:205,2989.335,2118,3659,205
206,ScaleA2_org2_angle1.tif:206,2969.146,2050,3677,206
207,ScaleA2_org2_angle1.tif:207,2956.420,2003,3647,207
208,ScaleA2_org2_angle1.tif:208,2949.437,1896,3700,208
209,ScaleA2_org2_angle1.tif:209,2943.218,1811,3718,209
210,ScaleA2_org2_angle1.tif:210,2935.462,1728,3717,210
211,ScaleA2_org2_angle1.tif:211,2924.036,1684,3710,211
212,ScaleA2_org2_angle1.tif:212,2907.671,1590,3668,212
213,ScaleA2_org2_angle1.tif:213,2889.866,1506,3654,213
214,ScaleA2_org2_angle1.tif:214,2869.855,1458,3620,214
215,ScaleA2_org2_angle1.tif:215,2846.091,1387,3643,215
216,ScaleA2_org2_angle1.tif:216,2817.195,1342,3641,216
217,ScaleA2_org2_angle1.tif:217,2782.181,1288,3658,217
218,ScaleA2_org2_angle1.tif:218,2737.874,1262,3600,218
219,ScaleA2_org2_angle1.tif:219,2688.610,1214,3598,219
220,ScaleA2_org2_angle1.tif:220,2636.226,1156,3588,220
221,ScaleA2_org2_angle1.tif:221,2582.002,1067,3562,221
222,ScaleA2_org2_angle1.tif:222,2535.244,1010,3539,222
223,ScaleA2_org2_angle1.tif:223,2494.568,967,3471,223
224,ScaleA2_org2_angle1.tif:224,2459.566,902,3381,224
225,ScaleA2_org2_angle1.tif:225,2431.367,804,3319,225
226,ScaleA2_org2_angle1.tif:226,2407.078,799,3310,226
227,ScaleA2_org2_angle1.tif:227,2382.700,734,3273,227
228,ScaleA2_org2_angle1.tif:228,2355.481,692,3326,228
229,ScaleA2_org2_angle1.tif:229,2320.469,661,3262,229
230,ScaleA2_org2_angle1.tif:230,2275.007,605,3239,230
231,ScaleA2_org2_angle1.tif:231,2218.912,592,3209,231
232,ScaleA2_org2_angle1.tif:232,2144.165,514,3186,232
233,ScaleA2_org2_angle1.tif:233,2050.992,512,3128,233
234,ScaleA2_org2_angle1.tif:234,1951.358,450,3092,234
235,ScaleA2_org2_angle1.tif:235,1847.846,438,3044,235
236,ScaleA2_org2_angle1.tif:236,1556.828,0,2944,236
237,ScaleA2_org2_angle1.tif:237,0.000,0,0,237
238,ScaleA2_org2_angle1.tif:238,0.000,0,0,238
239,ScaleA2_org2_angle1.tif:239,0.000,0,0,239
240,ScaleA2_org2_angle1.tif:240,0.000,0,0,240
241,ScaleA2_org2_angle1.tif:241,0.000,0,0,241
242,ScaleA2_org2_angle1.tif:242,0.000,0,0,242
243,ScaleA2_org2_angle1.tif:243,0.000,0,0,243
244,ScaleA2_org2_angle1.tif:244,0.000,0,0,244
245,ScaleA2_org2_angle1.tif:245,0.000,0,0,245
246,ScaleA2_org2_angle1.tif:246,0.000,0,0,246
247,ScaleA2_org2_angle1.tif:247,0.000,0,0,247
248,ScaleA2_org2_angle1.tif:248,0.000,0,0,248
249,ScaleA2_org2_angle1.tif:249,0.000,0,0,249
250,ScaleA2_org2_angle1.tif:250,0.000,0,0,250
251,ScaleA2_org2_angle1.tif:251,0.000,0,0,251
252,ScaleA2_org2_angle1.tif:252,0.000,0,0,252
253,ScaleA2_org2_angle1.tif:253,0.000,0,0,253
254,ScaleA2_org2_angle1.tif:254,0.000,0,0,254
255,ScaleA2_org2_angle1.tif:255,0.000,0,0,255
256,ScaleA2_org2_angle1.tif:256,0.000,0,0,256
257,ScaleA2_org2_angle1.tif:257,0.000,0,0,257
258,ScaleA2_org2_angle1.tif:258,0.000,0,0,258
259,ScaleA2_org2_angle1.tif:259,0.000,0,0,259
260,ScaleA2_org2_angle1.tif:260,0.000,0,0,260
261,ScaleA2_org2_angle1.tif:261,0.000,0,0,261
262,ScaleA2_org2_angle1.tif:262,0.000,0,0,262
263,ScaleA2_org2_angle1.tif:263,0.000,0,0,263
264,ScaleA2_org2_angle1.tif:264,0.000,0,0,264
265,ScaleA2_org2_angle1.tif:265,0.000,0,0,265
266,ScaleA2_org2_angle1.tif:266,0.000,0,0,266
267,ScaleA2_org2_angle1.tif:267,0.000,0,0,267
268,ScaleA2_org2_angle1.tif:268,0.000,0,0,268
269,ScaleA2_org2_angle1.tif:269,0.000,0,0,269
