 ,Label,Mean,Min,Max,Slice
1,ScaleA2_org2_angle0.tif:1,0,0,0,1
2,ScaleA2_org2_angle0.tif:2,0,0,0,2
3,ScaleA2_org2_angle0.tif:3,0,0,0,3
4,ScaleA2_org2_angle0.tif:4,0,0,0,4
5,ScaleA2_org2_angle0.tif:5,0,0,0,5
6,ScaleA2_org2_angle0.tif:6,0,0,0,6
7,ScaleA2_org2_angle0.tif:7,0,0,0,7
8,ScaleA2_org2_angle0.tif:8,0,0,0,8
9,ScaleA2_org2_angle0.tif:9,0,0,0,9
10,ScaleA2_org2_angle0.tif:10,0,0,0,10
11,ScaleA2_org2_angle0.tif:11,0,0,0,11
12,ScaleA2_org2_angle0.tif:12,0,0,0,12
13,ScaleA2_org2_angle0.tif:13,0,0,0,13
14,ScaleA2_org2_angle0.tif:14,0,0,0,14
15,ScaleA2_org2_angle0.tif:15,0,0,0,15
16,ScaleA2_org2_angle0.tif:16,0,0,0,16
17,ScaleA2_org2_angle0.tif:17,0,0,0,17
18,ScaleA2_org2_angle0.tif:18,0,0,0,18
19,ScaleA2_org2_angle0.tif:19,0,0,0,19
20,ScaleA2_org2_angle0.tif:20,0,0,0,20
21,ScaleA2_org2_angle0.tif:21,0,0,0,21
22,ScaleA2_org2_angle0.tif:22,0,0,0,22
23,ScaleA2_org2_angle0.tif:23,0,0,0,23
24,ScaleA2_org2_angle0.tif:24,0,0,0,24
25,ScaleA2_org2_angle0.tif:25,0,0,0,25
26,ScaleA2_org2_angle0.tif:26,0,0,0,26
27,ScaleA2_org2_angle0.tif:27,0,0,0,27
28,ScaleA2_org2_angle0.tif:28,0,0,0,28
29,ScaleA2_org2_angle0.tif:29,693.821,246,1787,29
30,ScaleA2_org2_angle0.tif:30,751.117,249,1919,30
31,ScaleA2_org2_angle0.tif:31,809.359,244,2007,31
32,ScaleA2_org2_angle0.tif:32,876.285,270,2118,32
33,ScaleA2_org2_angle0.tif:33,949.852,278,2202,33
34,ScaleA2_org2_angle0.tif:34,1028.041,298,2260,34
35,ScaleA2_org2_angle0.tif:35,1107.534,310,2294,35
36,ScaleA2_org2_angle0.tif:36,1182.973,318,2340,36
37,ScaleA2_org2_angle0.tif:37,1250.987,323,2377,37
38,ScaleA2_org2_angle0.tif:38,1307.287,339,2410,38
39,ScaleA2_org2_angle0.tif:39,1352.281,340,2393,39
40,ScaleA2_org2_angle0.tif:40,1387.220,348,2375,40
41,ScaleA2_org2_angle0.tif:41,1415.653,364,2371,41
42,ScaleA2_org2_angle0.tif:42,1439.440,371,2392,42
43,ScaleA2_org2_angle0.tif:43,1460.711,371,2388,43
44,ScaleA2_org2_angle0.tif:44,1480.326,378,2378,44
45,ScaleA2_org2_angle0.tif:45,1501.186,392,2354,45
46,ScaleA2_org2_angle0.tif:46,1523.992,413,2317,46
47,ScaleA2_org2_angle0.tif:47,1550.130,402,2306,47
48,ScaleA2_org2_angle0.tif:48,1581.210,443,2347,48
49,ScaleA2_org2_angle0.tif:49,1618.730,452,2351,49
50,ScaleA2_org2_angle0.tif:50,1665.844,458,2392,50
51,ScaleA2_org2_angle0.tif:51,1722.708,477,2457,51
52,ScaleA2_org2_angle0.tif:52,1787.989,507,2545,52
53,ScaleA2_org2_angle0.tif:53,1857.206,527,2695,53
54,ScaleA2_org2_angle0.tif:54,1928.326,553,2695,54
55,ScaleA2_org2_angle0.tif:55,1997.477,584,2742,55
56,ScaleA2_org2_angle0.tif:56,2053.251,605,2798,56
57,ScaleA2_org2_angle0.tif:57,2093.603,630,2818,57
58,ScaleA2_org2_angle0.tif:58,2116.994,671,2795,58
59,ScaleA2_org2_angle0.tif:59,2128.702,671,2847,59
60,ScaleA2_org2_angle0.tif:60,2134.561,691,2892,60
61,ScaleA2_org2_angle0.tif:61,2139.097,707,2894,61
62,ScaleA2_org2_angle0.tif:62,2145.852,724,2945,62
63,ScaleA2_org2_angle0.tif:63,2160.263,746,2983,63
64,ScaleA2_org2_angle0.tif:64,2183.055,801,3007,64
65,ScaleA2_org2_angle0.tif:65,2212.390,831,3056,65
66,ScaleA2_org2_angle0.tif:66,2246.982,854,3060,66
67,ScaleA2_org2_angle0.tif:67,2283.137,896,3098,67
68,ScaleA2_org2_angle0.tif:68,2316.564,965,3113,68
69,ScaleA2_org2_angle0.tif:69,2349.389,999,3097,69
70,ScaleA2_org2_angle0.tif:70,2380.651,1027,3109,70
71,ScaleA2_org2_angle0.tif:71,2407.953,1044,3123,71
72,ScaleA2_org2_angle0.tif:72,2432.155,1068,3166,72
73,ScaleA2_org2_angle0.tif:73,2449.869,1073,3225,73
74,ScaleA2_org2_angle0.tif:74,2460.090,1096,3239,74
75,ScaleA2_org2_angle0.tif:75,2468.107,1126,3230,75
76,ScaleA2_org2_angle0.tif:76,2474.196,1137,3316,76
77,ScaleA2_org2_angle0.tif:77,2481.564,1171,3341,77
78,ScaleA2_org2_angle0.tif:78,2488.823,1194,3392,78
79,ScaleA2_org2_angle0.tif:79,2496.516,1223,3417,79
80,ScaleA2_org2_angle0.tif:80,2506.242,1242,3431,80
81,ScaleA2_org2_angle0.tif:81,2516.885,1204,3476,81
82,ScaleA2_org2_angle0.tif:82,2526.850,1217,3473,82
83,ScaleA2_org2_angle0.tif:83,2537.715,1234,3454,83
84,ScaleA2_org2_angle0.tif:84,2551.760,1244,3430,84
85,ScaleA2_org2_angle0.tif:85,2565.126,1226,3404,85
86,ScaleA2_org2_angle0.tif:86,2579.739,1189,3379,86
87,ScaleA2_org2_angle0.tif:87,2594.352,1206,3402,87
88,ScaleA2_org2_angle0.tif:88,2605.269,1223,3397,88
89,ScaleA2_org2_angle0.tif:89,2614.872,1224,3367,89
90,ScaleA2_org2_angle0.tif:90,2623.507,1247,3339,90
91,ScaleA2_org2_angle0.tif:91,2631.753,1236,3320,91
92,ScaleA2_org2_angle0.tif:92,2643.817,1255,3383,92
93,ScaleA2_org2_angle0.tif:93,2663.222,1284,3418,93
94,ScaleA2_org2_angle0.tif:94,2687.847,1263,3526,94
95,ScaleA2_org2_angle0.tif:95,2723.466,1318,3628,95
96,ScaleA2_org2_angle0.tif:96,2763.462,1385,3774,96
97,ScaleA2_org2_angle0.tif:97,2806.287,1364,3859,97
98,ScaleA2_org2_angle0.tif:98,2846.372,1434,3984,98
99,ScaleA2_org2_angle0.tif:99,2877.381,1475,4009,99
100,ScaleA2_org2_angle0.tif:100,2897.560,1517,4087,100
101,ScaleA2_org2_angle0.tif:101,2908.386,1533,4108,101
102,ScaleA2_org2_angle0.tif:102,2912.237,1577,4109,102
103,ScaleA2_org2_angle0.tif:103,2914.174,1598,4054,103
104,ScaleA2_org2_angle0.tif:104,2918.805,1637,4054,104
105,ScaleA2_org2_angle0.tif:105,2928.682,1645,4063,105
106,ScaleA2_org2_angle0.tif:106,2942.110,1686,4168,106
107,ScaleA2_org2_angle0.tif:107,2962.064,1701,4126,107
108,ScaleA2_org2_angle0.tif:108,2982.340,1695,4123,108
109,ScaleA2_org2_angle0.tif:109,3002.987,1723,4108,109
110,ScaleA2_org2_angle0.tif:110,3023.148,1760,4151,110
111,ScaleA2_org2_angle0.tif:111,3041.368,1771,4098,111
112,ScaleA2_org2_angle0.tif:112,3062.705,1749,4138,112
113,ScaleA2_org2_angle0.tif:113,3089.588,1756,4230,113
114,ScaleA2_org2_angle0.tif:114,3122.208,1790,4175,114
115,ScaleA2_org2_angle0.tif:115,3163.179,1824,4308,115
116,ScaleA2_org2_angle0.tif:116,3210.192,1899,4491,116
117,ScaleA2_org2_angle0.tif:117,3260.255,1957,4677,117
118,ScaleA2_org2_angle0.tif:118,3309.308,2015,4817,118
119,ScaleA2_org2_angle0.tif:119,3354.273,2101,5047,119
120,ScaleA2_org2_angle0.tif:120,3388.472,2135,5189,120
121,ScaleA2_org2_angle0.tif:121,3413.199,2115,5202,121
122,ScaleA2_org2_angle0.tif:122,3425.843,2123,5228,122
123,ScaleA2_org2_angle0.tif:123,3428.185,2127,5143,123
124,ScaleA2_org2_angle0.tif:124,3424.821,2093,5160,124
125,ScaleA2_org2_angle0.tif:125,3419.205,2079,5015,125
126,ScaleA2_org2_angle0.tif:126,3413.305,2128,4893,126
127,ScaleA2_org2_angle0.tif:127,3415.426,2183,4919,127
128,ScaleA2_org2_angle0.tif:128,3423.272,2259,4917,128
129,ScaleA2_org2_angle0.tif:129,3436.614,2290,4968,129
130,ScaleA2_org2_angle0.tif:130,3455.468,2365,5013,130
131,ScaleA2_org2_angle0.tif:131,3475.255,2379,5086,131
132,ScaleA2_org2_angle0.tif:132,3499.561,2422,5171,132
133,ScaleA2_org2_angle0.tif:133,3527.756,2422,5152,133
134,ScaleA2_org2_angle0.tif:134,3555.934,2441,5197,134
135,ScaleA2_org2_angle0.tif:135,3582.019,2479,5250,135
136,ScaleA2_org2_angle0.tif:136,3608.038,2466,5259,136
137,ScaleA2_org2_angle0.tif:137,3635.354,2435,5258,137
138,ScaleA2_org2_angle0.tif:138,3660.477,2383,5258,138
139,ScaleA2_org2_angle0.tif:139,3687.944,2353,5114,139
140,ScaleA2_org2_angle0.tif:140,3710.916,2358,5149,140
141,ScaleA2_org2_angle0.tif:141,3731.697,2323,5144,141
142,ScaleA2_org2_angle0.tif:142,3748.139,2268,5196,142
143,ScaleA2_org2_angle0.tif:143,3757.653,2221,5126,143
144,ScaleA2_org2_angle0.tif:144,3762.617,2132,5076,144
145,ScaleA2_org2_angle0.tif:145,3763.322,2084,5046,145
146,ScaleA2_org2_angle0.tif:146,3761.633,2040,5050,146
147,ScaleA2_org2_angle0.tif:147,3761.882,1983,5103,147
148,ScaleA2_org2_angle0.tif:148,3764.915,1925,5194,148
149,ScaleA2_org2_angle0.tif:149,3766.516,1902,5269,149
150,ScaleA2_org2_angle0.tif:150,3764.424,1872,5317,150
151,ScaleA2_org2_angle0.tif:151,3756.207,1870,5374,151
152,ScaleA2_org2_angle0.tif:152,3743.143,1884,5489,152
153,ScaleA2_org2_angle0.tif:153,3729.430,1936,5546,153
154,ScaleA2_org2_angle0.tif:154,3714.596,1951,5510,154
155,ScaleA2_org2_angle0.tif:155,3699.978,2030,5569,155
156,ScaleA2_org2_angle0.tif:156,3687.597,2100,5568,156
157,ScaleA2_org2_angle0.tif:157,3679.529,2068,5563,157
158,ScaleA2_org2_angle0.tif:158,3673.133,2014,5543,158
159,ScaleA2_org2_angle0.tif:159,3671.115,1945,5652,159
160,ScaleA2_org2_angle0.tif:160,3671.309,1962,5600,160
161,ScaleA2_org2_angle0.tif:161,3670.031,1949,5591,161
162,ScaleA2_org2_angle0.tif:162,3671.147,1937,5635,162
163,ScaleA2_org2_angle0.tif:163,3669.906,1941,5638,163
164,ScaleA2_org2_angle0.tif:164,3666.828,1921,5645,164
165,ScaleA2_org2_angle0.tif:165,3667.963,1968,5813,165
166,ScaleA2_org2_angle0.tif:166,3665.804,1946,5774,166
167,ScaleA2_org2_angle0.tif:167,3667.975,1948,5804,167
168,ScaleA2_org2_angle0.tif:168,3672.227,1977,5895,168
169,ScaleA2_org2_angle0.tif:169,3674.409,2005,5966,169
170,ScaleA2_org2_angle0.tif:170,3678.025,2023,5968,170
171,ScaleA2_org2_angle0.tif:171,3682.808,2055,5944,171
172,ScaleA2_org2_angle0.tif:172,3684.664,2067,5943,172
173,ScaleA2_org2_angle0.tif:173,3684.124,2042,5903,173
174,ScaleA2_org2_angle0.tif:174,3682.408,2004,5903,174
175,ScaleA2_org2_angle0.tif:175,3680.134,1988,6107,175
176,ScaleA2_org2_angle0.tif:176,3677.769,1970,6241,176
177,ScaleA2_org2_angle0.tif:177,3679.931,2041,6343,177
178,ScaleA2_org2_angle0.tif:178,3682.941,2000,6917,178
179,ScaleA2_org2_angle0.tif:179,3691.593,2013,7776,179
180,ScaleA2_org2_angle0.tif:180,3702.649,1970,8260,180
181,ScaleA2_org2_angle0.tif:181,3715.930,1902,8100,181
182,ScaleA2_org2_angle0.tif:182,3729.387,1914,7372,182
183,ScaleA2_org2_angle0.tif:183,3745.595,1909,6609,183
184,ScaleA2_org2_angle0.tif:184,3760.156,1925,6588,184
185,ScaleA2_org2_angle0.tif:185,3779.767,1872,6534,185
186,ScaleA2_org2_angle0.tif:186,3797.410,1814,6446,186
187,ScaleA2_org2_angle0.tif:187,3811.562,1755,6527,187
188,ScaleA2_org2_angle0.tif:188,3819.203,1686,8356,188
189,ScaleA2_org2_angle0.tif:189,3819.821,1650,11626,189
190,ScaleA2_org2_angle0.tif:190,3813.157,1620,15067,190
191,ScaleA2_org2_angle0.tif:191,3804.265,1554,16003,191
192,ScaleA2_org2_angle0.tif:192,3794.658,1544,12749,192
193,ScaleA2_org2_angle0.tif:193,3787.441,1500,8261,193
194,ScaleA2_org2_angle0.tif:194,3782.385,1446,6653,194
195,ScaleA2_org2_angle0.tif:195,3777.332,1471,6568,195
196,ScaleA2_org2_angle0.tif:196,3764.468,1488,6830,196
197,ScaleA2_org2_angle0.tif:197,3745.037,1432,6929,197
198,ScaleA2_org2_angle0.tif:198,3714.548,1374,6863,198
199,ScaleA2_org2_angle0.tif:199,3680.014,1327,7043,199
200,ScaleA2_org2_angle0.tif:200,3646.421,1288,7517,200
201,ScaleA2_org2_angle0.tif:201,3612.373,1272,7263,201
202,ScaleA2_org2_angle0.tif:202,3582.137,1276,8480,202
203,ScaleA2_org2_angle0.tif:203,3554.344,1241,10028,203
204,ScaleA2_org2_angle0.tif:204,3529.874,1143,11182,204
205,ScaleA2_org2_angle0.tif:205,3509.936,1102,11984,205
206,ScaleA2_org2_angle0.tif:206,3497.904,1079,12403,206
207,ScaleA2_org2_angle0.tif:207,3492.448,1034,11679,207
208,ScaleA2_org2_angle0.tif:208,3490.685,999,9589,208
209,ScaleA2_org2_angle0.tif:209,3492.079,980,7554,209
210,ScaleA2_org2_angle0.tif:210,3491.367,955,10631,210
211,ScaleA2_org2_angle0.tif:211,3489.013,913,15707,211
212,ScaleA2_org2_angle0.tif:212,3480.816,874,20822,212
213,ScaleA2_org2_angle0.tif:213,3467.085,823,24931,213
214,ScaleA2_org2_angle0.tif:214,3449.478,778,25067,214
215,ScaleA2_org2_angle0.tif:215,3430.405,736,18861,215
216,ScaleA2_org2_angle0.tif:216,3402.202,713,12904,216
217,ScaleA2_org2_angle0.tif:217,3363.103,654,9721,217
218,ScaleA2_org2_angle0.tif:218,3311.752,653,7757,218
219,ScaleA2_org2_angle0.tif:219,3249.809,596,7801,219
220,ScaleA2_org2_angle0.tif:220,3183.332,568,7849,220
221,ScaleA2_org2_angle0.tif:221,3118.584,574,8657,221
222,ScaleA2_org2_angle0.tif:222,3064.941,547,11018,222
223,ScaleA2_org2_angle0.tif:223,3027.316,491,12912,223
224,ScaleA2_org2_angle0.tif:224,3002.717,491,14207,224
225,ScaleA2_org2_angle0.tif:225,2990.410,496,15879,225
226,ScaleA2_org2_angle0.tif:226,2988.254,464,18884,226
227,ScaleA2_org2_angle0.tif:227,2995.244,456,19727,227
228,ScaleA2_org2_angle0.tif:228,3005.694,427,17274,228
229,ScaleA2_org2_angle0.tif:229,3009.570,416,14394,229
230,ScaleA2_org2_angle0.tif:230,2994.548,402,14236,230
231,ScaleA2_org2_angle0.tif:231,2948.525,383,14427,231
232,ScaleA2_org2_angle0.tif:232,2871.728,387,14800,232
233,ScaleA2_org2_angle0.tif:233,2770.017,384,12966,233
234,ScaleA2_org2_angle0.tif:234,2650.921,358,15106,234
235,ScaleA2_org2_angle0.tif:235,2519.125,348,20874,235
236,ScaleA2_org2_angle0.tif:236,2374.753,354,27895,236
237,ScaleA2_org2_angle0.tif:237,2222.867,343,32005,237
238,ScaleA2_org2_angle0.tif:238,2063.006,339,30090,238
239,ScaleA2_org2_angle0.tif:239,1899.703,334,25994,239
240,ScaleA2_org2_angle0.tif:240,1732.777,317,18015,240
241,ScaleA2_org2_angle0.tif:241,1565.951,288,13038,241
242,ScaleA2_org2_angle0.tif:242,1399.752,258,12978,242
243,ScaleA2_org2_angle0.tif:243,1240.820,242,15389,243
244,ScaleA2_org2_angle0.tif:244,1092.773,232,24125,244
245,ScaleA2_org2_angle0.tif:245,960.379,225,31660,245
246,ScaleA2_org2_angle0.tif:246,843.782,223,37595,246
247,ScaleA2_org2_angle0.tif:247,744.227,221,37828,247
248,ScaleA2_org2_angle0.tif:248,657.613,213,35427,248
249,ScaleA2_org2_angle0.tif:249,582.128,213,27843,249
250,ScaleA2_org2_angle0.tif:250,519.820,215,19774,250
251,ScaleA2_org2_angle0.tif:251,471.181,214,11900,251
252,ScaleA2_org2_angle0.tif:252,436.187,212,6715,252
253,ScaleA2_org2_angle0.tif:253,411.718,215,6372,253
254,ScaleA2_org2_angle0.tif:254,394.593,228,6014,254
255,ScaleA2_org2_angle0.tif:255,382.533,231,5784,255
256,ScaleA2_org2_angle0.tif:256,373.139,238,5579,256
257,ScaleA2_org2_angle0.tif:257,365.799,246,4864,257
258,ScaleA2_org2_angle0.tif:258,359.816,244,3582,258
259,ScaleA2_org2_angle0.tif:259,355.252,247,2239,259
260,ScaleA2_org2_angle0.tif:260,352.329,253,1260,260
261,ScaleA2_org2_angle0.tif:261,350.939,254,779,261
262,ScaleA2_org2_angle0.tif:262,350.835,251,612,262
263,ScaleA2_org2_angle0.tif:263,352.570,252,586,263
264,ScaleA2_org2_angle0.tif:264,355.903,247,567,264
265,ScaleA2_org2_angle0.tif:265,354.342,250,550,265
266,ScaleA2_org2_angle0.tif:266,351.133,254,544,266
267,ScaleA2_org2_angle0.tif:267,81.662,0,518,267
268,ScaleA2_org2_angle0.tif:268,0,0,0,268
269,ScaleA2_org2_angle0.tif:269,0,0,0,269
