 ,Label,Mean,Min,Max,Slice
1,ROI-right_ClearT2_org2_illufused_angle1.tif:1,323.642,213,668,1
2,ROI-right_ClearT2_org2_illufused_angle1.tif:2,327.417,213,712,2
3,ROI-right_ClearT2_org2_illufused_angle1.tif:3,331.414,214,746,3
4,ROI-right_ClearT2_org2_illufused_angle1.tif:4,335.375,216,799,4
5,ROI-right_ClearT2_org2_illufused_angle1.tif:5,339.670,208,823,5
6,ROI-right_ClearT2_org2_illufused_angle1.tif:6,344.128,204,865,6
7,ROI-right_ClearT2_org2_illufused_angle1.tif:7,349.214,209,901,7
8,ROI-right_ClearT2_org2_illufused_angle1.tif:8,354.612,219,944,8
9,ROI-right_ClearT2_org2_illufused_angle1.tif:9,360.342,218,1025,9
10,ROI-right_ClearT2_org2_illufused_angle1.tif:10,366.978,214,1148,10
11,ROI-right_ClearT2_org2_illufused_angle1.tif:11,374.371,212,1306,11
12,ROI-right_ClearT2_org2_illufused_angle1.tif:12,382.313,216,1501,12
13,ROI-right_ClearT2_org2_illufused_angle1.tif:13,390.987,218,1877,13
14,ROI-right_ClearT2_org2_illufused_angle1.tif:14,400.356,222,2410,14
15,ROI-right_ClearT2_org2_illufused_angle1.tif:15,410.573,218,3019,15
16,ROI-right_ClearT2_org2_illufused_angle1.tif:16,421.793,224,3441,16
17,ROI-right_ClearT2_org2_illufused_angle1.tif:17,433.446,220,3895,17
18,ROI-right_ClearT2_org2_illufused_angle1.tif:18,445.767,221,4181,18
19,ROI-right_ClearT2_org2_illufused_angle1.tif:19,458.851,224,4387,19
20,ROI-right_ClearT2_org2_illufused_angle1.tif:20,472.779,223,4296,20
21,ROI-right_ClearT2_org2_illufused_angle1.tif:21,487.085,219,4465,21
22,ROI-right_ClearT2_org2_illufused_angle1.tif:22,502.277,213,4733,22
23,ROI-right_ClearT2_org2_illufused_angle1.tif:23,517.552,221,7464,23
24,ROI-right_ClearT2_org2_illufused_angle1.tif:24,533.471,226,11860,24
25,ROI-right_ClearT2_org2_illufused_angle1.tif:25,550.106,224,14916,25
26,ROI-right_ClearT2_org2_illufused_angle1.tif:26,567.253,227,15166,26
27,ROI-right_ClearT2_org2_illufused_angle1.tif:27,585.117,229,14744,27
28,ROI-right_ClearT2_org2_illufused_angle1.tif:28,602.959,228,12772,28
29,ROI-right_ClearT2_org2_illufused_angle1.tif:29,620.056,231,9518,29
30,ROI-right_ClearT2_org2_illufused_angle1.tif:30,635.341,231,6380,30
31,ROI-right_ClearT2_org2_illufused_angle1.tif:31,648.709,228,5666,31
32,ROI-right_ClearT2_org2_illufused_angle1.tif:32,661.380,228,7509,32
33,ROI-right_ClearT2_org2_illufused_angle1.tif:33,674.465,226,9156,33
34,ROI-right_ClearT2_org2_illufused_angle1.tif:34,689.123,232,7909,34
35,ROI-right_ClearT2_org2_illufused_angle1.tif:35,706.406,236,6753,35
36,ROI-right_ClearT2_org2_illufused_angle1.tif:36,726.810,234,5462,36
37,ROI-right_ClearT2_org2_illufused_angle1.tif:37,749.191,233,6312,37
38,ROI-right_ClearT2_org2_illufused_angle1.tif:38,772.275,230,6609,38
39,ROI-right_ClearT2_org2_illufused_angle1.tif:39,794.924,227,8189,39
40,ROI-right_ClearT2_org2_illufused_angle1.tif:40,816.540,234,9142,40
41,ROI-right_ClearT2_org2_illufused_angle1.tif:41,836.815,230,9250,41
42,ROI-right_ClearT2_org2_illufused_angle1.tif:42,856.817,228,8579,42
43,ROI-right_ClearT2_org2_illufused_angle1.tif:43,877.788,230,10694,43
44,ROI-right_ClearT2_org2_illufused_angle1.tif:44,901.788,235,10696,44
45,ROI-right_ClearT2_org2_illufused_angle1.tif:45,929.335,233,10018,45
46,ROI-right_ClearT2_org2_illufused_angle1.tif:46,958.971,228,12016,46
47,ROI-right_ClearT2_org2_illufused_angle1.tif:47,990.047,232,11668,47
48,ROI-right_ClearT2_org2_illufused_angle1.tif:48,1023.868,236,9498,48
49,ROI-right_ClearT2_org2_illufused_angle1.tif:49,1060.825,232,7285,49
50,ROI-right_ClearT2_org2_illufused_angle1.tif:50,1100.181,239,10158,50
51,ROI-right_ClearT2_org2_illufused_angle1.tif:51,1141.000,224,11861,51
52,ROI-right_ClearT2_org2_illufused_angle1.tif:52,1182.946,236,11418,52
53,ROI-right_ClearT2_org2_illufused_angle1.tif:53,1226.392,234,10648,53
54,ROI-right_ClearT2_org2_illufused_angle1.tif:54,1272.880,238,10599,54
55,ROI-right_ClearT2_org2_illufused_angle1.tif:55,1319.931,239,8747,55
56,ROI-right_ClearT2_org2_illufused_angle1.tif:56,1367.121,236,9256,56
57,ROI-right_ClearT2_org2_illufused_angle1.tif:57,1415.361,238,12356,57
58,ROI-right_ClearT2_org2_illufused_angle1.tif:58,1463.550,237,13998,58
59,ROI-right_ClearT2_org2_illufused_angle1.tif:59,1510.113,237,13631,59
60,ROI-right_ClearT2_org2_illufused_angle1.tif:60,1553.759,232,11832,60
61,ROI-right_ClearT2_org2_illufused_angle1.tif:61,1593.015,239,9337,61
62,ROI-right_ClearT2_org2_illufused_angle1.tif:62,1630.480,235,8738,62
63,ROI-right_ClearT2_org2_illufused_angle1.tif:63,1668.158,240,7030,63
64,ROI-right_ClearT2_org2_illufused_angle1.tif:64,1707.967,239,5689,64
65,ROI-right_ClearT2_org2_illufused_angle1.tif:65,1749.110,235,8220,65
66,ROI-right_ClearT2_org2_illufused_angle1.tif:66,1790.550,239,9601,66
67,ROI-right_ClearT2_org2_illufused_angle1.tif:67,1831.059,235,9563,67
68,ROI-right_ClearT2_org2_illufused_angle1.tif:68,1872.448,240,14995,68
69,ROI-right_ClearT2_org2_illufused_angle1.tif:69,1913.155,239,22054,69
70,ROI-right_ClearT2_org2_illufused_angle1.tif:70,1952.430,240,26712,70
71,ROI-right_ClearT2_org2_illufused_angle1.tif:71,1989.638,237,26625,71
72,ROI-right_ClearT2_org2_illufused_angle1.tif:72,2022.492,243,22527,72
73,ROI-right_ClearT2_org2_illufused_angle1.tif:73,2052.413,247,16647,73
74,ROI-right_ClearT2_org2_illufused_angle1.tif:74,2082.923,246,11215,74
75,ROI-right_ClearT2_org2_illufused_angle1.tif:75,2115.696,247,9100,75
76,ROI-right_ClearT2_org2_illufused_angle1.tif:76,2152.201,243,9600,76
77,ROI-right_ClearT2_org2_illufused_angle1.tif:77,2192.216,243,10582,77
78,ROI-right_ClearT2_org2_illufused_angle1.tif:78,2233.923,241,11212,78
79,ROI-right_ClearT2_org2_illufused_angle1.tif:79,2273.797,246,14008,79
80,ROI-right_ClearT2_org2_illufused_angle1.tif:80,2311.110,251,15438,80
81,ROI-right_ClearT2_org2_illufused_angle1.tif:81,2341.315,247,14006,81
82,ROI-right_ClearT2_org2_illufused_angle1.tif:82,2367.595,247,10478,82
83,ROI-right_ClearT2_org2_illufused_angle1.tif:83,2389.690,239,9149,83
84,ROI-right_ClearT2_org2_illufused_angle1.tif:84,2409.711,244,9162,84
85,ROI-right_ClearT2_org2_illufused_angle1.tif:85,2428.544,245,8366,85
86,ROI-right_ClearT2_org2_illufused_angle1.tif:86,2448.274,246,6582,86
87,ROI-right_ClearT2_org2_illufused_angle1.tif:87,2470.641,249,6617,87
88,ROI-right_ClearT2_org2_illufused_angle1.tif:88,2498.483,246,6575,88
89,ROI-right_ClearT2_org2_illufused_angle1.tif:89,2529.383,236,6912,89
90,ROI-right_ClearT2_org2_illufused_angle1.tif:90,2564.713,245,6770,90
91,ROI-right_ClearT2_org2_illufused_angle1.tif:91,2601.202,243,6442,91
92,ROI-right_ClearT2_org2_illufused_angle1.tif:92,2635.318,238,6037,92
93,ROI-right_ClearT2_org2_illufused_angle1.tif:93,2666.587,243,5290,93
94,ROI-right_ClearT2_org2_illufused_angle1.tif:94,2697.549,244,4896,94
95,ROI-right_ClearT2_org2_illufused_angle1.tif:95,2724.835,240,4962,95
96,ROI-right_ClearT2_org2_illufused_angle1.tif:96,2747.504,242,4888,96
97,ROI-right_ClearT2_org2_illufused_angle1.tif:97,2766.480,243,4950,97
98,ROI-right_ClearT2_org2_illufused_angle1.tif:98,2783.555,244,4857,98
99,ROI-right_ClearT2_org2_illufused_angle1.tif:99,2799.072,242,4833,99
100,ROI-right_ClearT2_org2_illufused_angle1.tif:100,2816.034,240,5236,100
101,ROI-right_ClearT2_org2_illufused_angle1.tif:101,2833.950,241,7945,101
102,ROI-right_ClearT2_org2_illufused_angle1.tif:102,2853.273,242,9551,102
103,ROI-right_ClearT2_org2_illufused_angle1.tif:103,2872.700,239,9067,103
104,ROI-right_ClearT2_org2_illufused_angle1.tif:104,2891.177,240,6929,104
105,ROI-right_ClearT2_org2_illufused_angle1.tif:105,2910.026,238,4993,105
106,ROI-right_ClearT2_org2_illufused_angle1.tif:106,2931.621,231,4840,106
107,ROI-right_ClearT2_org2_illufused_angle1.tif:107,2953.636,227,5154,107
108,ROI-right_ClearT2_org2_illufused_angle1.tif:108,2977.392,225,5055,108
109,ROI-right_ClearT2_org2_illufused_angle1.tif:109,3002.749,226,4878,109
110,ROI-right_ClearT2_org2_illufused_angle1.tif:110,3030.074,228,5722,110
111,ROI-right_ClearT2_org2_illufused_angle1.tif:111,3061.647,230,6244,111
112,ROI-right_ClearT2_org2_illufused_angle1.tif:112,3095.621,232,5859,112
113,ROI-right_ClearT2_org2_illufused_angle1.tif:113,3130.608,231,5133,113
114,ROI-right_ClearT2_org2_illufused_angle1.tif:114,3163.862,228,4906,114
115,ROI-right_ClearT2_org2_illufused_angle1.tif:115,3191.604,223,4897,115
116,ROI-right_ClearT2_org2_illufused_angle1.tif:116,3210.090,224,5354,116
117,ROI-right_ClearT2_org2_illufused_angle1.tif:117,3219.730,228,5341,117
118,ROI-right_ClearT2_org2_illufused_angle1.tif:118,3222.674,229,4931,118
119,ROI-right_ClearT2_org2_illufused_angle1.tif:119,3217.949,223,4834,119
120,ROI-right_ClearT2_org2_illufused_angle1.tif:120,3210.507,219,4783,120
121,ROI-right_ClearT2_org2_illufused_angle1.tif:121,3199.963,219,4781,121
122,ROI-right_ClearT2_org2_illufused_angle1.tif:122,3190.127,220,4787,122
123,ROI-right_ClearT2_org2_illufused_angle1.tif:123,3181.104,219,4769,123
124,ROI-right_ClearT2_org2_illufused_angle1.tif:124,3172.065,218,4779,124
125,ROI-right_ClearT2_org2_illufused_angle1.tif:125,3165.842,214,4734,125
126,ROI-right_ClearT2_org2_illufused_angle1.tif:126,3165.349,220,4736,126
127,ROI-right_ClearT2_org2_illufused_angle1.tif:127,3166.720,221,4719,127
128,ROI-right_ClearT2_org2_illufused_angle1.tif:128,3170.005,221,4683,128
129,ROI-right_ClearT2_org2_illufused_angle1.tif:129,3175.448,220,4710,129
130,ROI-right_ClearT2_org2_illufused_angle1.tif:130,3179.788,221,4680,130
131,ROI-right_ClearT2_org2_illufused_angle1.tif:131,3182.258,221,4672,131
132,ROI-right_ClearT2_org2_illufused_angle1.tif:132,3181.949,223,4645,132
133,ROI-right_ClearT2_org2_illufused_angle1.tif:133,3175.848,225,4613,133
134,ROI-right_ClearT2_org2_illufused_angle1.tif:134,3168.018,227,4599,134
135,ROI-right_ClearT2_org2_illufused_angle1.tif:135,3158.455,228,4613,135
136,ROI-right_ClearT2_org2_illufused_angle1.tif:136,3145.287,231,4635,136
137,ROI-right_ClearT2_org2_illufused_angle1.tif:137,3131.589,235,4597,137
138,ROI-right_ClearT2_org2_illufused_angle1.tif:138,3117.925,237,4575,138
139,ROI-right_ClearT2_org2_illufused_angle1.tif:139,3103.898,239,4554,139
140,ROI-right_ClearT2_org2_illufused_angle1.tif:140,3089.956,237,4524,140
141,ROI-right_ClearT2_org2_illufused_angle1.tif:141,3075.074,240,4513,141
142,ROI-right_ClearT2_org2_illufused_angle1.tif:142,3061.360,240,4494,142
143,ROI-right_ClearT2_org2_illufused_angle1.tif:143,3050.460,242,4467,143
144,ROI-right_ClearT2_org2_illufused_angle1.tif:144,3041.760,239,4446,144
145,ROI-right_ClearT2_org2_illufused_angle1.tif:145,3034.465,237,4448,145
146,ROI-right_ClearT2_org2_illufused_angle1.tif:146,3029.196,241,4482,146
147,ROI-right_ClearT2_org2_illufused_angle1.tif:147,3022.892,242,4440,147
148,ROI-right_ClearT2_org2_illufused_angle1.tif:148,3015.503,239,4385,148
149,ROI-right_ClearT2_org2_illufused_angle1.tif:149,3006.455,241,4364,149
150,ROI-right_ClearT2_org2_illufused_angle1.tif:150,2994.860,244,4354,150
151,ROI-right_ClearT2_org2_illufused_angle1.tif:151,2980.481,249,4288,151
152,ROI-right_ClearT2_org2_illufused_angle1.tif:152,2967.837,242,4248,152
153,ROI-right_ClearT2_org2_illufused_angle1.tif:153,2954.310,239,4250,153
154,ROI-right_ClearT2_org2_illufused_angle1.tif:154,2940.454,242,4235,154
155,ROI-right_ClearT2_org2_illufused_angle1.tif:155,2929.344,241,4173,155
156,ROI-right_ClearT2_org2_illufused_angle1.tif:156,2918.897,252,4168,156
157,ROI-right_ClearT2_org2_illufused_angle1.tif:157,2909.165,252,4157,157
158,ROI-right_ClearT2_org2_illufused_angle1.tif:158,2900.262,254,4160,158
159,ROI-right_ClearT2_org2_illufused_angle1.tif:159,2889.309,251,4126,159
160,ROI-right_ClearT2_org2_illufused_angle1.tif:160,2875.189,259,5058,160
161,ROI-right_ClearT2_org2_illufused_angle1.tif:161,2860.629,260,5478,161
162,ROI-right_ClearT2_org2_illufused_angle1.tif:162,2844.065,262,5460,162
163,ROI-right_ClearT2_org2_illufused_angle1.tif:163,2825.898,267,4775,163
164,ROI-right_ClearT2_org2_illufused_angle1.tif:164,2806.527,264,3921,164
165,ROI-right_ClearT2_org2_illufused_angle1.tif:165,2784.569,265,3883,165
166,ROI-right_ClearT2_org2_illufused_angle1.tif:166,2761.391,264,3856,166
167,ROI-right_ClearT2_org2_illufused_angle1.tif:167,2737.516,266,3819,167
168,ROI-right_ClearT2_org2_illufused_angle1.tif:168,2709.068,270,3795,168
169,ROI-right_ClearT2_org2_illufused_angle1.tif:169,2678.858,272,3740,169
170,ROI-right_ClearT2_org2_illufused_angle1.tif:170,2647.013,267,3833,170
171,ROI-right_ClearT2_org2_illufused_angle1.tif:171,2613.540,267,3673,171
172,ROI-right_ClearT2_org2_illufused_angle1.tif:172,2578.617,259,3631,172
173,ROI-right_ClearT2_org2_illufused_angle1.tif:173,2543.570,262,3587,173
174,ROI-right_ClearT2_org2_illufused_angle1.tif:174,2510.083,253,3557,174
175,ROI-right_ClearT2_org2_illufused_angle1.tif:175,2478.283,259,3549,175
176,ROI-right_ClearT2_org2_illufused_angle1.tif:176,2448.355,266,3552,176
177,ROI-right_ClearT2_org2_illufused_angle1.tif:177,2420.559,255,3526,177
178,ROI-right_ClearT2_org2_illufused_angle1.tif:178,2395.776,248,3438,178
179,ROI-right_ClearT2_org2_illufused_angle1.tif:179,2374.552,259,3397,179
180,ROI-right_ClearT2_org2_illufused_angle1.tif:180,2353.047,256,3378,180
181,ROI-right_ClearT2_org2_illufused_angle1.tif:181,2332.432,261,3362,181
182,ROI-right_ClearT2_org2_illufused_angle1.tif:182,2311.558,260,3312,182
183,ROI-right_ClearT2_org2_illufused_angle1.tif:183,2288.285,256,3327,183
184,ROI-right_ClearT2_org2_illufused_angle1.tif:184,2263.377,262,3354,184
185,ROI-right_ClearT2_org2_illufused_angle1.tif:185,2237.085,264,3338,185
186,ROI-right_ClearT2_org2_illufused_angle1.tif:186,2210.575,259,3299,186
187,ROI-right_ClearT2_org2_illufused_angle1.tif:187,2183.908,260,3281,187
188,ROI-right_ClearT2_org2_illufused_angle1.tif:188,2155.889,259,3242,188
189,ROI-right_ClearT2_org2_illufused_angle1.tif:189,2127.926,260,3241,189
190,ROI-right_ClearT2_org2_illufused_angle1.tif:190,2099.111,255,3163,190
191,ROI-right_ClearT2_org2_illufused_angle1.tif:191,2068.962,250,3117,191
192,ROI-right_ClearT2_org2_illufused_angle1.tif:192,2039.856,260,3100,192
193,ROI-right_ClearT2_org2_illufused_angle1.tif:193,2011.682,258,3062,193
194,ROI-right_ClearT2_org2_illufused_angle1.tif:194,1983.519,255,3003,194
195,ROI-right_ClearT2_org2_illufused_angle1.tif:195,1956.515,257,2976,195
196,ROI-right_ClearT2_org2_illufused_angle1.tif:196,1928.921,255,2910,196
197,ROI-right_ClearT2_org2_illufused_angle1.tif:197,1899.912,255,2917,197
198,ROI-right_ClearT2_org2_illufused_angle1.tif:198,1868.580,255,2856,198
199,ROI-right_ClearT2_org2_illufused_angle1.tif:199,1833.946,252,2831,199
200,ROI-right_ClearT2_org2_illufused_angle1.tif:200,1794.762,256,2821,200
201,ROI-right_ClearT2_org2_illufused_angle1.tif:201,1751.539,250,2810,201
202,ROI-right_ClearT2_org2_illufused_angle1.tif:202,1707.131,250,2809,202
203,ROI-right_ClearT2_org2_illufused_angle1.tif:203,1663.879,249,2726,203
204,ROI-right_ClearT2_org2_illufused_angle1.tif:204,1621.457,247,2805,204
205,ROI-right_ClearT2_org2_illufused_angle1.tif:205,1578.445,245,2911,205
206,ROI-right_ClearT2_org2_illufused_angle1.tif:206,1534.406,246,3019,206
207,ROI-right_ClearT2_org2_illufused_angle1.tif:207,1490.093,244,3057,207
208,ROI-right_ClearT2_org2_illufused_angle1.tif:208,1444.483,243,3088,208
209,ROI-right_ClearT2_org2_illufused_angle1.tif:209,1395.059,237,2993,209
210,ROI-right_ClearT2_org2_illufused_angle1.tif:210,1341.159,234,2812,210
211,ROI-right_ClearT2_org2_illufused_angle1.tif:211,1281.895,231,2865,211
212,ROI-right_ClearT2_org2_illufused_angle1.tif:212,1218.424,229,2835,212
213,ROI-right_ClearT2_org2_illufused_angle1.tif:213,1148.635,229,2715,213
214,ROI-right_ClearT2_org2_illufused_angle1.tif:214,1074.421,221,2406,214
215,ROI-right_ClearT2_org2_illufused_angle1.tif:215,997.256,215,2193,215
216,ROI-right_ClearT2_org2_illufused_angle1.tif:216,916.689,216,2021,216
217,ROI-right_ClearT2_org2_illufused_angle1.tif:217,834.505,216,1784,217
218,ROI-right_ClearT2_org2_illufused_angle1.tif:218,751.799,213,1589,218
219,ROI-right_ClearT2_org2_illufused_angle1.tif:219,669.587,207,1402,219
220,ROI-right_ClearT2_org2_illufused_angle1.tif:220,589.291,207,1210,220
221,ROI-right_ClearT2_org2_illufused_angle1.tif:221,513.915,205,1019,221
222,ROI-right_ClearT2_org2_illufused_angle1.tif:222,448.696,201,840,222
223,ROI-right_ClearT2_org2_illufused_angle1.tif:223,396.708,195,685,223
224,ROI-right_ClearT2_org2_illufused_angle1.tif:224,357.303,202,576,224
225,ROI-right_ClearT2_org2_illufused_angle1.tif:225,329.479,189,492,225
226,ROI-right_ClearT2_org2_illufused_angle1.tif:226,312.295,197,441,226
227,ROI-right_ClearT2_org2_illufused_angle1.tif:227,302.337,196,421,227
228,ROI-right_ClearT2_org2_illufused_angle1.tif:228,296.148,196,406,228
229,ROI-right_ClearT2_org2_illufused_angle1.tif:229,291.646,200,398,229
230,ROI-right_ClearT2_org2_illufused_angle1.tif:230,288.180,196,388,230
231,ROI-right_ClearT2_org2_illufused_angle1.tif:231,285.023,195,387,231
232,ROI-right_ClearT2_org2_illufused_angle1.tif:232,282.137,198,380,232
233,ROI-right_ClearT2_org2_illufused_angle1.tif:233,2.189,0,267,233
234,ROI-right_ClearT2_org2_illufused_angle1.tif:234,0.000,0,0,234
235,ROI-right_ClearT2_org2_illufused_angle1.tif:235,0.000,0,0,235
236,ROI-right_ClearT2_org2_illufused_angle1.tif:236,0.000,0,0,236
237,ROI-right_ClearT2_org2_illufused_angle1.tif:237,0.000,0,0,237
238,ROI-right_ClearT2_org2_illufused_angle1.tif:238,0.000,0,0,238
239,ROI-right_ClearT2_org2_illufused_angle1.tif:239,0.000,0,0,239
240,ROI-right_ClearT2_org2_illufused_angle1.tif:240,0.000,0,0,240
241,ROI-right_ClearT2_org2_illufused_angle1.tif:241,0.000,0,0,241
242,ROI-right_ClearT2_org2_illufused_angle1.tif:242,0.000,0,0,242
243,ROI-right_ClearT2_org2_illufused_angle1.tif:243,0.000,0,0,243
244,ROI-right_ClearT2_org2_illufused_angle1.tif:244,0.000,0,0,244
245,ROI-right_ClearT2_org2_illufused_angle1.tif:245,0.000,0,0,245
246,ROI-right_ClearT2_org2_illufused_angle1.tif:246,0.000,0,0,246
247,ROI-right_ClearT2_org2_illufused_angle1.tif:247,0.000,0,0,247
248,ROI-right_ClearT2_org2_illufused_angle1.tif:248,0.000,0,0,248
249,ROI-right_ClearT2_org2_illufused_angle1.tif:249,0.000,0,0,249
250,ROI-right_ClearT2_org2_illufused_angle1.tif:250,0.000,0,0,250
251,ROI-right_ClearT2_org2_illufused_angle1.tif:251,0.000,0,0,251
252,ROI-right_ClearT2_org2_illufused_angle1.tif:252,0.000,0,0,252
253,ROI-right_ClearT2_org2_illufused_angle1.tif:253,0.000,0,0,253
254,ROI-right_ClearT2_org2_illufused_angle1.tif:254,0.000,0,0,254
255,ROI-right_ClearT2_org2_illufused_angle1.tif:255,0.000,0,0,255
256,ROI-right_ClearT2_org2_illufused_angle1.tif:256,0.000,0,0,256
257,ROI-right_ClearT2_org2_illufused_angle1.tif:257,0.000,0,0,257
258,ROI-right_ClearT2_org2_illufused_angle1.tif:258,0.000,0,0,258
