 ,Label,Mean,Min,Max,Slice
1,Fructose_org5_angle1.tif:1,0.000,0,0,1
2,Fructose_org5_angle1.tif:2,0.000,0,0,2
3,Fructose_org5_angle1.tif:3,0.000,0,0,3
4,Fructose_org5_angle1.tif:4,0.000,0,0,4
5,Fructose_org5_angle1.tif:5,0.000,0,0,5
6,Fructose_org5_angle1.tif:6,0.000,0,0,6
7,Fructose_org5_angle1.tif:7,0.000,0,0,7
8,Fructose_org5_angle1.tif:8,0.000,0,0,8
9,Fructose_org5_angle1.tif:9,0.000,0,0,9
10,Fructose_org5_angle1.tif:10,0.000,0,0,10
11,Fructose_org5_angle1.tif:11,0.000,0,0,11
12,Fructose_org5_angle1.tif:12,0.000,0,0,12
13,Fructose_org5_angle1.tif:13,0.000,0,0,13
14,Fructose_org5_angle1.tif:14,0.000,0,0,14
15,Fructose_org5_angle1.tif:15,0.000,0,0,15
16,Fructose_org5_angle1.tif:16,0.000,0,0,16
17,Fructose_org5_angle1.tif:17,0.000,0,0,17
18,Fructose_org5_angle1.tif:18,0.000,0,0,18
19,Fructose_org5_angle1.tif:19,0.000,0,0,19
20,Fructose_org5_angle1.tif:20,0.000,0,0,20
21,Fructose_org5_angle1.tif:21,0.000,0,0,21
22,Fructose_org5_angle1.tif:22,616.230,0,875,22
23,Fructose_org5_angle1.tif:23,648.852,380,876,23
24,Fructose_org5_angle1.tif:24,670.876,383,907,24
25,Fructose_org5_angle1.tif:25,694.144,401,954,25
26,Fructose_org5_angle1.tif:26,721.061,406,998,26
27,Fructose_org5_angle1.tif:27,754.211,408,1218,27
28,Fructose_org5_angle1.tif:28,797.363,424,1531,28
29,Fructose_org5_angle1.tif:29,856.401,425,2133,29
30,Fructose_org5_angle1.tif:30,936.341,424,3111,30
31,Fructose_org5_angle1.tif:31,1047.147,444,4996,31
32,Fructose_org5_angle1.tif:32,1200.687,458,7863,32
33,Fructose_org5_angle1.tif:33,1410.313,468,11453,33
34,Fructose_org5_angle1.tif:34,1695.445,478,15237,34
35,Fructose_org5_angle1.tif:35,2080.940,482,18646,35
36,Fructose_org5_angle1.tif:36,2589.832,505,21075,36
37,Fructose_org5_angle1.tif:37,3263.759,517,22763,37
38,Fructose_org5_angle1.tif:38,4124.941,535,25346,38
39,Fructose_org5_angle1.tif:39,5165.414,546,32274,39
40,Fructose_org5_angle1.tif:40,6336.802,561,46788,40
41,Fructose_org5_angle1.tif:41,7603.688,615,56392,41
42,Fructose_org5_angle1.tif:42,8912.987,649,60696,42
43,Fructose_org5_angle1.tif:43,10229.432,687,63364,43
44,Fructose_org5_angle1.tif:44,11501.080,700,64803,44
45,Fructose_org5_angle1.tif:45,12690.699,748,65535,45
46,Fructose_org5_angle1.tif:46,13772.471,791,65535,46
47,Fructose_org5_angle1.tif:47,14715.384,835,65535,47
48,Fructose_org5_angle1.tif:48,15507.822,931,65535,48
49,Fructose_org5_angle1.tif:49,16126.343,984,65535,49
50,Fructose_org5_angle1.tif:50,16581.368,1104,65535,50
51,Fructose_org5_angle1.tif:51,16898.031,1295,65535,51
52,Fructose_org5_angle1.tif:52,17085.848,1497,65535,52
53,Fructose_org5_angle1.tif:53,17198.147,1838,65535,53
54,Fructose_org5_angle1.tif:54,17279.609,2220,65535,54
55,Fructose_org5_angle1.tif:55,17343.847,2695,65501,55
56,Fructose_org5_angle1.tif:56,17394.911,3093,64345,56
57,Fructose_org5_angle1.tif:57,17407.287,3570,53903,57
58,Fructose_org5_angle1.tif:58,17405.934,3833,49549,58
59,Fructose_org5_angle1.tif:59,17370.104,4487,46008,59
60,Fructose_org5_angle1.tif:60,17283.840,4919,44838,60
61,Fructose_org5_angle1.tif:61,17182.318,5345,40722,61
62,Fructose_org5_angle1.tif:62,17051.612,5844,38539,62
63,Fructose_org5_angle1.tif:63,16878.155,6146,39988,63
64,Fructose_org5_angle1.tif:64,16657.786,6754,36949,64
65,Fructose_org5_angle1.tif:65,16400.071,7370,31701,65
66,Fructose_org5_angle1.tif:66,16114.056,8023,26869,66
67,Fructose_org5_angle1.tif:67,15801.409,8460,25650,67
68,Fructose_org5_angle1.tif:68,15474.041,8512,25258,68
69,Fructose_org5_angle1.tif:69,15148.139,7843,25172,69
70,Fructose_org5_angle1.tif:70,14836.875,7356,25153,70
71,Fructose_org5_angle1.tif:71,14550.818,7035,25804,71
72,Fructose_org5_angle1.tif:72,14306.151,6795,28561,72
73,Fructose_org5_angle1.tif:73,14099.123,6511,33159,73
74,Fructose_org5_angle1.tif:74,13935.263,6238,38444,74
75,Fructose_org5_angle1.tif:75,13824.538,5954,42328,75
76,Fructose_org5_angle1.tif:76,13757.402,5678,43162,76
77,Fructose_org5_angle1.tif:77,13714.149,5414,40295,77
78,Fructose_org5_angle1.tif:78,13697.738,5306,35411,78
79,Fructose_org5_angle1.tif:79,13711.263,5223,30071,79
80,Fructose_org5_angle1.tif:80,13744.592,5195,25693,80
81,Fructose_org5_angle1.tif:81,13795.875,4737,25465,81
82,Fructose_org5_angle1.tif:82,13849.157,4299,25380,82
83,Fructose_org5_angle1.tif:83,13895.215,3919,25683,83
84,Fructose_org5_angle1.tif:84,13926.455,3636,24546,84
85,Fructose_org5_angle1.tif:85,13926.761,3411,23830,85
86,Fructose_org5_angle1.tif:86,13911.656,3215,28935,86
87,Fructose_org5_angle1.tif:87,13877.651,3096,40567,87
88,Fructose_org5_angle1.tif:88,13820.694,3001,51097,88
89,Fructose_org5_angle1.tif:89,13752.969,2942,58980,89
90,Fructose_org5_angle1.tif:90,13675.545,2893,63662,90
91,Fructose_org5_angle1.tif:91,13590.930,2834,64089,91
92,Fructose_org5_angle1.tif:92,13508.706,2875,60227,92
93,Fructose_org5_angle1.tif:93,13434.582,2829,53023,93
94,Fructose_org5_angle1.tif:94,13367.620,2930,44616,94
95,Fructose_org5_angle1.tif:95,13310.342,2968,36826,95
96,Fructose_org5_angle1.tif:96,13268.055,3076,29725,96
97,Fructose_org5_angle1.tif:97,13235.951,3164,31376,97
98,Fructose_org5_angle1.tif:98,13221.511,3292,38207,98
99,Fructose_org5_angle1.tif:99,13228.329,3490,44804,99
100,Fructose_org5_angle1.tif:100,13250.461,3674,48824,100
101,Fructose_org5_angle1.tif:101,13299.587,3955,49084,101
102,Fructose_org5_angle1.tif:102,13347.378,3970,45926,102
103,Fructose_org5_angle1.tif:103,13412.865,3958,40160,103
104,Fructose_org5_angle1.tif:104,13483.337,3895,33536,104
105,Fructose_org5_angle1.tif:105,13550.160,3939,28238,105
106,Fructose_org5_angle1.tif:106,13631.179,4003,24989,106
107,Fructose_org5_angle1.tif:107,13716.099,4113,25518,107
108,Fructose_org5_angle1.tif:108,13791.440,4275,26328,108
109,Fructose_org5_angle1.tif:109,13866.715,4539,25711,109
110,Fructose_org5_angle1.tif:110,13953.082,4855,24940,110
111,Fructose_org5_angle1.tif:111,14050.556,5022,23724,111
112,Fructose_org5_angle1.tif:112,14146.103,5236,23601,112
113,Fructose_org5_angle1.tif:113,14243.133,5571,23379,113
114,Fructose_org5_angle1.tif:114,14322.604,5926,22877,114
115,Fructose_org5_angle1.tif:115,14392.641,6027,22560,115
116,Fructose_org5_angle1.tif:116,14453.518,6088,22532,116
117,Fructose_org5_angle1.tif:117,14506.791,6260,22277,117
118,Fructose_org5_angle1.tif:118,14544.325,6273,22099,118
119,Fructose_org5_angle1.tif:119,14568.733,6270,22141,119
120,Fructose_org5_angle1.tif:120,14584.015,6223,22007,120
121,Fructose_org5_angle1.tif:121,14594.609,6257,22035,121
122,Fructose_org5_angle1.tif:122,14590.743,6352,22066,122
123,Fructose_org5_angle1.tif:123,14590.845,6354,21725,123
124,Fructose_org5_angle1.tif:124,14591.238,6341,21218,124
125,Fructose_org5_angle1.tif:125,14594.494,6440,21195,125
126,Fructose_org5_angle1.tif:126,14608.084,6479,21252,126
127,Fructose_org5_angle1.tif:127,14627.756,6429,21619,127
128,Fructose_org5_angle1.tif:128,14655.565,6509,22398,128
129,Fructose_org5_angle1.tif:129,14696.582,6568,22414,129
130,Fructose_org5_angle1.tif:130,14731.426,6577,22425,130
131,Fructose_org5_angle1.tif:131,14752.409,6695,21921,131
132,Fructose_org5_angle1.tif:132,14766.169,6839,21821,132
133,Fructose_org5_angle1.tif:133,14763.316,6927,21797,133
134,Fructose_org5_angle1.tif:134,14740.627,7149,21401,134
135,Fructose_org5_angle1.tif:135,14704.496,7283,21158,135
136,Fructose_org5_angle1.tif:136,14651.493,7348,21358,136
137,Fructose_org5_angle1.tif:137,14593.573,7429,21735,137
138,Fructose_org5_angle1.tif:138,14531.595,7359,21773,138
139,Fructose_org5_angle1.tif:139,14456.625,7184,21518,139
140,Fructose_org5_angle1.tif:140,14377.162,7155,21111,140
141,Fructose_org5_angle1.tif:141,14293.771,7068,20677,141
142,Fructose_org5_angle1.tif:142,14199.992,6967,20908,142
143,Fructose_org5_angle1.tif:143,14095.594,6934,21829,143
144,Fructose_org5_angle1.tif:144,13982.787,6981,22526,144
145,Fructose_org5_angle1.tif:145,13867.949,6844,22384,145
146,Fructose_org5_angle1.tif:146,13754.127,6928,21994,146
147,Fructose_org5_angle1.tif:147,13648.124,6965,21442,147
148,Fructose_org5_angle1.tif:148,13556.882,6897,22473,148
149,Fructose_org5_angle1.tif:149,13481.255,6935,23576,149
150,Fructose_org5_angle1.tif:150,13421.688,6935,24113,150
151,Fructose_org5_angle1.tif:151,13394.570,6914,24060,151
152,Fructose_org5_angle1.tif:152,13412.349,6862,23623,152
153,Fructose_org5_angle1.tif:153,13464.518,6927,22355,153
154,Fructose_org5_angle1.tif:154,13541.837,6846,22018,154
155,Fructose_org5_angle1.tif:155,13649.196,7040,21866,155
156,Fructose_org5_angle1.tif:156,13796.654,7113,22088,156
157,Fructose_org5_angle1.tif:157,13953.232,7303,22249,157
158,Fructose_org5_angle1.tif:158,14106.517,7517,22210,158
159,Fructose_org5_angle1.tif:159,14257.315,7773,22815,159
160,Fructose_org5_angle1.tif:160,14404.767,8085,22867,160
161,Fructose_org5_angle1.tif:161,14541.958,8438,22320,161
162,Fructose_org5_angle1.tif:162,14662.063,8513,21431,162
163,Fructose_org5_angle1.tif:163,14764.174,8405,20952,163
164,Fructose_org5_angle1.tif:164,14840.851,8061,20788,164
165,Fructose_org5_angle1.tif:165,14892.022,7761,21153,165
166,Fructose_org5_angle1.tif:166,14916.087,7491,21253,166
167,Fructose_org5_angle1.tif:167,14916.763,7342,21352,167
168,Fructose_org5_angle1.tif:168,14895.684,7234,21550,168
169,Fructose_org5_angle1.tif:169,14863.727,7022,22490,169
170,Fructose_org5_angle1.tif:170,14823.086,6977,23718,170
171,Fructose_org5_angle1.tif:171,14775.802,7001,23953,171
172,Fructose_org5_angle1.tif:172,14734.931,6981,23322,172
173,Fructose_org5_angle1.tif:173,14700.576,7169,22252,173
174,Fructose_org5_angle1.tif:174,14681.052,7240,21399,174
175,Fructose_org5_angle1.tif:175,14676.333,7290,22099,175
176,Fructose_org5_angle1.tif:176,14689.352,7291,23603,176
177,Fructose_org5_angle1.tif:177,14720.408,7396,24876,177
178,Fructose_org5_angle1.tif:178,14766.010,7513,27403,178
179,Fructose_org5_angle1.tif:179,14806.189,7555,28506,179
180,Fructose_org5_angle1.tif:180,14824.991,7364,28066,180
181,Fructose_org5_angle1.tif:181,14825.561,7274,26521,181
182,Fructose_org5_angle1.tif:182,14792.877,7143,24967,182
183,Fructose_org5_angle1.tif:183,14745.135,7096,23203,183
184,Fructose_org5_angle1.tif:184,14676.202,7042,21795,184
185,Fructose_org5_angle1.tif:185,14590.162,7155,22267,185
186,Fructose_org5_angle1.tif:186,14490.192,7173,22621,186
187,Fructose_org5_angle1.tif:187,14385.386,7309,22575,187
188,Fructose_org5_angle1.tif:188,14255.619,7581,22054,188
189,Fructose_org5_angle1.tif:189,14111.347,7765,21584,189
190,Fructose_org5_angle1.tif:190,13967.425,7865,22609,190
191,Fructose_org5_angle1.tif:191,13843.651,7959,23178,191
192,Fructose_org5_angle1.tif:192,13754.372,7851,23045,192
193,Fructose_org5_angle1.tif:193,13687.026,7538,22909,193
194,Fructose_org5_angle1.tif:194,13646.883,7349,22609,194
195,Fructose_org5_angle1.tif:195,13621.080,7252,22097,195
196,Fructose_org5_angle1.tif:196,13602.845,7067,22862,196
197,Fructose_org5_angle1.tif:197,13593.410,6944,22326,197
198,Fructose_org5_angle1.tif:198,13584.245,6893,21661,198
199,Fructose_org5_angle1.tif:199,13575.216,6947,21227,199
200,Fructose_org5_angle1.tif:200,13586.349,7044,21122,200
201,Fructose_org5_angle1.tif:201,13610.572,7092,21006,201
202,Fructose_org5_angle1.tif:202,13652.435,7053,21064,202
203,Fructose_org5_angle1.tif:203,13712.580,7039,21470,203
204,Fructose_org5_angle1.tif:204,13778.373,6997,21607,204
205,Fructose_org5_angle1.tif:205,13845.897,7043,21519,205
206,Fructose_org5_angle1.tif:206,13914.522,7164,21262,206
207,Fructose_org5_angle1.tif:207,13970.905,7176,21103,207
208,Fructose_org5_angle1.tif:208,14015.853,7262,20691,208
209,Fructose_org5_angle1.tif:209,14056.296,7416,20775,209
210,Fructose_org5_angle1.tif:210,14084.510,7422,20610,210
211,Fructose_org5_angle1.tif:211,14105.748,7353,20182,211
212,Fructose_org5_angle1.tif:212,14127.589,7347,20011,212
213,Fructose_org5_angle1.tif:213,14139.855,7406,20191,213
214,Fructose_org5_angle1.tif:214,14144.248,7492,20362,214
215,Fructose_org5_angle1.tif:215,14134.462,7566,20551,215
216,Fructose_org5_angle1.tif:216,14112.910,7457,20414,216
217,Fructose_org5_angle1.tif:217,14089.811,7358,20061,217
218,Fructose_org5_angle1.tif:218,14066.753,7380,20887,218
219,Fructose_org5_angle1.tif:219,14035.919,7381,21684,219
220,Fructose_org5_angle1.tif:220,13998.048,7326,22316,220
221,Fructose_org5_angle1.tif:221,13961.262,7292,22728,221
222,Fructose_org5_angle1.tif:222,13926.801,7285,22744,222
223,Fructose_org5_angle1.tif:223,13902.025,7196,22498,223
224,Fructose_org5_angle1.tif:224,13887.866,7196,22173,224
225,Fructose_org5_angle1.tif:225,13889.264,7204,21661,225
226,Fructose_org5_angle1.tif:226,13916.886,7123,21824,226
227,Fructose_org5_angle1.tif:227,13960.714,6991,21979,227
228,Fructose_org5_angle1.tif:228,14020.540,6929,22658,228
229,Fructose_org5_angle1.tif:229,14090.943,6825,22358,229
230,Fructose_org5_angle1.tif:230,14156.523,6796,21504,230
231,Fructose_org5_angle1.tif:231,14220.701,6845,21786,231
232,Fructose_org5_angle1.tif:232,14276.817,6829,21780,232
233,Fructose_org5_angle1.tif:233,14326.239,6962,21229,233
234,Fructose_org5_angle1.tif:234,14373.821,7038,21206,234
235,Fructose_org5_angle1.tif:235,14391.259,7077,20990,235
236,Fructose_org5_angle1.tif:236,14378.314,7133,20601,236
237,Fructose_org5_angle1.tif:237,14365.002,7221,20427,237
238,Fructose_org5_angle1.tif:238,14357.462,7376,20605,238
239,Fructose_org5_angle1.tif:239,14359.374,7554,21551,239
240,Fructose_org5_angle1.tif:240,14376.971,7716,22638,240
241,Fructose_org5_angle1.tif:241,14411.359,7623,23157,241
242,Fructose_org5_angle1.tif:242,14472.965,7278,22603,242
243,Fructose_org5_angle1.tif:243,14550.262,6996,21407,243
244,Fructose_org5_angle1.tif:244,14637.649,6882,20610,244
245,Fructose_org5_angle1.tif:245,14715.797,6705,20811,245
246,Fructose_org5_angle1.tif:246,14770.393,6661,20782,246
247,Fructose_org5_angle1.tif:247,14797.041,6664,21497,247
248,Fructose_org5_angle1.tif:248,14798.955,6694,21894,248
249,Fructose_org5_angle1.tif:249,14779.242,6791,22194,249
250,Fructose_org5_angle1.tif:250,14732.918,6799,22001,250
251,Fructose_org5_angle1.tif:251,14654.614,7007,21599,251
252,Fructose_org5_angle1.tif:252,14556.652,7112,21163,252
253,Fructose_org5_angle1.tif:253,14438.379,7252,20852,253
254,Fructose_org5_angle1.tif:254,14312.281,7264,20739,254
255,Fructose_org5_angle1.tif:255,14188.642,7208,20763,255
256,Fructose_org5_angle1.tif:256,14072.936,7132,20857,256
257,Fructose_org5_angle1.tif:257,13984.180,7060,21366,257
258,Fructose_org5_angle1.tif:258,13931.582,6990,21715,258
259,Fructose_org5_angle1.tif:259,13893.653,6898,21777,259
260,Fructose_org5_angle1.tif:260,13900.424,6847,22651,260
261,Fructose_org5_angle1.tif:261,13941.226,6798,23637,261
262,Fructose_org5_angle1.tif:262,13998.736,6792,23375,262
263,Fructose_org5_angle1.tif:263,14063.999,6762,22684,263
264,Fructose_org5_angle1.tif:264,14146.994,6793,22431,264
265,Fructose_org5_angle1.tif:265,14219.756,6913,22162,265
266,Fructose_org5_angle1.tif:266,14287.199,7001,21906,266
267,Fructose_org5_angle1.tif:267,14328.633,7041,21491,267
268,Fructose_org5_angle1.tif:268,14343.411,7062,20574,268
269,Fructose_org5_angle1.tif:269,14343.955,7008,20172,269
270,Fructose_org5_angle1.tif:270,14333.053,7107,20296,270
271,Fructose_org5_angle1.tif:271,14312.260,7176,20351,271
272,Fructose_org5_angle1.tif:272,14276.483,6971,20350,272
273,Fructose_org5_angle1.tif:273,14236.941,6851,20056,273
274,Fructose_org5_angle1.tif:274,14188.393,6788,19844,274
275,Fructose_org5_angle1.tif:275,14152.470,6762,19668,275
276,Fructose_org5_angle1.tif:276,14115.698,6753,19504,276
277,Fructose_org5_angle1.tif:277,14095.481,6744,19542,277
278,Fructose_org5_angle1.tif:278,14087.818,6844,19406,278
279,Fructose_org5_angle1.tif:279,14075.971,6965,19561,279
280,Fructose_org5_angle1.tif:280,14084.500,7135,20473,280
281,Fructose_org5_angle1.tif:281,14089.997,7279,21564,281
282,Fructose_org5_angle1.tif:282,14096.785,7407,22830,282
283,Fructose_org5_angle1.tif:283,14116.601,7625,23737,283
284,Fructose_org5_angle1.tif:284,14159.966,7785,24009,284
285,Fructose_org5_angle1.tif:285,14229.988,7982,24115,285
286,Fructose_org5_angle1.tif:286,14322.274,8109,23701,286
287,Fructose_org5_angle1.tif:287,14427.249,8251,22939,287
288,Fructose_org5_angle1.tif:288,14541.889,8469,22160,288
289,Fructose_org5_angle1.tif:289,14687.009,8648,20980,289
290,Fructose_org5_angle1.tif:290,14855.372,8880,22067,290
291,Fructose_org5_angle1.tif:291,15024.541,9087,24892,291
292,Fructose_org5_angle1.tif:292,15196.022,9181,25583,292
293,Fructose_org5_angle1.tif:293,15347.462,9488,23899,293
294,Fructose_org5_angle1.tif:294,15477.564,9231,26389,294
295,Fructose_org5_angle1.tif:295,15607.082,8469,30248,295
296,Fructose_org5_angle1.tif:296,15743.185,7722,33834,296
297,Fructose_org5_angle1.tif:297,15891.406,6889,36407,297
298,Fructose_org5_angle1.tif:298,16015.443,6063,44733,298
299,Fructose_org5_angle1.tif:299,16054.014,4960,50286,299
300,Fructose_org5_angle1.tif:300,15974.733,3926,51377,300
301,Fructose_org5_angle1.tif:301,15775.843,3117,59666,301
302,Fructose_org5_angle1.tif:302,15456.255,2485,64991,302
303,Fructose_org5_angle1.tif:303,15015.142,2045,65535,303
304,Fructose_org5_angle1.tif:304,14437.820,1742,65535,304
305,Fructose_org5_angle1.tif:305,13694.473,1496,65535,305
306,Fructose_org5_angle1.tif:306,12797.662,1308,64646,306
307,Fructose_org5_angle1.tif:307,11776.056,1152,61804,307
308,Fructose_org5_angle1.tif:308,10645.137,1040,64788,308
309,Fructose_org5_angle1.tif:309,9442.230,958,65535,309
310,Fructose_org5_angle1.tif:310,8216.024,894,65403,310
311,Fructose_org5_angle1.tif:311,7008.005,835,62550,311
312,Fructose_org5_angle1.tif:312,5859.646,789,57931,312
313,Fructose_org5_angle1.tif:313,4819.111,755,51096,313
314,Fructose_org5_angle1.tif:314,3921.516,708,41055,314
315,Fructose_org5_angle1.tif:315,3172.140,683,30786,315
316,Fructose_org5_angle1.tif:316,2567.093,660,21889,316
317,Fructose_org5_angle1.tif:317,2096.537,644,14910,317
318,Fructose_org5_angle1.tif:318,1744.794,623,10361,318
319,Fructose_org5_angle1.tif:319,1480.407,590,7306,319
320,Fructose_org5_angle1.tif:320,1281.520,584,4928,320
321,Fructose_org5_angle1.tif:321,1141.321,569,3337,321
322,Fructose_org5_angle1.tif:322,1041.736,528,2288,322
323,Fructose_org5_angle1.tif:323,969.589,551,1816,323
324,Fructose_org5_angle1.tif:324,916.879,521,1566,324
325,Fructose_org5_angle1.tif:325,876.774,514,1426,325
326,Fructose_org5_angle1.tif:326,843.529,501,1307,326
327,Fructose_org5_angle1.tif:327,813.710,495,1237,327
328,Fructose_org5_angle1.tif:328,786.095,474,1165,328
329,Fructose_org5_angle1.tif:329,761.273,480,1117,329
330,Fructose_org5_angle1.tif:330,738.730,466,1065,330
331,Fructose_org5_angle1.tif:331,718.226,461,1053,331
332,Fructose_org5_angle1.tif:332,700.344,444,1013,332
333,Fructose_org5_angle1.tif:333,683.044,439,996,333
334,Fructose_org5_angle1.tif:334,667.025,438,948,334
335,Fructose_org5_angle1.tif:335,651.429,406,917,335
336,Fructose_org5_angle1.tif:336,636.477,421,886,336
337,Fructose_org5_angle1.tif:337,622.494,403,864,337
338,Fructose_org5_angle1.tif:338,608.875,398,837,338
339,Fructose_org5_angle1.tif:339,595.665,386,842,339
340,Fructose_org5_angle1.tif:340,583.069,395,792,340
341,Fructose_org5_angle1.tif:341,571.208,383,767,341
342,Fructose_org5_angle1.tif:342,559.909,375,761,342
343,Fructose_org5_angle1.tif:343,549.634,370,749,343
344,Fructose_org5_angle1.tif:344,540.789,370,733,344
345,Fructose_org5_angle1.tif:345,532.846,361,733,345
346,Fructose_org5_angle1.tif:346,525.845,364,715,346
347,Fructose_org5_angle1.tif:347,519.208,356,732,347
348,Fructose_org5_angle1.tif:348,512.695,353,719,348
349,Fructose_org5_angle1.tif:349,506.740,347,743,349
350,Fructose_org5_angle1.tif:350,501.023,342,675,350
351,Fructose_org5_angle1.tif:351,495.049,337,657,351
352,Fructose_org5_angle1.tif:352,489.632,342,658,352
353,Fructose_org5_angle1.tif:353,484.737,337,661,353
354,Fructose_org5_angle1.tif:354,318.036,0,704,354
355,Fructose_org5_angle1.tif:355,0.000,0,0,355
356,Fructose_org5_angle1.tif:356,0.000,0,0,356
357,Fructose_org5_angle1.tif:357,0.000,0,0,357
