 ,Label,Mean,Min,Max,Slice
1,Fructose_org4_angle1.tif:1,0.000,0,0,1
2,Fructose_org4_angle1.tif:2,0.000,0,0,2
3,Fructose_org4_angle1.tif:3,0.000,0,0,3
4,Fructose_org4_angle1.tif:4,0.000,0,0,4
5,Fructose_org4_angle1.tif:5,0.000,0,0,5
6,Fructose_org4_angle1.tif:6,0.000,0,0,6
7,Fructose_org4_angle1.tif:7,0.000,0,0,7
8,Fructose_org4_angle1.tif:8,0.000,0,0,8
9,Fructose_org4_angle1.tif:9,0.000,0,0,9
10,Fructose_org4_angle1.tif:10,0.000,0,0,10
11,Fructose_org4_angle1.tif:11,0.000,0,0,11
12,Fructose_org4_angle1.tif:12,0.000,0,0,12
13,Fructose_org4_angle1.tif:13,0.000,0,0,13
14,Fructose_org4_angle1.tif:14,0.000,0,0,14
15,Fructose_org4_angle1.tif:15,0.000,0,0,15
16,Fructose_org4_angle1.tif:16,0.000,0,0,16
17,Fructose_org4_angle1.tif:17,0.000,0,0,17
18,Fructose_org4_angle1.tif:18,0.000,0,0,18
19,Fructose_org4_angle1.tif:19,296.591,0,804,19
20,Fructose_org4_angle1.tif:20,607.028,360,4623,20
21,Fructose_org4_angle1.tif:21,714.882,372,6890,21
22,Fructose_org4_angle1.tif:22,835.668,375,9451,22
23,Fructose_org4_angle1.tif:23,982.928,390,11322,23
24,Fructose_org4_angle1.tif:24,1169.254,395,12993,24
25,Fructose_org4_angle1.tif:25,1400.960,401,13513,25
26,Fructose_org4_angle1.tif:26,1689.961,402,13844,26
27,Fructose_org4_angle1.tif:27,2035.112,415,13532,27
28,Fructose_org4_angle1.tif:28,2425.736,424,12739,28
29,Fructose_org4_angle1.tif:29,2837.804,433,12825,29
30,Fructose_org4_angle1.tif:30,3264.841,446,13690,30
31,Fructose_org4_angle1.tif:31,3697.816,459,14087,31
32,Fructose_org4_angle1.tif:32,4133.032,485,14296,32
33,Fructose_org4_angle1.tif:33,4563.957,506,15135,33
34,Fructose_org4_angle1.tif:34,4987.685,540,15352,34
35,Fructose_org4_angle1.tif:35,5388.933,576,15372,35
36,Fructose_org4_angle1.tif:36,5775.001,591,15766,36
37,Fructose_org4_angle1.tif:37,6128.824,603,15437,37
38,Fructose_org4_angle1.tif:38,6461.979,668,15576,38
39,Fructose_org4_angle1.tif:39,6772.917,695,15842,39
40,Fructose_org4_angle1.tif:40,7049.345,714,16267,40
41,Fructose_org4_angle1.tif:41,7281.605,753,16755,41
42,Fructose_org4_angle1.tif:42,7476.055,809,17719,42
43,Fructose_org4_angle1.tif:43,7625.694,838,20434,43
44,Fructose_org4_angle1.tif:44,7730.890,899,21327,44
45,Fructose_org4_angle1.tif:45,7795.392,1016,20433,45
46,Fructose_org4_angle1.tif:46,7816.333,1136,17944,46
47,Fructose_org4_angle1.tif:47,7801.961,1246,16929,47
48,Fructose_org4_angle1.tif:48,7759.489,1489,18465,48
49,Fructose_org4_angle1.tif:49,7694.664,1761,19966,49
50,Fructose_org4_angle1.tif:50,7634.048,2055,19746,50
51,Fructose_org4_angle1.tif:51,7590.699,2484,25765,51
52,Fructose_org4_angle1.tif:52,7571.137,2500,33621,52
53,Fructose_org4_angle1.tif:53,7579.713,2570,37576,53
54,Fructose_org4_angle1.tif:54,7594.083,2575,36914,54
55,Fructose_org4_angle1.tif:55,7609.893,2531,32019,55
56,Fructose_org4_angle1.tif:56,7630.290,2552,29497,56
57,Fructose_org4_angle1.tif:57,7657.008,2509,29936,57
58,Fructose_org4_angle1.tif:58,7708.932,2553,27637,58
59,Fructose_org4_angle1.tif:59,7799.744,2583,24156,59
60,Fructose_org4_angle1.tif:60,7910.092,2629,20216,60
61,Fructose_org4_angle1.tif:61,8036.209,2673,19739,61
62,Fructose_org4_angle1.tif:62,8166.113,2765,20612,62
63,Fructose_org4_angle1.tif:63,8306.192,2756,20378,63
64,Fructose_org4_angle1.tif:64,8464.917,2743,22684,64
65,Fructose_org4_angle1.tif:65,8642.014,2690,25661,65
66,Fructose_org4_angle1.tif:66,8821.495,2791,27787,66
67,Fructose_org4_angle1.tif:67,8993.823,2888,27704,67
68,Fructose_org4_angle1.tif:68,9140.486,2867,25058,68
69,Fructose_org4_angle1.tif:69,9248.621,2894,20966,69
70,Fructose_org4_angle1.tif:70,9328.148,2995,21570,70
71,Fructose_org4_angle1.tif:71,9379.590,3182,21487,71
72,Fructose_org4_angle1.tif:72,9417.959,3306,20655,72
73,Fructose_org4_angle1.tif:73,9472.917,3586,21434,73
74,Fructose_org4_angle1.tif:74,9556.841,3838,20343,74
75,Fructose_org4_angle1.tif:75,9662.452,3746,20269,75
76,Fructose_org4_angle1.tif:76,9773.375,3751,20844,76
77,Fructose_org4_angle1.tif:77,9872.746,3762,20682,77
78,Fructose_org4_angle1.tif:78,9954.839,3640,18969,78
79,Fructose_org4_angle1.tif:79,10019.988,3541,18450,79
80,Fructose_org4_angle1.tif:80,10063.757,3532,19217,80
81,Fructose_org4_angle1.tif:81,10096.132,3432,18913,81
82,Fructose_org4_angle1.tif:82,10124.790,3412,18986,82
83,Fructose_org4_angle1.tif:83,10138.070,3341,19077,83
84,Fructose_org4_angle1.tif:84,10152.621,3397,19411,84
85,Fructose_org4_angle1.tif:85,10165.447,3388,19929,85
86,Fructose_org4_angle1.tif:86,10172.067,3389,20169,86
87,Fructose_org4_angle1.tif:87,10189.445,3424,21062,87
88,Fructose_org4_angle1.tif:88,10217.282,3558,22960,88
89,Fructose_org4_angle1.tif:89,10264.345,3682,23390,89
90,Fructose_org4_angle1.tif:90,10333.391,3796,22011,90
91,Fructose_org4_angle1.tif:91,10428.385,3764,19790,91
92,Fructose_org4_angle1.tif:92,10540.384,3770,18941,92
93,Fructose_org4_angle1.tif:93,10662.266,3722,18625,93
94,Fructose_org4_angle1.tif:94,10773.653,3697,18786,94
95,Fructose_org4_angle1.tif:95,10862.550,3797,18724,95
96,Fructose_org4_angle1.tif:96,10930.146,3961,18521,96
97,Fructose_org4_angle1.tif:97,10977.872,4024,18526,97
98,Fructose_org4_angle1.tif:98,11016.288,4180,18641,98
99,Fructose_org4_angle1.tif:99,11045.432,4409,19073,99
100,Fructose_org4_angle1.tif:100,11054.637,4714,19038,100
101,Fructose_org4_angle1.tif:101,11040.863,5011,18704,101
102,Fructose_org4_angle1.tif:102,10989.766,5038,18412,102
103,Fructose_org4_angle1.tif:103,10913.437,5018,18269,103
104,Fructose_org4_angle1.tif:104,10825.295,5065,18137,104
105,Fructose_org4_angle1.tif:105,10733.049,5126,18351,105
106,Fructose_org4_angle1.tif:106,10642.619,5196,18165,106
107,Fructose_org4_angle1.tif:107,10575.355,5319,18567,107
108,Fructose_org4_angle1.tif:108,10523.369,5533,18144,108
109,Fructose_org4_angle1.tif:109,10502.571,5705,16899,109
110,Fructose_org4_angle1.tif:110,10517.687,5739,16131,110
111,Fructose_org4_angle1.tif:111,10569.965,5721,18129,111
112,Fructose_org4_angle1.tif:112,10651.933,5479,18687,112
113,Fructose_org4_angle1.tif:113,10750.557,5323,18119,113
114,Fructose_org4_angle1.tif:114,10841.552,5456,17414,114
115,Fructose_org4_angle1.tif:115,10927.557,5691,18141,115
116,Fructose_org4_angle1.tif:116,11005.450,5921,16965,116
117,Fructose_org4_angle1.tif:117,11088.122,6002,16055,117
118,Fructose_org4_angle1.tif:118,11189.548,6077,16216,118
119,Fructose_org4_angle1.tif:119,11306.529,6122,16772,119
120,Fructose_org4_angle1.tif:120,11444.000,6186,17047,120
121,Fructose_org4_angle1.tif:121,11584.635,6227,17196,121
122,Fructose_org4_angle1.tif:122,11715.846,6279,17522,122
123,Fructose_org4_angle1.tif:123,11830.469,6264,17479,123
124,Fructose_org4_angle1.tif:124,11933.440,6414,17031,124
125,Fructose_org4_angle1.tif:125,12018.909,6537,16889,125
126,Fructose_org4_angle1.tif:126,12087.345,6814,17180,126
127,Fructose_org4_angle1.tif:127,12152.340,6634,17700,127
128,Fructose_org4_angle1.tif:128,12207.598,6588,17885,128
129,Fructose_org4_angle1.tif:129,12243.745,6257,17993,129
130,Fructose_org4_angle1.tif:130,12268.871,5937,18255,130
131,Fructose_org4_angle1.tif:131,12283.290,5752,19923,131
132,Fructose_org4_angle1.tif:132,12291.311,5672,21394,132
133,Fructose_org4_angle1.tif:133,12288.191,5600,22804,133
134,Fructose_org4_angle1.tif:134,12279.087,5604,23392,134
135,Fructose_org4_angle1.tif:135,12262.609,5551,23841,135
136,Fructose_org4_angle1.tif:136,12239.497,5576,24029,136
137,Fructose_org4_angle1.tif:137,12210.960,5456,22985,137
138,Fructose_org4_angle1.tif:138,12191.400,5499,21532,138
139,Fructose_org4_angle1.tif:139,12171.243,5595,20126,139
140,Fructose_org4_angle1.tif:140,12160.998,5651,19237,140
141,Fructose_org4_angle1.tif:141,12173.989,5557,18445,141
142,Fructose_org4_angle1.tif:142,12204.018,5467,17855,142
143,Fructose_org4_angle1.tif:143,12247.741,5428,18266,143
144,Fructose_org4_angle1.tif:144,12294.716,5371,18924,144
145,Fructose_org4_angle1.tif:145,12339.492,5367,19302,145
146,Fructose_org4_angle1.tif:146,12375.282,5412,19628,146
147,Fructose_org4_angle1.tif:147,12406.230,5388,19674,147
148,Fructose_org4_angle1.tif:148,12432.124,5476,21635,148
149,Fructose_org4_angle1.tif:149,12452.651,5515,23644,149
150,Fructose_org4_angle1.tif:150,12468.200,5550,25003,150
151,Fructose_org4_angle1.tif:151,12481.109,5562,25451,151
152,Fructose_org4_angle1.tif:152,12481.757,5630,24543,152
153,Fructose_org4_angle1.tif:153,12475.004,5689,22502,153
154,Fructose_org4_angle1.tif:154,12465.358,5789,20271,154
155,Fructose_org4_angle1.tif:155,12453.040,5797,18996,155
156,Fructose_org4_angle1.tif:156,12423.383,5893,18626,156
157,Fructose_org4_angle1.tif:157,12377.787,5880,18456,157
158,Fructose_org4_angle1.tif:158,12328.160,5848,18226,158
159,Fructose_org4_angle1.tif:159,12270.861,5824,18701,159
160,Fructose_org4_angle1.tif:160,12206.428,5861,18608,160
161,Fructose_org4_angle1.tif:161,12139.533,6067,18620,161
162,Fructose_org4_angle1.tif:162,12070.668,6004,18883,162
163,Fructose_org4_angle1.tif:163,12003.410,5992,18560,163
164,Fructose_org4_angle1.tif:164,11937.185,6036,18263,164
165,Fructose_org4_angle1.tif:165,11858.836,6110,17999,165
166,Fructose_org4_angle1.tif:166,11769.878,6128,18101,166
167,Fructose_org4_angle1.tif:167,11671.467,6140,17719,167
168,Fructose_org4_angle1.tif:168,11564.807,6162,17502,168
169,Fructose_org4_angle1.tif:169,11475.238,6216,17413,169
170,Fructose_org4_angle1.tif:170,11406.517,6021,17430,170
171,Fructose_org4_angle1.tif:171,11367.513,5839,17796,171
172,Fructose_org4_angle1.tif:172,11365.622,5683,18047,172
173,Fructose_org4_angle1.tif:173,11389.482,5412,18070,173
174,Fructose_org4_angle1.tif:174,11423.795,5457,18937,174
175,Fructose_org4_angle1.tif:175,11466.219,5370,19447,175
176,Fructose_org4_angle1.tif:176,11507.907,5353,19215,176
177,Fructose_org4_angle1.tif:177,11558.110,5305,18516,177
178,Fructose_org4_angle1.tif:178,11624.854,5417,18466,178
179,Fructose_org4_angle1.tif:179,11703.741,5517,18270,179
180,Fructose_org4_angle1.tif:180,11797.255,5597,18369,180
181,Fructose_org4_angle1.tif:181,11896.248,5681,18380,181
182,Fructose_org4_angle1.tif:182,11992.420,5828,18342,182
183,Fructose_org4_angle1.tif:183,12096.384,5979,18402,183
184,Fructose_org4_angle1.tif:184,12196.366,6149,18164,184
185,Fructose_org4_angle1.tif:185,12281.287,6288,17848,185
186,Fructose_org4_angle1.tif:186,12364.706,6508,17725,186
187,Fructose_org4_angle1.tif:187,12442.847,6700,18519,187
188,Fructose_org4_angle1.tif:188,12511.933,6945,19696,188
189,Fructose_org4_angle1.tif:189,12575.421,7295,20152,189
190,Fructose_org4_angle1.tif:190,12624.602,7560,19816,190
191,Fructose_org4_angle1.tif:191,12648.683,7828,19012,191
192,Fructose_org4_angle1.tif:192,12660.477,7888,18350,192
193,Fructose_org4_angle1.tif:193,12653.886,7738,18214,193
194,Fructose_org4_angle1.tif:194,12635.351,7701,18208,194
195,Fructose_org4_angle1.tif:195,12614.421,7524,18197,195
196,Fructose_org4_angle1.tif:196,12593.222,7681,18297,196
197,Fructose_org4_angle1.tif:197,12571.188,7805,18269,197
198,Fructose_org4_angle1.tif:198,12541.933,7669,18773,198
199,Fructose_org4_angle1.tif:199,12492.861,7563,19165,199
200,Fructose_org4_angle1.tif:200,12425.135,7495,19324,200
201,Fructose_org4_angle1.tif:201,12352.455,7498,19209,201
202,Fructose_org4_angle1.tif:202,12285.197,7510,19511,202
203,Fructose_org4_angle1.tif:203,12243.431,7504,21918,203
204,Fructose_org4_angle1.tif:204,12226.817,7534,23151,204
205,Fructose_org4_angle1.tif:205,12239.045,7580,22683,205
206,Fructose_org4_angle1.tif:206,12271.234,7563,21032,206
207,Fructose_org4_angle1.tif:207,12305.117,7490,19077,207
208,Fructose_org4_angle1.tif:208,12331.578,7243,19225,208
209,Fructose_org4_angle1.tif:209,12344.153,7088,19153,209
210,Fructose_org4_angle1.tif:210,12344.302,6804,19335,210
211,Fructose_org4_angle1.tif:211,12325.160,6491,19056,211
212,Fructose_org4_angle1.tif:212,12304.008,6330,18683,212
213,Fructose_org4_angle1.tif:213,12278.641,6185,18281,213
214,Fructose_org4_angle1.tif:214,12263.528,6041,18438,214
215,Fructose_org4_angle1.tif:215,12252.555,6033,18583,215
216,Fructose_org4_angle1.tif:216,12242.901,5944,19598,216
217,Fructose_org4_angle1.tif:217,12239.991,5865,19304,217
218,Fructose_org4_angle1.tif:218,12242.504,5671,18374,218
219,Fructose_org4_angle1.tif:219,12242.063,5539,18531,219
220,Fructose_org4_angle1.tif:220,12248.838,5515,18698,220
221,Fructose_org4_angle1.tif:221,12263.188,5445,20342,221
222,Fructose_org4_angle1.tif:222,12272.473,5209,22280,222
223,Fructose_org4_angle1.tif:223,12279.206,5032,23108,223
224,Fructose_org4_angle1.tif:224,12285.649,4869,22849,224
225,Fructose_org4_angle1.tif:225,12277.419,4784,21422,225
226,Fructose_org4_angle1.tif:226,12255.706,4696,19304,226
227,Fructose_org4_angle1.tif:227,12225.421,4706,18650,227
228,Fructose_org4_angle1.tif:228,12185.310,4770,18260,228
229,Fructose_org4_angle1.tif:229,12137.716,4816,18050,229
230,Fructose_org4_angle1.tif:230,12086.028,4996,18662,230
231,Fructose_org4_angle1.tif:231,12036.249,5182,20071,231
232,Fructose_org4_angle1.tif:232,11991.129,5376,21674,232
233,Fructose_org4_angle1.tif:233,11953.217,5513,22709,233
234,Fructose_org4_angle1.tif:234,11925.420,5509,22506,234
235,Fructose_org4_angle1.tif:235,11898.163,5522,21525,235
236,Fructose_org4_angle1.tif:236,11856.612,5569,19906,236
237,Fructose_org4_angle1.tif:237,11820.469,5645,18620,237
238,Fructose_org4_angle1.tif:238,11790.263,5757,18425,238
239,Fructose_org4_angle1.tif:239,11761.331,5822,18626,239
240,Fructose_org4_angle1.tif:240,11750.435,5750,18632,240
241,Fructose_org4_angle1.tif:241,11752.999,5623,18632,241
242,Fructose_org4_angle1.tif:242,11774.358,5372,18214,242
243,Fructose_org4_angle1.tif:243,11808.402,5280,18513,243
244,Fructose_org4_angle1.tif:244,11846.040,5352,18981,244
245,Fructose_org4_angle1.tif:245,11890.151,5420,20151,245
246,Fructose_org4_angle1.tif:246,11937.155,5529,20482,246
247,Fructose_org4_angle1.tif:247,11968.262,5758,20078,247
248,Fructose_org4_angle1.tif:248,11983.973,5849,19116,248
249,Fructose_org4_angle1.tif:249,11995.421,6142,18678,249
250,Fructose_org4_angle1.tif:250,11997.482,6385,18611,250
251,Fructose_org4_angle1.tif:251,11991.928,6698,18322,251
252,Fructose_org4_angle1.tif:252,11966.872,6927,17971,252
253,Fructose_org4_angle1.tif:253,11937.950,7007,18329,253
254,Fructose_org4_angle1.tif:254,11899.176,7076,18524,254
255,Fructose_org4_angle1.tif:255,11842.869,7081,18463,255
256,Fructose_org4_angle1.tif:256,11773.813,7090,19212,256
257,Fructose_org4_angle1.tif:257,11701.197,7125,19407,257
258,Fructose_org4_angle1.tif:258,11627.468,7041,19409,258
259,Fructose_org4_angle1.tif:259,11547.314,7018,18738,259
260,Fructose_org4_angle1.tif:260,11490.100,6939,18169,260
261,Fructose_org4_angle1.tif:261,11459.111,6710,18502,261
262,Fructose_org4_angle1.tif:262,11442.850,6561,19397,262
263,Fructose_org4_angle1.tif:263,11445.331,6495,19220,263
264,Fructose_org4_angle1.tif:264,11439.617,6271,18697,264
265,Fructose_org4_angle1.tif:265,11421.409,6114,18778,265
266,Fructose_org4_angle1.tif:266,11396.965,5902,19165,266
267,Fructose_org4_angle1.tif:267,11359.911,5697,18961,267
268,Fructose_org4_angle1.tif:268,11315.970,5471,17640,268
269,Fructose_org4_angle1.tif:269,11281.369,5251,16971,269
270,Fructose_org4_angle1.tif:270,11241.770,5141,17338,270
271,Fructose_org4_angle1.tif:271,11228.635,5169,17572,271
272,Fructose_org4_angle1.tif:272,11226.244,5170,17806,272
273,Fructose_org4_angle1.tif:273,11248.226,5248,17879,273
274,Fructose_org4_angle1.tif:274,11285.753,5199,17794,274
275,Fructose_org4_angle1.tif:275,11317.004,4876,17625,275
276,Fructose_org4_angle1.tif:276,11341.690,4725,18289,276
277,Fructose_org4_angle1.tif:277,11367.322,4673,19014,277
278,Fructose_org4_angle1.tif:278,11374.093,4532,18964,278
279,Fructose_org4_angle1.tif:279,11389.113,4501,18103,279
280,Fructose_org4_angle1.tif:280,11413.195,4443,18068,280
281,Fructose_org4_angle1.tif:281,11438.381,4429,18516,281
282,Fructose_org4_angle1.tif:282,11453.633,4386,19361,282
283,Fructose_org4_angle1.tif:283,11466.668,4422,19822,283
284,Fructose_org4_angle1.tif:284,11457.377,4366,19605,284
285,Fructose_org4_angle1.tif:285,11437.235,4387,20107,285
286,Fructose_org4_angle1.tif:286,11409.191,4442,20107,286
287,Fructose_org4_angle1.tif:287,11367.859,4550,19056,287
288,Fructose_org4_angle1.tif:288,11339.025,4692,18353,288
289,Fructose_org4_angle1.tif:289,11318.877,4826,19339,289
290,Fructose_org4_angle1.tif:290,11300.214,4956,21924,290
291,Fructose_org4_angle1.tif:291,11299.086,5069,26231,291
292,Fructose_org4_angle1.tif:292,11285.559,5339,27465,292
293,Fructose_org4_angle1.tif:293,11258.752,5554,25277,293
294,Fructose_org4_angle1.tif:294,11222.168,5751,21269,294
295,Fructose_org4_angle1.tif:295,11168.646,5987,19271,295
296,Fructose_org4_angle1.tif:296,11105.683,6278,20708,296
297,Fructose_org4_angle1.tif:297,11042.832,6512,21438,297
298,Fructose_org4_angle1.tif:298,10974.599,6470,21164,298
299,Fructose_org4_angle1.tif:299,10895.186,6319,20142,299
300,Fructose_org4_angle1.tif:300,10799.258,6110,18835,300
301,Fructose_org4_angle1.tif:301,10689.214,6070,17448,301
302,Fructose_org4_angle1.tif:302,10574.554,5869,16993,302
303,Fructose_org4_angle1.tif:303,10444.806,5478,17184,303
304,Fructose_org4_angle1.tif:304,10310.835,5275,17183,304
305,Fructose_org4_angle1.tif:305,10175.252,5054,17025,305
306,Fructose_org4_angle1.tif:306,10065.343,4831,17018,306
307,Fructose_org4_angle1.tif:307,9978.616,4790,16906,307
308,Fructose_org4_angle1.tif:308,9905.396,4630,16458,308
309,Fructose_org4_angle1.tif:309,9849.682,4689,16280,309
310,Fructose_org4_angle1.tif:310,9798.720,4687,16242,310
311,Fructose_org4_angle1.tif:311,9746.023,4752,16004,311
312,Fructose_org4_angle1.tif:312,9696.698,4789,16145,312
313,Fructose_org4_angle1.tif:313,9666.964,4975,16395,313
314,Fructose_org4_angle1.tif:314,9654.042,5110,16649,314
315,Fructose_org4_angle1.tif:315,9662.368,5211,16907,315
316,Fructose_org4_angle1.tif:316,9710.311,5378,17220,316
317,Fructose_org4_angle1.tif:317,9770.514,5495,17824,317
318,Fructose_org4_angle1.tif:318,9827.986,5504,17667,318
319,Fructose_org4_angle1.tif:319,9886.909,5637,17409,319
320,Fructose_org4_angle1.tif:320,9946.683,5701,17076,320
321,Fructose_org4_angle1.tif:321,9994.129,5837,17141,321
322,Fructose_org4_angle1.tif:322,10048.168,5904,17059,322
323,Fructose_org4_angle1.tif:323,10092.556,5948,17680,323
324,Fructose_org4_angle1.tif:324,10125.770,6026,17785,324
325,Fructose_org4_angle1.tif:325,10153.101,6042,17473,325
326,Fructose_org4_angle1.tif:326,10166.628,6189,16774,326
327,Fructose_org4_angle1.tif:327,10172.266,6203,16092,327
328,Fructose_org4_angle1.tif:328,10177.429,6176,15668,328
329,Fructose_org4_angle1.tif:329,10173.526,6131,15995,329
330,Fructose_org4_angle1.tif:330,10145.215,6078,16370,330
331,Fructose_org4_angle1.tif:331,10089.772,6092,16517,331
332,Fructose_org4_angle1.tif:332,10005.793,6028,16631,332
333,Fructose_org4_angle1.tif:333,9900.122,5815,17000,333
334,Fructose_org4_angle1.tif:334,9765.567,5484,16472,334
335,Fructose_org4_angle1.tif:335,9620.547,5231,15857,335
336,Fructose_org4_angle1.tif:336,9474.309,5260,16613,336
337,Fructose_org4_angle1.tif:337,9331.238,5147,16507,337
338,Fructose_org4_angle1.tif:338,9201.929,4895,16438,338
339,Fructose_org4_angle1.tif:339,9096.589,4629,17050,339
340,Fructose_org4_angle1.tif:340,9006.058,4499,17922,340
341,Fructose_org4_angle1.tif:341,8930.996,4424,18008,341
342,Fructose_org4_angle1.tif:342,8867.996,4234,16819,342
343,Fructose_org4_angle1.tif:343,8788.494,4131,16473,343
344,Fructose_org4_angle1.tif:344,8697.100,3938,16709,344
345,Fructose_org4_angle1.tif:345,8598.568,3901,16820,345
346,Fructose_org4_angle1.tif:346,8489.049,3838,17029,346
347,Fructose_org4_angle1.tif:347,8398.931,3754,17177,347
348,Fructose_org4_angle1.tif:348,8320.552,3752,17009,348
349,Fructose_org4_angle1.tif:349,8243.355,3687,16640,349
350,Fructose_org4_angle1.tif:350,8174.270,3732,16422,350
351,Fructose_org4_angle1.tif:351,8112.361,3667,16183,351
352,Fructose_org4_angle1.tif:352,8064.799,3704,15976,352
353,Fructose_org4_angle1.tif:353,8038.753,3682,15670,353
354,Fructose_org4_angle1.tif:354,8029.673,3881,15529,354
355,Fructose_org4_angle1.tif:355,8040.012,3947,15105,355
356,Fructose_org4_angle1.tif:356,8069.704,3995,14643,356
357,Fructose_org4_angle1.tif:357,8108.618,4055,14293,357
358,Fructose_org4_angle1.tif:358,8147.697,4100,14018,358
359,Fructose_org4_angle1.tif:359,8191.849,4151,14351,359
360,Fructose_org4_angle1.tif:360,8230.604,4193,14270,360
361,Fructose_org4_angle1.tif:361,8277.991,4044,13806,361
362,Fructose_org4_angle1.tif:362,8316.103,3508,13214,362
363,Fructose_org4_angle1.tif:363,8327.871,3194,13235,363
364,Fructose_org4_angle1.tif:364,8316.348,2784,13320,364
365,Fructose_org4_angle1.tif:365,8285.699,2386,13443,365
366,Fructose_org4_angle1.tif:366,8218.190,2156,13350,366
367,Fructose_org4_angle1.tif:367,8128.506,1925,13415,367
368,Fructose_org4_angle1.tif:368,8022.824,1777,13454,368
369,Fructose_org4_angle1.tif:369,7902.011,1629,13098,369
370,Fructose_org4_angle1.tif:370,7778.446,1476,12587,370
371,Fructose_org4_angle1.tif:371,7656.684,1361,12264,371
372,Fructose_org4_angle1.tif:372,7542.565,1322,11751,372
373,Fructose_org4_angle1.tif:373,7445.948,1265,11421,373
374,Fructose_org4_angle1.tif:374,7367.161,1197,11406,374
375,Fructose_org4_angle1.tif:375,7303.071,1161,11203,375
376,Fructose_org4_angle1.tif:376,7251.741,1106,11471,376
377,Fructose_org4_angle1.tif:377,7208.882,1085,12022,377
378,Fructose_org4_angle1.tif:378,7159.282,1034,12445,378
379,Fructose_org4_angle1.tif:379,7100.071,997,12927,379
380,Fructose_org4_angle1.tif:380,7022.337,946,13222,380
381,Fructose_org4_angle1.tif:381,6930.106,910,12890,381
382,Fructose_org4_angle1.tif:382,6834.125,881,12186,382
383,Fructose_org4_angle1.tif:383,6737.179,845,11569,383
384,Fructose_org4_angle1.tif:384,6642.809,810,11260,384
385,Fructose_org4_angle1.tif:385,6544.429,770,11121,385
386,Fructose_org4_angle1.tif:386,6445.599,742,11090,386
387,Fructose_org4_angle1.tif:387,6345.440,715,11027,387
388,Fructose_org4_angle1.tif:388,6240.807,698,10733,388
389,Fructose_org4_angle1.tif:389,6126.409,676,10444,389
390,Fructose_org4_angle1.tif:390,6004.143,668,10014,390
391,Fructose_org4_angle1.tif:391,5881.724,640,10157,391
392,Fructose_org4_angle1.tif:392,5759.814,620,10258,392
393,Fructose_org4_angle1.tif:393,5640.115,602,10102,393
394,Fructose_org4_angle1.tif:394,5523.555,576,9956,394
395,Fructose_org4_angle1.tif:395,5417.810,556,9826,395
396,Fructose_org4_angle1.tif:396,5319.556,523,9461,396
397,Fructose_org4_angle1.tif:397,5211.401,500,9288,397
398,Fructose_org4_angle1.tif:398,5087.883,508,9299,398
399,Fructose_org4_angle1.tif:399,4938.530,490,9194,399
400,Fructose_org4_angle1.tif:400,4768.717,477,9148,400
401,Fructose_org4_angle1.tif:401,4583.707,458,9064,401
402,Fructose_org4_angle1.tif:402,4396.741,450,9025,402
403,Fructose_org4_angle1.tif:403,4224.968,414,9001,403
404,Fructose_org4_angle1.tif:404,4076.113,430,8960,404
405,Fructose_org4_angle1.tif:405,3945.492,421,8709,405
406,Fructose_org4_angle1.tif:406,3833.799,408,8486,406
407,Fructose_org4_angle1.tif:407,3739.625,402,8349,407
408,Fructose_org4_angle1.tif:408,3652.249,386,8452,408
409,Fructose_org4_angle1.tif:409,3566.341,363,8311,409
410,Fructose_org4_angle1.tif:410,3483.381,378,7985,410
411,Fructose_org4_angle1.tif:411,3397.455,375,8197,411
412,Fructose_org4_angle1.tif:412,3312.805,363,8185,412
413,Fructose_org4_angle1.tif:413,3225.208,361,7892,413
414,Fructose_org4_angle1.tif:414,3131.932,351,7292,414
415,Fructose_org4_angle1.tif:415,3030.278,333,7578,415
416,Fructose_org4_angle1.tif:416,2916.157,336,7919,416
417,Fructose_org4_angle1.tif:417,2790.214,332,8042,417
418,Fructose_org4_angle1.tif:418,2656.391,321,8421,418
419,Fructose_org4_angle1.tif:419,2515.632,318,8684,419
420,Fructose_org4_angle1.tif:420,2369.121,301,8824,420
421,Fructose_org4_angle1.tif:421,2218.320,305,8880,421
422,Fructose_org4_angle1.tif:422,2064.902,299,8853,422
423,Fructose_org4_angle1.tif:423,1907.736,298,8595,423
424,Fructose_org4_angle1.tif:424,1747.511,295,8260,424
425,Fructose_org4_angle1.tif:425,1591.029,287,7872,425
426,Fructose_org4_angle1.tif:426,1437.778,282,7456,426
427,Fructose_org4_angle1.tif:427,1286.568,274,6784,427
428,Fructose_org4_angle1.tif:428,1141.822,268,6046,428
429,Fructose_org4_angle1.tif:429,1010.912,271,5312,429
430,Fructose_org4_angle1.tif:430,893.465,267,4572,430
431,Fructose_org4_angle1.tif:431,790.610,260,3685,431
432,Fructose_org4_angle1.tif:432,705.790,262,3030,432
433,Fructose_org4_angle1.tif:433,636.160,256,2540,433
434,Fructose_org4_angle1.tif:434,577.909,258,2098,434
435,Fructose_org4_angle1.tif:435,531.096,252,1729,435
436,Fructose_org4_angle1.tif:436,493.402,255,1463,436
437,Fructose_org4_angle1.tif:437,462.745,252,1230,437
438,Fructose_org4_angle1.tif:438,438.885,246,1041,438
439,Fructose_org4_angle1.tif:439,420.460,246,878,439
440,Fructose_org4_angle1.tif:440,405.942,243,778,440
441,Fructose_org4_angle1.tif:441,395.245,245,719,441
442,Fructose_org4_angle1.tif:442,386.773,243,658,442
443,Fructose_org4_angle1.tif:443,380.077,240,621,443
