 ,Label,Mean,Min,Max,Slice
1,Fructose_org4_angle0.tif:1,392.896,299,502,1
2,Fructose_org4_angle0.tif:2,396.732,300,496,2
3,Fructose_org4_angle0.tif:3,400.341,306,508,3
4,Fructose_org4_angle0.tif:4,404.380,310,506,4
5,Fructose_org4_angle0.tif:5,408.708,310,523,5
6,Fructose_org4_angle0.tif:6,413.214,315,521,6
7,Fructose_org4_angle0.tif:7,417.827,314,540,7
8,Fructose_org4_angle0.tif:8,422.854,320,549,8
9,Fructose_org4_angle0.tif:9,428.451,318,553,9
10,Fructose_org4_angle0.tif:10,434.632,318,550,10
11,Fructose_org4_angle0.tif:11,441.614,324,556,11
12,Fructose_org4_angle0.tif:12,449.502,333,576,12
13,Fructose_org4_angle0.tif:13,458.796,331,595,13
14,Fructose_org4_angle0.tif:14,469.737,340,652,14
15,Fructose_org4_angle0.tif:15,483.286,342,728,15
16,Fructose_org4_angle0.tif:16,501.295,341,880,16
17,Fructose_org4_angle0.tif:17,524.254,345,1085,17
18,Fructose_org4_angle0.tif:18,554.485,359,1389,18
19,Fructose_org4_angle0.tif:19,594.167,360,1789,19
20,Fructose_org4_angle0.tif:20,649.133,368,2378,20
21,Fructose_org4_angle0.tif:21,723.051,385,3188,21
22,Fructose_org4_angle0.tif:22,821.980,389,4143,22
23,Fructose_org4_angle0.tif:23,952.384,407,5120,23
24,Fructose_org4_angle0.tif:24,1117.696,429,5916,24
25,Fructose_org4_angle0.tif:25,1321.573,449,6446,25
26,Fructose_org4_angle0.tif:26,1567.455,474,6703,26
27,Fructose_org4_angle0.tif:27,1864.111,486,6777,27
28,Fructose_org4_angle0.tif:28,2205.182,512,6956,28
29,Fructose_org4_angle0.tif:29,2582.222,525,7142,29
30,Fructose_org4_angle0.tif:30,2982.811,561,7492,30
31,Fructose_org4_angle0.tif:31,3392.519,596,7965,31
32,Fructose_org4_angle0.tif:32,3805.629,625,8863,32
33,Fructose_org4_angle0.tif:33,4211.957,656,9718,33
34,Fructose_org4_angle0.tif:34,4615.584,683,10145,34
35,Fructose_org4_angle0.tif:35,5008.377,729,10428,35
36,Fructose_org4_angle0.tif:36,5386.001,769,10614,36
37,Fructose_org4_angle0.tif:37,5736.148,821,10805,37
38,Fructose_org4_angle0.tif:38,6055.284,876,11145,38
39,Fructose_org4_angle0.tif:39,6348.243,957,11393,39
40,Fructose_org4_angle0.tif:40,6613.434,1033,11586,40
41,Fructose_org4_angle0.tif:41,6845.686,1168,11555,41
42,Fructose_org4_angle0.tif:42,7034.168,1283,11794,42
43,Fructose_org4_angle0.tif:43,7179.086,1387,12162,43
44,Fructose_org4_angle0.tif:44,7284.437,1504,12611,44
45,Fructose_org4_angle0.tif:45,7352.699,1668,12773,45
46,Fructose_org4_angle0.tif:46,7387.544,1852,12652,46
47,Fructose_org4_angle0.tif:47,7395.421,2029,12315,47
48,Fructose_org4_angle0.tif:48,7374.183,2220,12040,48
49,Fructose_org4_angle0.tif:49,7342.243,2463,11710,49
50,Fructose_org4_angle0.tif:50,7300.772,2733,12576,50
51,Fructose_org4_angle0.tif:51,7262.903,2999,13525,51
52,Fructose_org4_angle0.tif:52,7243.030,3330,14357,52
53,Fructose_org4_angle0.tif:53,7245.107,3593,14434,53
54,Fructose_org4_angle0.tif:54,7270.476,3545,15120,54
55,Fructose_org4_angle0.tif:55,7310.638,3503,14870,55
56,Fructose_org4_angle0.tif:56,7355.823,3430,14973,56
57,Fructose_org4_angle0.tif:57,7412.116,3446,14947,57
58,Fructose_org4_angle0.tif:58,7485.044,3437,14403,58
59,Fructose_org4_angle0.tif:59,7584.284,3447,13337,59
60,Fructose_org4_angle0.tif:60,7697.367,3533,13188,60
61,Fructose_org4_angle0.tif:61,7838.573,3584,13250,61
62,Fructose_org4_angle0.tif:62,7980.380,3505,13439,62
63,Fructose_org4_angle0.tif:63,8129.110,3552,13736,63
64,Fructose_org4_angle0.tif:64,8287.061,3611,13366,64
65,Fructose_org4_angle0.tif:65,8453.067,3659,13726,65
66,Fructose_org4_angle0.tif:66,8626.453,3883,13943,66
67,Fructose_org4_angle0.tif:67,8796.540,4135,14271,67
68,Fructose_org4_angle0.tif:68,8937.621,4218,14253,68
69,Fructose_org4_angle0.tif:69,9062.591,4314,14429,69
70,Fructose_org4_angle0.tif:70,9167.615,4486,14342,70
71,Fructose_org4_angle0.tif:71,9241.923,4714,14309,71
72,Fructose_org4_angle0.tif:72,9305.157,5038,14188,72
73,Fructose_org4_angle0.tif:73,9374.562,5025,14288,73
74,Fructose_org4_angle0.tif:74,9457.781,5079,14476,74
75,Fructose_org4_angle0.tif:75,9551.929,5168,14645,75
76,Fructose_org4_angle0.tif:76,9648.064,5303,14778,76
77,Fructose_org4_angle0.tif:77,9748.479,5055,14991,77
78,Fructose_org4_angle0.tif:78,9839.176,4863,15289,78
79,Fructose_org4_angle0.tif:79,9910.390,4722,15557,79
80,Fructose_org4_angle0.tif:80,9971.432,4681,15583,80
81,Fructose_org4_angle0.tif:81,10011.112,4610,15669,81
82,Fructose_org4_angle0.tif:82,10039.876,4555,16026,82
83,Fructose_org4_angle0.tif:83,10059.511,4474,16448,83
84,Fructose_org4_angle0.tif:84,10073.418,4509,16901,84
85,Fructose_org4_angle0.tif:85,10083.379,4514,17049,85
86,Fructose_org4_angle0.tif:86,10102.525,4558,17071,86
87,Fructose_org4_angle0.tif:87,10128.819,4473,17022,87
88,Fructose_org4_angle0.tif:88,10167.291,4465,16956,88
89,Fructose_org4_angle0.tif:89,10224.745,4497,16556,89
90,Fructose_org4_angle0.tif:90,10303.974,4565,16387,90
91,Fructose_org4_angle0.tif:91,10396.922,4600,16360,91
92,Fructose_org4_angle0.tif:92,10513.473,4526,16192,92
93,Fructose_org4_angle0.tif:93,10627.456,4605,16367,93
94,Fructose_org4_angle0.tif:94,10739.704,4696,16504,94
95,Fructose_org4_angle0.tif:95,10851.784,4876,16591,95
96,Fructose_org4_angle0.tif:96,10939.659,5108,16595,96
97,Fructose_org4_angle0.tif:97,11012.532,5122,16739,97
98,Fructose_org4_angle0.tif:98,11064.093,5302,17080,98
99,Fructose_org4_angle0.tif:99,11084.835,5557,17174,99
100,Fructose_org4_angle0.tif:100,11085.389,5855,17194,100
101,Fructose_org4_angle0.tif:101,11065.465,6049,17239,101
102,Fructose_org4_angle0.tif:102,11014.226,6128,17112,102
103,Fructose_org4_angle0.tif:103,10941.928,6145,17152,103
104,Fructose_org4_angle0.tif:104,10862.948,6215,16947,104
105,Fructose_org4_angle0.tif:105,10779.867,6250,16398,105
106,Fructose_org4_angle0.tif:106,10708.478,6264,16005,106
107,Fructose_org4_angle0.tif:107,10651.061,6326,15780,107
108,Fructose_org4_angle0.tif:108,10615.550,6410,15227,108
109,Fructose_org4_angle0.tif:109,10620.044,6412,14832,109
110,Fructose_org4_angle0.tif:110,10654.557,6325,14631,110
111,Fructose_org4_angle0.tif:111,10728.368,6317,15445,111
112,Fructose_org4_angle0.tif:112,10825.956,6391,15890,112
113,Fructose_org4_angle0.tif:113,10942.295,6570,15632,113
114,Fructose_org4_angle0.tif:114,11050.159,6836,15104,114
115,Fructose_org4_angle0.tif:115,11154.258,6897,14732,115
116,Fructose_org4_angle0.tif:116,11251.127,6984,14844,116
117,Fructose_org4_angle0.tif:117,11350.520,7138,15197,117
118,Fructose_org4_angle0.tif:118,11471.270,7129,15664,118
119,Fructose_org4_angle0.tif:119,11604.232,7045,16005,119
120,Fructose_org4_angle0.tif:120,11747.738,7127,16117,120
121,Fructose_org4_angle0.tif:121,11883.357,7246,16037,121
122,Fructose_org4_angle0.tif:122,12001.321,7392,15794,122
123,Fructose_org4_angle0.tif:123,12110.884,7374,15947,123
124,Fructose_org4_angle0.tif:124,12200.875,7421,16020,124
125,Fructose_org4_angle0.tif:125,12273.184,7637,16390,125
126,Fructose_org4_angle0.tif:126,12336.941,7784,16624,126
127,Fructose_org4_angle0.tif:127,12389.055,7956,16954,127
128,Fructose_org4_angle0.tif:128,12428.000,7677,16987,128
129,Fructose_org4_angle0.tif:129,12466.004,7257,16925,129
130,Fructose_org4_angle0.tif:130,12479.337,6994,17676,130
131,Fructose_org4_angle0.tif:131,12486.935,6727,18575,131
132,Fructose_org4_angle0.tif:132,12493.673,6607,19504,132
133,Fructose_org4_angle0.tif:133,12484.942,6368,20379,133
134,Fructose_org4_angle0.tif:134,12467.567,6244,20873,134
135,Fructose_org4_angle0.tif:135,12449.264,6173,20918,135
136,Fructose_org4_angle0.tif:136,12428.396,6159,20657,136
137,Fructose_org4_angle0.tif:137,12410.702,6179,20386,137
138,Fructose_org4_angle0.tif:138,12394.822,6229,19158,138
139,Fructose_org4_angle0.tif:139,12387.437,6261,17821,139
140,Fructose_org4_angle0.tif:140,12403.099,6289,17320,140
141,Fructose_org4_angle0.tif:141,12428.829,6358,17531,141
142,Fructose_org4_angle0.tif:142,12465.645,6322,17915,142
143,Fructose_org4_angle0.tif:143,12524.573,6297,17942,143
144,Fructose_org4_angle0.tif:144,12572.289,6203,18199,144
145,Fructose_org4_angle0.tif:145,12618.732,6128,18391,145
146,Fructose_org4_angle0.tif:146,12663.507,6100,18565,146
147,Fructose_org4_angle0.tif:147,12696.396,6061,19511,147
148,Fructose_org4_angle0.tif:148,12718.806,6074,20605,148
149,Fructose_org4_angle0.tif:149,12743.608,6055,21624,149
150,Fructose_org4_angle0.tif:150,12749.678,6015,22069,150
151,Fructose_org4_angle0.tif:151,12759.501,6090,21544,151
152,Fructose_org4_angle0.tif:152,12764.514,6133,20379,152
153,Fructose_org4_angle0.tif:153,12762.790,6256,19115,153
154,Fructose_org4_angle0.tif:154,12753.127,6350,18916,154
155,Fructose_org4_angle0.tif:155,12728.794,6412,18699,155
156,Fructose_org4_angle0.tif:156,12696.784,6393,18443,156
157,Fructose_org4_angle0.tif:157,12656.453,6404,18021,157
158,Fructose_org4_angle0.tif:158,12605.563,6376,17828,158
159,Fructose_org4_angle0.tif:159,12553.974,6437,17987,159
160,Fructose_org4_angle0.tif:160,12498.608,6601,17962,160
161,Fructose_org4_angle0.tif:161,12441.275,6669,17971,161
162,Fructose_org4_angle0.tif:162,12379.097,6848,17626,162
163,Fructose_org4_angle0.tif:163,12308.789,6887,17347,163
164,Fructose_org4_angle0.tif:164,12232.116,6930,17210,164
165,Fructose_org4_angle0.tif:165,12155.230,7025,17179,165
166,Fructose_org4_angle0.tif:166,12065.464,6990,17159,166
167,Fructose_org4_angle0.tif:167,11973.629,6930,17191,167
168,Fructose_org4_angle0.tif:168,11901.012,6768,17324,168
169,Fructose_org4_angle0.tif:169,11835.081,6417,17343,169
170,Fructose_org4_angle0.tif:170,11797.261,6287,17512,170
171,Fructose_org4_angle0.tif:171,11790.180,6115,17542,171
172,Fructose_org4_angle0.tif:172,11808.203,5963,17587,172
173,Fructose_org4_angle0.tif:173,11834.955,5759,18079,173
174,Fructose_org4_angle0.tif:174,11875.651,5696,18239,174
175,Fructose_org4_angle0.tif:175,11919.810,5721,18109,175
176,Fructose_org4_angle0.tif:176,11973.790,5719,17943,176
177,Fructose_org4_angle0.tif:177,12051.991,5798,17772,177
178,Fructose_org4_angle0.tif:178,12127.276,5779,17796,178
179,Fructose_org4_angle0.tif:179,12220.833,5867,17955,179
180,Fructose_org4_angle0.tif:180,12327.829,5986,17801,180
181,Fructose_org4_angle0.tif:181,12432.372,6186,17560,181
182,Fructose_org4_angle0.tif:182,12542.508,6347,17604,182
183,Fructose_org4_angle0.tif:183,12648.845,6601,17578,183
184,Fructose_org4_angle0.tif:184,12745.213,6830,17532,184
185,Fructose_org4_angle0.tif:185,12834.582,6998,17583,185
186,Fructose_org4_angle0.tif:186,12912.921,7278,17987,186
187,Fructose_org4_angle0.tif:187,12986.469,7562,18425,187
188,Fructose_org4_angle0.tif:188,13051.001,7863,19053,188
189,Fructose_org4_angle0.tif:189,13099.872,8163,19386,189
190,Fructose_org4_angle0.tif:190,13130.637,8001,19349,190
191,Fructose_org4_angle0.tif:191,13149.065,8021,18882,191
192,Fructose_org4_angle0.tif:192,13154.350,7945,18332,192
193,Fructose_org4_angle0.tif:193,13150.383,7831,18562,193
194,Fructose_org4_angle0.tif:194,13139.209,7891,18234,194
195,Fructose_org4_angle0.tif:195,13116.907,7926,18023,195
196,Fructose_org4_angle0.tif:196,13109.392,8166,18009,196
197,Fructose_org4_angle0.tif:197,13088.903,8295,18070,197
198,Fructose_org4_angle0.tif:198,13055.522,8135,18235,198
199,Fructose_org4_angle0.tif:199,13001.926,7975,18365,199
200,Fructose_org4_angle0.tif:200,12945.295,7900,18408,200
201,Fructose_org4_angle0.tif:201,12883.853,7947,19226,201
202,Fructose_org4_angle0.tif:202,12841.411,7969,20206,202
203,Fructose_org4_angle0.tif:203,12815.631,7934,21050,203
204,Fructose_org4_angle0.tif:204,12810.642,7924,21644,204
205,Fructose_org4_angle0.tif:205,12834.194,7956,21529,205
206,Fructose_org4_angle0.tif:206,12866.443,7874,20502,206
207,Fructose_org4_angle0.tif:207,12893.835,7680,19110,207
208,Fructose_org4_angle0.tif:208,12916.609,7554,19008,208
209,Fructose_org4_angle0.tif:209,12917.038,7469,18776,209
210,Fructose_org4_angle0.tif:210,12910.650,7198,18523,210
211,Fructose_org4_angle0.tif:211,12898.743,6912,18224,211
212,Fructose_org4_angle0.tif:212,12884.065,6757,18105,212
213,Fructose_org4_angle0.tif:213,12870.515,6554,18293,213
214,Fructose_org4_angle0.tif:214,12862.021,6429,18210,214
215,Fructose_org4_angle0.tif:215,12860.052,6290,18228,215
216,Fructose_org4_angle0.tif:216,12864.683,6090,18305,216
217,Fructose_org4_angle0.tif:217,12869.639,5956,18803,217
218,Fructose_org4_angle0.tif:218,12881.031,5849,19104,218
219,Fructose_org4_angle0.tif:219,12890.327,5731,19991,219
220,Fructose_org4_angle0.tif:220,12901.169,5662,20952,220
221,Fructose_org4_angle0.tif:221,12901.189,5568,22235,221
222,Fructose_org4_angle0.tif:222,12908.891,5394,22970,222
223,Fructose_org4_angle0.tif:223,12912.062,5292,23453,223
224,Fructose_org4_angle0.tif:224,12908.963,5113,23293,224
225,Fructose_org4_angle0.tif:225,12893.980,4971,22189,225
226,Fructose_org4_angle0.tif:226,12870.912,4863,20377,226
227,Fructose_org4_angle0.tif:227,12836.247,4775,18497,227
228,Fructose_org4_angle0.tif:228,12799.448,4765,18774,228
229,Fructose_org4_angle0.tif:229,12750.935,4918,19378,229
230,Fructose_org4_angle0.tif:230,12704.765,5138,20096,230
231,Fructose_org4_angle0.tif:231,12657.230,5260,21064,231
232,Fructose_org4_angle0.tif:232,12615.687,5449,22128,232
233,Fructose_org4_angle0.tif:233,12589.997,5441,22574,233
234,Fructose_org4_angle0.tif:234,12568.459,5467,22384,234
235,Fructose_org4_angle0.tif:235,12549.535,5480,21460,235
236,Fructose_org4_angle0.tif:236,12532.163,5515,20404,236
237,Fructose_org4_angle0.tif:237,12511.417,5755,19339,237
238,Fructose_org4_angle0.tif:238,12494.385,5861,18898,238
239,Fructose_org4_angle0.tif:239,12486.443,5638,18660,239
240,Fructose_org4_angle0.tif:240,12488.706,5482,19062,240
241,Fructose_org4_angle0.tif:241,12503.040,5264,19385,241
242,Fructose_org4_angle0.tif:242,12528.545,5162,19623,242
243,Fructose_org4_angle0.tif:243,12565.224,5102,19919,243
244,Fructose_org4_angle0.tif:244,12605.315,5199,21683,244
245,Fructose_org4_angle0.tif:245,12652.752,5433,22858,245
246,Fructose_org4_angle0.tif:246,12692.013,5559,22851,246
247,Fructose_org4_angle0.tif:247,12726.145,5778,21952,247
248,Fructose_org4_angle0.tif:248,12746.478,6013,20509,248
249,Fructose_org4_angle0.tif:249,12751.993,6202,20196,249
250,Fructose_org4_angle0.tif:250,12753.429,6558,19700,250
251,Fructose_org4_angle0.tif:251,12742.717,6957,18670,251
252,Fructose_org4_angle0.tif:252,12716.658,7380,18576,252
253,Fructose_org4_angle0.tif:253,12687.033,7476,18952,253
254,Fructose_org4_angle0.tif:254,12643.867,7430,19138,254
255,Fructose_org4_angle0.tif:255,12589.044,7450,19229,255
256,Fructose_org4_angle0.tif:256,12530.623,7395,19341,256
257,Fructose_org4_angle0.tif:257,12459.844,7320,19855,257
258,Fructose_org4_angle0.tif:258,12388.383,7261,20325,258
259,Fructose_org4_angle0.tif:259,12319.156,7293,20726,259
260,Fructose_org4_angle0.tif:260,12260.048,7243,20497,260
261,Fructose_org4_angle0.tif:261,12219.198,6990,20151,261
262,Fructose_org4_angle0.tif:262,12191.766,6833,19945,262
263,Fructose_org4_angle0.tif:263,12177.665,6593,19634,263
264,Fructose_org4_angle0.tif:264,12167.941,6395,18909,264
265,Fructose_org4_angle0.tif:265,12153.257,6122,19180,265
266,Fructose_org4_angle0.tif:266,12126.960,5851,19896,266
267,Fructose_org4_angle0.tif:267,12101.224,5536,20135,267
268,Fructose_org4_angle0.tif:268,12065.227,5402,19580,268
269,Fructose_org4_angle0.tif:269,12034.878,5192,18283,269
270,Fructose_org4_angle0.tif:270,12020.733,5127,18175,270
271,Fructose_org4_angle0.tif:271,12014.200,5055,18095,271
272,Fructose_org4_angle0.tif:272,12019.576,5005,18086,272
273,Fructose_org4_angle0.tif:273,12050.030,5121,18064,273
274,Fructose_org4_angle0.tif:274,12078.642,5190,18307,274
275,Fructose_org4_angle0.tif:275,12112.473,5123,18546,275
276,Fructose_org4_angle0.tif:276,12155.163,4894,19470,276
277,Fructose_org4_angle0.tif:277,12189.815,4666,20250,277
278,Fructose_org4_angle0.tif:278,12221.974,4548,20285,278
279,Fructose_org4_angle0.tif:279,12251.464,4416,19707,279
280,Fructose_org4_angle0.tif:280,12275.692,4233,19853,280
281,Fructose_org4_angle0.tif:281,12299.648,4179,20809,281
282,Fructose_org4_angle0.tif:282,12329.124,4112,21421,282
283,Fructose_org4_angle0.tif:283,12342.332,4098,21715,283
284,Fructose_org4_angle0.tif:284,12344.008,4038,21217,284
285,Fructose_org4_angle0.tif:285,12332.321,4077,21542,285
286,Fructose_org4_angle0.tif:286,12306.515,4167,21571,286
287,Fructose_org4_angle0.tif:287,12279.584,4263,20783,287
288,Fructose_org4_angle0.tif:288,12247.329,4428,21049,288
289,Fructose_org4_angle0.tif:289,12220.187,4567,23663,289
290,Fructose_org4_angle0.tif:290,12212.205,4782,28347,290
291,Fructose_org4_angle0.tif:291,12201.247,4970,32081,291
292,Fructose_org4_angle0.tif:292,12182.902,5226,32415,292
293,Fructose_org4_angle0.tif:293,12153.150,5468,29317,293
294,Fructose_org4_angle0.tif:294,12113.401,5815,24833,294
295,Fructose_org4_angle0.tif:295,12060.624,5999,21606,295
296,Fructose_org4_angle0.tif:296,11989.508,6079,22954,296
297,Fructose_org4_angle0.tif:297,11907.821,6321,23489,297
298,Fructose_org4_angle0.tif:298,11831.091,6159,22815,298
299,Fructose_org4_angle0.tif:299,11737.044,5880,21460,299
300,Fructose_org4_angle0.tif:300,11628.397,5721,19616,300
301,Fructose_org4_angle0.tif:301,11512.412,5492,19470,301
302,Fructose_org4_angle0.tif:302,11381.473,5233,19703,302
303,Fructose_org4_angle0.tif:303,11247.015,5053,19611,303
304,Fructose_org4_angle0.tif:304,11108.667,4865,19596,304
305,Fructose_org4_angle0.tif:305,10971.659,4832,19554,305
306,Fructose_org4_angle0.tif:306,10850.864,4711,19363,306
307,Fructose_org4_angle0.tif:307,10749.649,4595,19140,307
308,Fructose_org4_angle0.tif:308,10667.549,4566,18741,308
309,Fructose_org4_angle0.tif:309,10603.281,4530,18291,309
310,Fructose_org4_angle0.tif:310,10551.963,4662,18727,310
311,Fructose_org4_angle0.tif:311,10502.511,4684,18504,311
312,Fructose_org4_angle0.tif:312,10473.309,4884,18196,312
313,Fructose_org4_angle0.tif:313,10452.114,4997,18548,313
314,Fructose_org4_angle0.tif:314,10441.919,5001,18871,314
315,Fructose_org4_angle0.tif:315,10457.977,5012,18812,315
316,Fructose_org4_angle0.tif:316,10508.240,5155,18782,316
317,Fructose_org4_angle0.tif:317,10574.744,5167,18805,317
318,Fructose_org4_angle0.tif:318,10648.357,5075,18943,318
319,Fructose_org4_angle0.tif:319,10719.371,4991,18844,319
320,Fructose_org4_angle0.tif:320,10792.133,5096,18509,320
321,Fructose_org4_angle0.tif:321,10860.729,5402,18858,321
322,Fructose_org4_angle0.tif:322,10920.311,5526,20133,322
323,Fructose_org4_angle0.tif:323,10977.780,5735,20566,323
324,Fructose_org4_angle0.tif:324,11026.952,5940,20332,324
325,Fructose_org4_angle0.tif:325,11060.063,6048,19430,325
326,Fructose_org4_angle0.tif:326,11085.267,6127,18324,326
327,Fructose_org4_angle0.tif:327,11104.064,5836,18223,327
328,Fructose_org4_angle0.tif:328,11109.814,5644,18728,328
329,Fructose_org4_angle0.tif:329,11103.608,5445,19370,329
330,Fructose_org4_angle0.tif:330,11068.765,5327,19893,330
331,Fructose_org4_angle0.tif:331,11000.522,5211,19912,331
332,Fructose_org4_angle0.tif:332,10906.613,5263,19629,332
333,Fructose_org4_angle0.tif:333,10781.800,5525,18825,333
334,Fructose_org4_angle0.tif:334,10632.729,5186,18057,334
335,Fructose_org4_angle0.tif:335,10470.802,5063,18386,335
336,Fructose_org4_angle0.tif:336,10299.903,4687,18778,336
337,Fructose_org4_angle0.tif:337,10140.042,4362,19331,337
338,Fructose_org4_angle0.tif:338,9998.282,4133,20801,338
339,Fructose_org4_angle0.tif:339,9869.341,3926,22143,339
340,Fructose_org4_angle0.tif:340,9759.685,3999,22317,340
341,Fructose_org4_angle0.tif:341,9659.137,3882,21043,341
342,Fructose_org4_angle0.tif:342,9564.292,3815,19993,342
343,Fructose_org4_angle0.tif:343,9468.648,3663,20410,343
344,Fructose_org4_angle0.tif:344,9366.110,3625,20792,344
345,Fructose_org4_angle0.tif:345,9256.118,3537,20358,345
346,Fructose_org4_angle0.tif:346,9142.411,3422,19766,346
347,Fructose_org4_angle0.tif:347,9040.859,3385,19463,347
348,Fructose_org4_angle0.tif:348,8958.889,3278,19911,348
349,Fructose_org4_angle0.tif:349,8890.776,3252,20675,349
350,Fructose_org4_angle0.tif:350,8828.875,3201,20982,350
351,Fructose_org4_angle0.tif:351,8778.817,3143,20471,351
352,Fructose_org4_angle0.tif:352,8751.872,3130,20956,352
353,Fructose_org4_angle0.tif:353,8747.039,3229,21665,353
354,Fructose_org4_angle0.tif:354,8772.419,3224,19583,354
355,Fructose_org4_angle0.tif:355,8815.086,2806,18081,355
356,Fructose_org4_angle0.tif:356,8869.562,2505,17572,356
357,Fructose_org4_angle0.tif:357,8928.921,2178,17186,357
358,Fructose_org4_angle0.tif:358,8993.343,1880,17155,358
359,Fructose_org4_angle0.tif:359,9051.546,1555,16783,359
360,Fructose_org4_angle0.tif:360,9102.762,1383,16680,360
361,Fructose_org4_angle0.tif:361,9150.591,1469,16885,361
362,Fructose_org4_angle0.tif:362,9182.385,1534,18752,362
363,Fructose_org4_angle0.tif:363,9188.721,1474,19139,363
364,Fructose_org4_angle0.tif:364,9157.853,1358,18271,364
365,Fructose_org4_angle0.tif:365,9090.207,1136,16648,365
366,Fructose_org4_angle0.tif:366,8996.044,1025,16228,366
367,Fructose_org4_angle0.tif:367,8871.848,948,18295,367
368,Fructose_org4_angle0.tif:368,8732.269,848,19666,368
369,Fructose_org4_angle0.tif:369,8587.731,790,19835,369
370,Fructose_org4_angle0.tif:370,8436.100,745,18989,370
371,Fructose_org4_angle0.tif:371,8297.911,678,18977,371
372,Fructose_org4_angle0.tif:372,8174.629,628,17033,372
373,Fructose_org4_angle0.tif:373,8072.359,625,16220,373
374,Fructose_org4_angle0.tif:374,7989.420,596,18711,374
375,Fructose_org4_angle0.tif:375,7924.114,594,21619,375
376,Fructose_org4_angle0.tif:376,7862.539,595,23383,376
377,Fructose_org4_angle0.tif:377,7803.871,581,23451,377
378,Fructose_org4_angle0.tif:378,7732.929,561,24362,378
379,Fructose_org4_angle0.tif:379,7644.992,549,22447,379
380,Fructose_org4_angle0.tif:380,7546.186,538,18079,380
381,Fructose_org4_angle0.tif:381,7441.214,538,15787,381
382,Fructose_org4_angle0.tif:382,7329.699,521,17723,382
383,Fructose_org4_angle0.tif:383,7219.072,517,17419,383
384,Fructose_org4_angle0.tif:384,7112.871,516,15269,384
385,Fructose_org4_angle0.tif:385,7004.689,504,14888,385
386,Fructose_org4_angle0.tif:386,6889.315,493,14927,386
387,Fructose_org4_angle0.tif:387,6771.520,490,17037,387
388,Fructose_org4_angle0.tif:388,6647.641,475,18377,388
389,Fructose_org4_angle0.tif:389,6516.117,486,17874,389
390,Fructose_org4_angle0.tif:390,6373.016,454,16271,390
391,Fructose_org4_angle0.tif:391,6227.089,459,16038,391
392,Fructose_org4_angle0.tif:392,6089.042,459,17445,392
393,Fructose_org4_angle0.tif:393,5956.775,459,17607,393
394,Fructose_org4_angle0.tif:394,5833.071,457,16085,394
395,Fructose_org4_angle0.tif:395,5710.715,448,15498,395
396,Fructose_org4_angle0.tif:396,5579.695,451,14941,396
397,Fructose_org4_angle0.tif:397,5428.190,434,13845,397
398,Fructose_org4_angle0.tif:398,5250.070,427,13488,398
399,Fructose_org4_angle0.tif:399,5056.076,430,13734,399
400,Fructose_org4_angle0.tif:400,4855.388,417,13691,400
401,Fructose_org4_angle0.tif:401,4658.893,408,13061,401
402,Fructose_org4_angle0.tif:402,4477.357,413,13245,402
403,Fructose_org4_angle0.tif:403,4318.088,407,13425,403
404,Fructose_org4_angle0.tif:404,4179.907,398,13207,404
405,Fructose_org4_angle0.tif:405,4059.886,393,12806,405
406,Fructose_org4_angle0.tif:406,3949.014,389,12680,406
407,Fructose_org4_angle0.tif:407,3845.038,380,12731,407
408,Fructose_org4_angle0.tif:408,3743.841,376,12281,408
409,Fructose_org4_angle0.tif:409,3644.709,376,12641,409
410,Fructose_org4_angle0.tif:410,3545.790,359,14804,410
411,Fructose_org4_angle0.tif:411,3442.659,366,16401,411
412,Fructose_org4_angle0.tif:412,3333.622,356,16260,412
413,Fructose_org4_angle0.tif:413,3216.244,352,14073,413
414,Fructose_org4_angle0.tif:414,3092.263,345,13121,414
415,Fructose_org4_angle0.tif:415,2959.622,340,12964,415
416,Fructose_org4_angle0.tif:416,2813.952,332,12570,416
417,Fructose_org4_angle0.tif:417,2658.095,331,13709,417
418,Fructose_org4_angle0.tif:418,2492.487,330,14601,418
419,Fructose_org4_angle0.tif:419,2323.584,322,14451,419
420,Fructose_org4_angle0.tif:420,2153.638,316,13659,420
421,Fructose_org4_angle0.tif:421,1978.915,311,13951,421
422,Fructose_org4_angle0.tif:422,1804.362,305,13780,422
423,Fructose_org4_angle0.tif:423,1632.372,309,13079,423
424,Fructose_org4_angle0.tif:424,1465.486,297,11584,424
425,Fructose_org4_angle0.tif:425,1303.172,290,10844,425
426,Fructose_org4_angle0.tif:426,1150.639,297,10448,426
427,Fructose_org4_angle0.tif:427,1010.520,294,9210,427
428,Fructose_org4_angle0.tif:428,885.194,282,7641,428
429,Fructose_org4_angle0.tif:429,777.964,286,6004,429
430,Fructose_org4_angle0.tif:430,690.741,278,4480,430
431,Fructose_org4_angle0.tif:431,620.688,275,3275,431
432,Fructose_org4_angle0.tif:432,565.381,271,2550,432
433,Fructose_org4_angle0.tif:433,521.635,269,1964,433
434,Fructose_org4_angle0.tif:434,486.849,269,1455,434
435,Fructose_org4_angle0.tif:435,459.397,262,1134,435
436,Fructose_org4_angle0.tif:436,438.294,262,941,436
437,Fructose_org4_angle0.tif:437,421.709,264,830,437
438,Fructose_org4_angle0.tif:438,408.656,259,741,438
439,Fructose_org4_angle0.tif:439,398.326,267,675,439
440,Fructose_org4_angle0.tif:440,389.934,259,630,440
441,Fructose_org4_angle0.tif:441,383.364,256,609,441
442,Fructose_org4_angle0.tif:442,377.825,253,561,442
443,Fructose_org4_angle0.tif:443,373.003,260,560,443
