 ,Label,Mean,Min,Max,Slice
1,ROI-right_ClearT2_org2_illu1_angle1.tif:1,359.768,205,912,1
2,ROI-right_ClearT2_org2_illu1_angle1.tif:2,365.355,207,975,2
3,ROI-right_ClearT2_org2_illu1_angle1.tif:3,371.340,201,1025,3
4,ROI-right_ClearT2_org2_illu1_angle1.tif:4,377.332,211,1101,4
5,ROI-right_ClearT2_org2_illu1_angle1.tif:5,383.929,216,1161,5
6,ROI-right_ClearT2_org2_illu1_angle1.tif:6,390.702,182,1205,6
7,ROI-right_ClearT2_org2_illu1_angle1.tif:7,398.462,212,1293,7
8,ROI-right_ClearT2_org2_illu1_angle1.tif:8,406.923,211,1397,8
9,ROI-right_ClearT2_org2_illu1_angle1.tif:9,416.009,210,1519,9
10,ROI-right_ClearT2_org2_illu1_angle1.tif:10,426.606,207,1718,10
11,ROI-right_ClearT2_org2_illu1_angle1.tif:11,438.403,216,1936,11
12,ROI-right_ClearT2_org2_illu1_angle1.tif:12,450.780,219,2226,12
13,ROI-right_ClearT2_org2_illu1_angle1.tif:13,463.700,210,2526,13
14,ROI-right_ClearT2_org2_illu1_angle1.tif:14,476.645,213,2756,14
15,ROI-right_ClearT2_org2_illu1_angle1.tif:15,490.057,218,2953,15
16,ROI-right_ClearT2_org2_illu1_angle1.tif:16,504.500,217,3101,16
17,ROI-right_ClearT2_org2_illu1_angle1.tif:17,518.861,215,3140,17
18,ROI-right_ClearT2_org2_illu1_angle1.tif:18,533.925,221,3143,18
19,ROI-right_ClearT2_org2_illu1_angle1.tif:19,550.006,221,3192,19
20,ROI-right_ClearT2_org2_illu1_angle1.tif:20,567.421,221,3406,20
21,ROI-right_ClearT2_org2_illu1_angle1.tif:21,585.131,203,4392,21
22,ROI-right_ClearT2_org2_illu1_angle1.tif:22,603.560,210,5732,22
23,ROI-right_ClearT2_org2_illu1_angle1.tif:23,620.821,202,6875,23
24,ROI-right_ClearT2_org2_illu1_angle1.tif:24,637.015,214,8039,24
25,ROI-right_ClearT2_org2_illu1_angle1.tif:25,652.269,223,8390,25
26,ROI-right_ClearT2_org2_illu1_angle1.tif:26,666.857,226,7690,26
27,ROI-right_ClearT2_org2_illu1_angle1.tif:27,681.819,228,6397,27
28,ROI-right_ClearT2_org2_illu1_angle1.tif:28,697.462,211,5370,28
29,ROI-right_ClearT2_org2_illu1_angle1.tif:29,713.817,230,4599,29
30,ROI-right_ClearT2_org2_illu1_angle1.tif:30,729.974,223,4003,30
31,ROI-right_ClearT2_org2_illu1_angle1.tif:31,745.203,218,4212,31
32,ROI-right_ClearT2_org2_illu1_angle1.tif:32,759.520,232,4647,32
33,ROI-right_ClearT2_org2_illu1_angle1.tif:33,773.394,230,5164,33
34,ROI-right_ClearT2_org2_illu1_angle1.tif:34,787.344,227,4649,34
35,ROI-right_ClearT2_org2_illu1_angle1.tif:35,802.165,237,3777,35
36,ROI-right_ClearT2_org2_illu1_angle1.tif:36,818.764,236,3893,36
37,ROI-right_ClearT2_org2_illu1_angle1.tif:37,837.364,228,3928,37
38,ROI-right_ClearT2_org2_illu1_angle1.tif:38,857.770,226,4659,38
39,ROI-right_ClearT2_org2_illu1_angle1.tif:39,879.051,234,4666,39
40,ROI-right_ClearT2_org2_illu1_angle1.tif:40,901.359,226,4209,40
41,ROI-right_ClearT2_org2_illu1_angle1.tif:41,923.928,234,5704,41
42,ROI-right_ClearT2_org2_illu1_angle1.tif:42,946.420,226,7334,42
43,ROI-right_ClearT2_org2_illu1_angle1.tif:43,968.029,227,7794,43
44,ROI-right_ClearT2_org2_illu1_angle1.tif:44,990.664,232,6985,44
45,ROI-right_ClearT2_org2_illu1_angle1.tif:45,1015.179,234,6968,45
46,ROI-right_ClearT2_org2_illu1_angle1.tif:46,1040.039,223,8195,46
47,ROI-right_ClearT2_org2_illu1_angle1.tif:47,1065.194,239,7871,47
48,ROI-right_ClearT2_org2_illu1_angle1.tif:48,1091.751,238,6533,48
49,ROI-right_ClearT2_org2_illu1_angle1.tif:49,1120.537,228,4853,49
50,ROI-right_ClearT2_org2_illu1_angle1.tif:50,1152.532,226,4695,50
51,ROI-right_ClearT2_org2_illu1_angle1.tif:51,1187.507,225,5192,51
52,ROI-right_ClearT2_org2_illu1_angle1.tif:52,1225.602,236,5395,52
53,ROI-right_ClearT2_org2_illu1_angle1.tif:53,1264.866,227,5609,53
54,ROI-right_ClearT2_org2_illu1_angle1.tif:54,1304.143,235,5567,54
55,ROI-right_ClearT2_org2_illu1_angle1.tif:55,1340.239,233,4853,55
56,ROI-right_ClearT2_org2_illu1_angle1.tif:56,1371.698,234,5204,56
57,ROI-right_ClearT2_org2_illu1_angle1.tif:57,1399.948,241,5795,57
58,ROI-right_ClearT2_org2_illu1_angle1.tif:58,1426.471,228,5855,58
59,ROI-right_ClearT2_org2_illu1_angle1.tif:59,1452.451,234,5340,59
60,ROI-right_ClearT2_org2_illu1_angle1.tif:60,1480.289,227,5471,60
61,ROI-right_ClearT2_org2_illu1_angle1.tif:61,1507.225,240,5647,61
62,ROI-right_ClearT2_org2_illu1_angle1.tif:62,1535.305,246,5208,62
63,ROI-right_ClearT2_org2_illu1_angle1.tif:63,1565.325,244,4615,63
64,ROI-right_ClearT2_org2_illu1_angle1.tif:64,1598.084,240,5860,64
65,ROI-right_ClearT2_org2_illu1_angle1.tif:65,1633.098,244,7548,65
66,ROI-right_ClearT2_org2_illu1_angle1.tif:66,1666.785,242,8171,66
67,ROI-right_ClearT2_org2_illu1_angle1.tif:67,1697.174,245,10090,67
68,ROI-right_ClearT2_org2_illu1_angle1.tif:68,1727.579,249,13148,68
69,ROI-right_ClearT2_org2_illu1_angle1.tif:69,1756.479,252,16860,69
70,ROI-right_ClearT2_org2_illu1_angle1.tif:70,1784.391,256,19920,70
71,ROI-right_ClearT2_org2_illu1_angle1.tif:71,1810.911,246,20860,71
72,ROI-right_ClearT2_org2_illu1_angle1.tif:72,1835.167,253,18768,72
73,ROI-right_ClearT2_org2_illu1_angle1.tif:73,1859.100,256,15209,73
74,ROI-right_ClearT2_org2_illu1_angle1.tif:74,1883.316,256,11392,74
75,ROI-right_ClearT2_org2_illu1_angle1.tif:75,1906.147,258,8917,75
76,ROI-right_ClearT2_org2_illu1_angle1.tif:76,1929.239,258,6907,76
77,ROI-right_ClearT2_org2_illu1_angle1.tif:77,1952.897,254,6667,77
78,ROI-right_ClearT2_org2_illu1_angle1.tif:78,1978.296,243,7941,78
79,ROI-right_ClearT2_org2_illu1_angle1.tif:79,2003.165,256,9191,79
80,ROI-right_ClearT2_org2_illu1_angle1.tif:80,2028.808,256,10102,80
81,ROI-right_ClearT2_org2_illu1_angle1.tif:81,2051.269,254,9777,81
82,ROI-right_ClearT2_org2_illu1_angle1.tif:82,2074.102,251,8442,82
83,ROI-right_ClearT2_org2_illu1_angle1.tif:83,2096.554,244,6614,83
84,ROI-right_ClearT2_org2_illu1_angle1.tif:84,2120.031,238,5127,84
85,ROI-right_ClearT2_org2_illu1_angle1.tif:85,2142.620,248,4119,85
86,ROI-right_ClearT2_org2_illu1_angle1.tif:86,2165.807,247,4280,86
87,ROI-right_ClearT2_org2_illu1_angle1.tif:87,2188.934,247,4334,87
88,ROI-right_ClearT2_org2_illu1_angle1.tif:88,2214.668,250,4425,88
89,ROI-right_ClearT2_org2_illu1_angle1.tif:89,2238.822,238,4452,89
90,ROI-right_ClearT2_org2_illu1_angle1.tif:90,2264.499,246,4415,90
91,ROI-right_ClearT2_org2_illu1_angle1.tif:91,2289.455,246,4449,91
92,ROI-right_ClearT2_org2_illu1_angle1.tif:92,2312.543,238,4517,92
93,ROI-right_ClearT2_org2_illu1_angle1.tif:93,2332.341,253,4476,93
94,ROI-right_ClearT2_org2_illu1_angle1.tif:94,2351.091,253,4488,94
95,ROI-right_ClearT2_org2_illu1_angle1.tif:95,2368.414,250,4467,95
96,ROI-right_ClearT2_org2_illu1_angle1.tif:96,2384.621,245,4436,96
97,ROI-right_ClearT2_org2_illu1_angle1.tif:97,2400.248,243,4456,97
98,ROI-right_ClearT2_org2_illu1_angle1.tif:98,2416.574,245,4423,98
99,ROI-right_ClearT2_org2_illu1_angle1.tif:99,2431.222,246,4410,99
100,ROI-right_ClearT2_org2_illu1_angle1.tif:100,2448.148,241,4421,100
101,ROI-right_ClearT2_org2_illu1_angle1.tif:101,2465.705,242,4410,101
102,ROI-right_ClearT2_org2_illu1_angle1.tif:102,2483.832,247,4448,102
103,ROI-right_ClearT2_org2_illu1_angle1.tif:103,2500.673,245,4591,103
104,ROI-right_ClearT2_org2_illu1_angle1.tif:104,2517.315,243,4545,104
105,ROI-right_ClearT2_org2_illu1_angle1.tif:105,2533.416,241,4617,105
106,ROI-right_ClearT2_org2_illu1_angle1.tif:106,2549.987,237,4648,106
107,ROI-right_ClearT2_org2_illu1_angle1.tif:107,2567.782,239,4657,107
108,ROI-right_ClearT2_org2_illu1_angle1.tif:108,2587.446,234,4662,108
109,ROI-right_ClearT2_org2_illu1_angle1.tif:109,2607.021,228,4652,109
110,ROI-right_ClearT2_org2_illu1_angle1.tif:110,2627.963,236,4697,110
111,ROI-right_ClearT2_org2_illu1_angle1.tif:111,2650.560,229,4669,111
112,ROI-right_ClearT2_org2_illu1_angle1.tif:112,2675.525,231,4703,112
113,ROI-right_ClearT2_org2_illu1_angle1.tif:113,2700.176,231,4730,113
114,ROI-right_ClearT2_org2_illu1_angle1.tif:114,2724.186,226,4656,114
115,ROI-right_ClearT2_org2_illu1_angle1.tif:115,2746.213,217,4719,115
116,ROI-right_ClearT2_org2_illu1_angle1.tif:116,2763.454,224,4705,116
117,ROI-right_ClearT2_org2_illu1_angle1.tif:117,2775.180,221,4704,117
118,ROI-right_ClearT2_org2_illu1_angle1.tif:118,2785.570,226,4722,118
119,ROI-right_ClearT2_org2_illu1_angle1.tif:119,2793.590,223,4676,119
120,ROI-right_ClearT2_org2_illu1_angle1.tif:120,2801.124,222,4702,120
121,ROI-right_ClearT2_org2_illu1_angle1.tif:121,2803.882,212,4685,121
122,ROI-right_ClearT2_org2_illu1_angle1.tif:122,2806.399,214,4644,122
123,ROI-right_ClearT2_org2_illu1_angle1.tif:123,2807.226,214,4622,123
124,ROI-right_ClearT2_org2_illu1_angle1.tif:124,2805.278,211,4610,124
125,ROI-right_ClearT2_org2_illu1_angle1.tif:125,2803.439,208,4630,125
126,ROI-right_ClearT2_org2_illu1_angle1.tif:126,2805.737,217,4619,126
127,ROI-right_ClearT2_org2_illu1_angle1.tif:127,2806.464,215,4565,127
128,ROI-right_ClearT2_org2_illu1_angle1.tif:128,2806.343,218,4564,128
129,ROI-right_ClearT2_org2_illu1_angle1.tif:129,2806.879,219,4603,129
130,ROI-right_ClearT2_org2_illu1_angle1.tif:130,2805.573,221,4553,130
131,ROI-right_ClearT2_org2_illu1_angle1.tif:131,2806.520,221,4584,131
132,ROI-right_ClearT2_org2_illu1_angle1.tif:132,2808.571,214,4560,132
133,ROI-right_ClearT2_org2_illu1_angle1.tif:133,2806.791,217,4533,133
134,ROI-right_ClearT2_org2_illu1_angle1.tif:134,2805.521,225,4526,134
135,ROI-right_ClearT2_org2_illu1_angle1.tif:135,2803.052,219,4626,135
136,ROI-right_ClearT2_org2_illu1_angle1.tif:136,2798.249,218,4514,136
137,ROI-right_ClearT2_org2_illu1_angle1.tif:137,2792.625,229,4530,137
138,ROI-right_ClearT2_org2_illu1_angle1.tif:138,2786.661,232,4527,138
139,ROI-right_ClearT2_org2_illu1_angle1.tif:139,2781.855,234,4481,139
140,ROI-right_ClearT2_org2_illu1_angle1.tif:140,2779.646,234,4456,140
141,ROI-right_ClearT2_org2_illu1_angle1.tif:141,2775.727,233,4451,141
142,ROI-right_ClearT2_org2_illu1_angle1.tif:142,2772.028,235,4465,142
143,ROI-right_ClearT2_org2_illu1_angle1.tif:143,2769.348,237,4495,143
144,ROI-right_ClearT2_org2_illu1_angle1.tif:144,2766.580,230,4397,144
145,ROI-right_ClearT2_org2_illu1_angle1.tif:145,2763.274,239,4414,145
146,ROI-right_ClearT2_org2_illu1_angle1.tif:146,2761.735,243,4417,146
147,ROI-right_ClearT2_org2_illu1_angle1.tif:147,2758.519,242,4402,147
148,ROI-right_ClearT2_org2_illu1_angle1.tif:148,2755.948,237,4323,148
149,ROI-right_ClearT2_org2_illu1_angle1.tif:149,2750.713,240,4279,149
150,ROI-right_ClearT2_org2_illu1_angle1.tif:150,2742.921,246,4370,150
151,ROI-right_ClearT2_org2_illu1_angle1.tif:151,2731.443,245,4288,151
152,ROI-right_ClearT2_org2_illu1_angle1.tif:152,2720.190,245,4253,152
153,ROI-right_ClearT2_org2_illu1_angle1.tif:153,2706.359,233,4150,153
154,ROI-right_ClearT2_org2_illu1_angle1.tif:154,2691.178,247,4149,154
155,ROI-right_ClearT2_org2_illu1_angle1.tif:155,2676.554,243,4127,155
156,ROI-right_ClearT2_org2_illu1_angle1.tif:156,2662.969,250,4115,156
157,ROI-right_ClearT2_org2_illu1_angle1.tif:157,2649.882,250,4088,157
158,ROI-right_ClearT2_org2_illu1_angle1.tif:158,2638.439,243,4082,158
159,ROI-right_ClearT2_org2_illu1_angle1.tif:159,2626.428,248,4071,159
160,ROI-right_ClearT2_org2_illu1_angle1.tif:160,2612.700,258,4055,160
161,ROI-right_ClearT2_org2_illu1_angle1.tif:161,2599.651,258,4001,161
162,ROI-right_ClearT2_org2_illu1_angle1.tif:162,2586.259,262,4083,162
163,ROI-right_ClearT2_org2_illu1_angle1.tif:163,2573.888,260,3966,163
164,ROI-right_ClearT2_org2_illu1_angle1.tif:164,2561.079,254,3937,164
165,ROI-right_ClearT2_org2_illu1_angle1.tif:165,2546.789,266,3897,165
166,ROI-right_ClearT2_org2_illu1_angle1.tif:166,2530.647,265,3930,166
167,ROI-right_ClearT2_org2_illu1_angle1.tif:167,2513.085,260,3799,167
168,ROI-right_ClearT2_org2_illu1_angle1.tif:168,2491.234,268,3797,168
169,ROI-right_ClearT2_org2_illu1_angle1.tif:169,2468.586,267,3780,169
170,ROI-right_ClearT2_org2_illu1_angle1.tif:170,2445.539,262,3765,170
171,ROI-right_ClearT2_org2_illu1_angle1.tif:171,2423.871,263,3704,171
172,ROI-right_ClearT2_org2_illu1_angle1.tif:172,2402.674,254,3662,172
173,ROI-right_ClearT2_org2_illu1_angle1.tif:173,2381.748,259,3657,173
174,ROI-right_ClearT2_org2_illu1_angle1.tif:174,2361.834,251,3611,174
175,ROI-right_ClearT2_org2_illu1_angle1.tif:175,2341.045,260,3589,175
176,ROI-right_ClearT2_org2_illu1_angle1.tif:176,2319.351,261,3634,176
177,ROI-right_ClearT2_org2_illu1_angle1.tif:177,2298.146,260,3544,177
178,ROI-right_ClearT2_org2_illu1_angle1.tif:178,2277.171,258,3482,178
179,ROI-right_ClearT2_org2_illu1_angle1.tif:179,2258.022,265,3440,179
180,ROI-right_ClearT2_org2_illu1_angle1.tif:180,2238.695,259,3467,180
181,ROI-right_ClearT2_org2_illu1_angle1.tif:181,2219.284,268,3346,181
182,ROI-right_ClearT2_org2_illu1_angle1.tif:182,2199.721,264,3352,182
183,ROI-right_ClearT2_org2_illu1_angle1.tif:183,2180.004,262,3378,183
184,ROI-right_ClearT2_org2_illu1_angle1.tif:184,2159.565,255,3340,184
185,ROI-right_ClearT2_org2_illu1_angle1.tif:185,2137.802,260,3266,185
186,ROI-right_ClearT2_org2_illu1_angle1.tif:186,2115.855,257,3241,186
187,ROI-right_ClearT2_org2_illu1_angle1.tif:187,2094.343,263,3239,187
188,ROI-right_ClearT2_org2_illu1_angle1.tif:188,2072.687,260,3169,188
189,ROI-right_ClearT2_org2_illu1_angle1.tif:189,2050.885,252,3175,189
190,ROI-right_ClearT2_org2_illu1_angle1.tif:190,2027.832,248,3118,190
191,ROI-right_ClearT2_org2_illu1_angle1.tif:191,2003.073,242,3066,191
192,ROI-right_ClearT2_org2_illu1_angle1.tif:192,1978.663,261,3087,192
193,ROI-right_ClearT2_org2_illu1_angle1.tif:193,1954.977,259,3024,193
194,ROI-right_ClearT2_org2_illu1_angle1.tif:194,1930.626,257,2966,194
195,ROI-right_ClearT2_org2_illu1_angle1.tif:195,1907.027,258,2973,195
196,ROI-right_ClearT2_org2_illu1_angle1.tif:196,1883.526,256,2931,196
197,ROI-right_ClearT2_org2_illu1_angle1.tif:197,1860.137,258,2968,197
198,ROI-right_ClearT2_org2_illu1_angle1.tif:198,1836.544,251,2922,198
199,ROI-right_ClearT2_org2_illu1_angle1.tif:199,1810.966,258,2870,199
200,ROI-right_ClearT2_org2_illu1_angle1.tif:200,1782.439,251,2862,200
201,ROI-right_ClearT2_org2_illu1_angle1.tif:201,1750.520,255,2809,201
202,ROI-right_ClearT2_org2_illu1_angle1.tif:202,1717.283,250,2799,202
203,ROI-right_ClearT2_org2_illu1_angle1.tif:203,1684.986,256,2781,203
204,ROI-right_ClearT2_org2_illu1_angle1.tif:204,1652.611,248,2701,204
205,ROI-right_ClearT2_org2_illu1_angle1.tif:205,1617.758,255,2702,205
206,ROI-right_ClearT2_org2_illu1_angle1.tif:206,1579.943,248,2732,206
207,ROI-right_ClearT2_org2_illu1_angle1.tif:207,1540.540,247,2858,207
208,ROI-right_ClearT2_org2_illu1_angle1.tif:208,1500.641,247,2889,208
209,ROI-right_ClearT2_org2_illu1_angle1.tif:209,1457.910,237,2919,209
210,ROI-right_ClearT2_org2_illu1_angle1.tif:210,1411.503,240,2820,210
211,ROI-right_ClearT2_org2_illu1_angle1.tif:211,1361.108,241,2723,211
212,ROI-right_ClearT2_org2_illu1_angle1.tif:212,1309.326,217,2644,212
213,ROI-right_ClearT2_org2_illu1_angle1.tif:213,1253.102,232,2685,213
214,ROI-right_ClearT2_org2_illu1_angle1.tif:214,1193.603,227,2663,214
215,ROI-right_ClearT2_org2_illu1_angle1.tif:215,1131.724,215,2416,215
216,ROI-right_ClearT2_org2_illu1_angle1.tif:216,1064.997,217,2234,216
217,ROI-right_ClearT2_org2_illu1_angle1.tif:217,992.302,224,2071,217
218,ROI-right_ClearT2_org2_illu1_angle1.tif:218,913.307,218,1787,218
219,ROI-right_ClearT2_org2_illu1_angle1.tif:219,827.578,205,1611,219
220,ROI-right_ClearT2_org2_illu1_angle1.tif:220,736.321,204,1431,220
221,ROI-right_ClearT2_org2_illu1_angle1.tif:221,643.524,206,1200,221
222,ROI-right_ClearT2_org2_illu1_angle1.tif:222,557.263,189,1017,222
223,ROI-right_ClearT2_org2_illu1_angle1.tif:223,484.454,182,874,223
224,ROI-right_ClearT2_org2_illu1_angle1.tif:224,425.728,188,743,224
225,ROI-right_ClearT2_org2_illu1_angle1.tif:225,381.510,173,630,225
226,ROI-right_ClearT2_org2_illu1_angle1.tif:226,353.230,190,556,226
227,ROI-right_ClearT2_org2_illu1_angle1.tif:227,336.968,168,532,227
228,ROI-right_ClearT2_org2_illu1_angle1.tif:228,327.399,189,483,228
229,ROI-right_ClearT2_org2_illu1_angle1.tif:229,320.899,190,481,229
230,ROI-right_ClearT2_org2_illu1_angle1.tif:230,316.005,188,478,230
231,ROI-right_ClearT2_org2_illu1_angle1.tif:231,311.579,189,481,231
232,ROI-right_ClearT2_org2_illu1_angle1.tif:232,307.583,194,455,232
233,ROI-right_ClearT2_org2_illu1_angle1.tif:233,0.853,0,251,233
234,ROI-right_ClearT2_org2_illu1_angle1.tif:234,0.000,0,0,234
235,ROI-right_ClearT2_org2_illu1_angle1.tif:235,0.000,0,0,235
236,ROI-right_ClearT2_org2_illu1_angle1.tif:236,0.000,0,0,236
237,ROI-right_ClearT2_org2_illu1_angle1.tif:237,0.000,0,0,237
238,ROI-right_ClearT2_org2_illu1_angle1.tif:238,0.000,0,0,238
239,ROI-right_ClearT2_org2_illu1_angle1.tif:239,0.000,0,0,239
240,ROI-right_ClearT2_org2_illu1_angle1.tif:240,0.000,0,0,240
241,ROI-right_ClearT2_org2_illu1_angle1.tif:241,0.000,0,0,241
242,ROI-right_ClearT2_org2_illu1_angle1.tif:242,0.000,0,0,242
243,ROI-right_ClearT2_org2_illu1_angle1.tif:243,0.000,0,0,243
244,ROI-right_ClearT2_org2_illu1_angle1.tif:244,0.000,0,0,244
245,ROI-right_ClearT2_org2_illu1_angle1.tif:245,0.000,0,0,245
246,ROI-right_ClearT2_org2_illu1_angle1.tif:246,0.000,0,0,246
247,ROI-right_ClearT2_org2_illu1_angle1.tif:247,0.000,0,0,247
248,ROI-right_ClearT2_org2_illu1_angle1.tif:248,0.000,0,0,248
249,ROI-right_ClearT2_org2_illu1_angle1.tif:249,0.000,0,0,249
250,ROI-right_ClearT2_org2_illu1_angle1.tif:250,0.000,0,0,250
251,ROI-right_ClearT2_org2_illu1_angle1.tif:251,0.000,0,0,251
252,ROI-right_ClearT2_org2_illu1_angle1.tif:252,0.000,0,0,252
253,ROI-right_ClearT2_org2_illu1_angle1.tif:253,0.000,0,0,253
254,ROI-right_ClearT2_org2_illu1_angle1.tif:254,0.000,0,0,254
255,ROI-right_ClearT2_org2_illu1_angle1.tif:255,0.000,0,0,255
256,ROI-right_ClearT2_org2_illu1_angle1.tif:256,0.000,0,0,256
257,ROI-right_ClearT2_org2_illu1_angle1.tif:257,0.000,0,0,257
258,ROI-right_ClearT2_org2_illu1_angle1.tif:258,0.000,0,0,258
