 ,Label,Mean,Min,Max,Slice
1,ROI-left_ClearT2_org2_illu1_angle1.tif:1,691.364,281,10564,1
2,ROI-left_ClearT2_org2_illu1_angle1.tif:2,735.958,284,10336,2
3,ROI-left_ClearT2_org2_illu1_angle1.tif:3,790.535,286,16046,3
4,ROI-left_ClearT2_org2_illu1_angle1.tif:4,856.431,285,21878,4
5,ROI-left_ClearT2_org2_illu1_angle1.tif:5,932.193,287,27230,5
6,ROI-left_ClearT2_org2_illu1_angle1.tif:6,1015.905,285,33925,6
7,ROI-left_ClearT2_org2_illu1_angle1.tif:7,1100.903,298,35606,7
8,ROI-left_ClearT2_org2_illu1_angle1.tif:8,1186.576,305,29463,8
9,ROI-left_ClearT2_org2_illu1_angle1.tif:9,1275.944,303,21690,9
10,ROI-left_ClearT2_org2_illu1_angle1.tif:10,1373.912,316,25175,10
11,ROI-left_ClearT2_org2_illu1_angle1.tif:11,1482.199,323,45583,11
12,ROI-left_ClearT2_org2_illu1_angle1.tif:12,1600.289,328,62901,12
13,ROI-left_ClearT2_org2_illu1_angle1.tif:13,1724.347,325,65535,13
14,ROI-left_ClearT2_org2_illu1_angle1.tif:14,1850.494,321,65535,14
15,ROI-left_ClearT2_org2_illu1_angle1.tif:15,1974.309,337,65535,15
16,ROI-left_ClearT2_org2_illu1_angle1.tif:16,2087.617,345,65535,16
17,ROI-left_ClearT2_org2_illu1_angle1.tif:17,2197.733,343,56941,17
18,ROI-left_ClearT2_org2_illu1_angle1.tif:18,2307.533,351,39783,18
19,ROI-left_ClearT2_org2_illu1_angle1.tif:19,2417.839,365,29822,19
20,ROI-left_ClearT2_org2_illu1_angle1.tif:20,2523.439,376,21981,20
21,ROI-left_ClearT2_org2_illu1_angle1.tif:21,2633.195,381,14255,21
22,ROI-left_ClearT2_org2_illu1_angle1.tif:22,2736.919,390,15339,22
23,ROI-left_ClearT2_org2_illu1_angle1.tif:23,2831.530,391,21203,23
24,ROI-left_ClearT2_org2_illu1_angle1.tif:24,2916.891,399,22214,24
25,ROI-left_ClearT2_org2_illu1_angle1.tif:25,2993.526,403,17961,25
26,ROI-left_ClearT2_org2_illu1_angle1.tif:26,3067.436,408,25722,26
27,ROI-left_ClearT2_org2_illu1_angle1.tif:27,3140.666,411,34553,27
28,ROI-left_ClearT2_org2_illu1_angle1.tif:28,3215.555,422,40972,28
29,ROI-left_ClearT2_org2_illu1_angle1.tif:29,3292.773,438,40390,29
30,ROI-left_ClearT2_org2_illu1_angle1.tif:30,3362.374,435,62234,30
31,ROI-left_ClearT2_org2_illu1_angle1.tif:31,3419.127,447,65479,31
32,ROI-left_ClearT2_org2_illu1_angle1.tif:32,3460.422,460,63999,32
33,ROI-left_ClearT2_org2_illu1_angle1.tif:33,3490.377,441,45981,33
34,ROI-left_ClearT2_org2_illu1_angle1.tif:34,3509.844,455,29031,34
35,ROI-left_ClearT2_org2_illu1_angle1.tif:35,3524.199,477,17905,35
36,ROI-left_ClearT2_org2_illu1_angle1.tif:36,3539.525,484,14522,36
37,ROI-left_ClearT2_org2_illu1_angle1.tif:37,3559.797,479,14324,37
38,ROI-left_ClearT2_org2_illu1_angle1.tif:38,3584.712,486,14302,38
39,ROI-left_ClearT2_org2_illu1_angle1.tif:39,3616.408,507,14345,39
40,ROI-left_ClearT2_org2_illu1_angle1.tif:40,3653.048,512,16409,40
41,ROI-left_ClearT2_org2_illu1_angle1.tif:41,3693.547,528,15548,41
42,ROI-left_ClearT2_org2_illu1_angle1.tif:42,3725.756,526,12134,42
43,ROI-left_ClearT2_org2_illu1_angle1.tif:43,3753.704,537,9609,43
44,ROI-left_ClearT2_org2_illu1_angle1.tif:44,3783.576,559,8931,44
45,ROI-left_ClearT2_org2_illu1_angle1.tif:45,3812.408,569,9749,45
46,ROI-left_ClearT2_org2_illu1_angle1.tif:46,3840.111,565,13175,46
47,ROI-left_ClearT2_org2_illu1_angle1.tif:47,3870.408,580,15083,47
48,ROI-left_ClearT2_org2_illu1_angle1.tif:48,3907.345,585,16780,48
49,ROI-left_ClearT2_org2_illu1_angle1.tif:49,3948.548,616,25874,49
50,ROI-left_ClearT2_org2_illu1_angle1.tif:50,3984.934,627,33901,50
51,ROI-left_ClearT2_org2_illu1_angle1.tif:51,4017.587,655,36335,51
52,ROI-left_ClearT2_org2_illu1_angle1.tif:52,4045.805,668,32640,52
53,ROI-left_ClearT2_org2_illu1_angle1.tif:53,4074.479,682,23271,53
54,ROI-left_ClearT2_org2_illu1_angle1.tif:54,4104.288,688,28970,54
55,ROI-left_ClearT2_org2_illu1_angle1.tif:55,4134.252,725,30088,55
56,ROI-left_ClearT2_org2_illu1_angle1.tif:56,4163.332,727,26159,56
57,ROI-left_ClearT2_org2_illu1_angle1.tif:57,4189.895,744,19641,57
58,ROI-left_ClearT2_org2_illu1_angle1.tif:58,4210.813,781,13853,58
59,ROI-left_ClearT2_org2_illu1_angle1.tif:59,4230.395,806,14979,59
60,ROI-left_ClearT2_org2_illu1_angle1.tif:60,4244.918,833,21174,60
61,ROI-left_ClearT2_org2_illu1_angle1.tif:61,4256.981,849,28373,61
62,ROI-left_ClearT2_org2_illu1_angle1.tif:62,4270.822,911,33705,62
63,ROI-left_ClearT2_org2_illu1_angle1.tif:63,4282.978,960,35306,63
64,ROI-left_ClearT2_org2_illu1_angle1.tif:64,4301.438,1028,32581,64
65,ROI-left_ClearT2_org2_illu1_angle1.tif:65,4324.472,1085,28130,65
66,ROI-left_ClearT2_org2_illu1_angle1.tif:66,4340.131,1153,35262,66
67,ROI-left_ClearT2_org2_illu1_angle1.tif:67,4352.891,1215,37484,67
68,ROI-left_ClearT2_org2_illu1_angle1.tif:68,4358.697,1262,34533,68
69,ROI-left_ClearT2_org2_illu1_angle1.tif:69,4356.912,1333,28198,69
70,ROI-left_ClearT2_org2_illu1_angle1.tif:70,4353.021,1490,22295,70
71,ROI-left_ClearT2_org2_illu1_angle1.tif:71,4341.319,1638,21186,71
72,ROI-left_ClearT2_org2_illu1_angle1.tif:72,4324.911,1778,17913,72
73,ROI-left_ClearT2_org2_illu1_angle1.tif:73,4312.104,1906,14061,73
74,ROI-left_ClearT2_org2_illu1_angle1.tif:74,4296.406,1981,11427,74
75,ROI-left_ClearT2_org2_illu1_angle1.tif:75,4285.580,2015,10363,75
76,ROI-left_ClearT2_org2_illu1_angle1.tif:76,4278.469,1974,12122,76
77,ROI-left_ClearT2_org2_illu1_angle1.tif:77,4274.367,1934,13252,77
78,ROI-left_ClearT2_org2_illu1_angle1.tif:78,4274.160,1913,12730,78
79,ROI-left_ClearT2_org2_illu1_angle1.tif:79,4277.795,1918,11159,79
80,ROI-left_ClearT2_org2_illu1_angle1.tif:80,4277.688,1983,9544,80
81,ROI-left_ClearT2_org2_illu1_angle1.tif:81,4278.128,1987,10060,81
82,ROI-left_ClearT2_org2_illu1_angle1.tif:82,4276.234,2125,9891,82
83,ROI-left_ClearT2_org2_illu1_angle1.tif:83,4272.883,2164,8584,83
84,ROI-left_ClearT2_org2_illu1_angle1.tif:84,4267.468,2238,7156,84
85,ROI-left_ClearT2_org2_illu1_angle1.tif:85,4266.534,2227,6634,85
86,ROI-left_ClearT2_org2_illu1_angle1.tif:86,4266.534,2266,7050,86
87,ROI-left_ClearT2_org2_illu1_angle1.tif:87,4276.523,2343,7942,87
88,ROI-left_ClearT2_org2_illu1_angle1.tif:88,4285.715,2379,7283,88
89,ROI-left_ClearT2_org2_illu1_angle1.tif:89,4295.355,2414,6600,89
90,ROI-left_ClearT2_org2_illu1_angle1.tif:90,4303.493,2290,6446,90
91,ROI-left_ClearT2_org2_illu1_angle1.tif:91,4305.347,2375,6336,91
92,ROI-left_ClearT2_org2_illu1_angle1.tif:92,4300.075,2228,6204,92
93,ROI-left_ClearT2_org2_illu1_angle1.tif:93,4290.640,2255,6231,93
94,ROI-left_ClearT2_org2_illu1_angle1.tif:94,4279.191,2218,6267,94
95,ROI-left_ClearT2_org2_illu1_angle1.tif:95,4269.415,2335,6171,95
96,ROI-left_ClearT2_org2_illu1_angle1.tif:96,4257.942,2425,5974,96
97,ROI-left_ClearT2_org2_illu1_angle1.tif:97,4250.827,2491,6065,97
98,ROI-left_ClearT2_org2_illu1_angle1.tif:98,4241.454,2452,5779,98
99,ROI-left_ClearT2_org2_illu1_angle1.tif:99,4234.493,2444,5709,99
100,ROI-left_ClearT2_org2_illu1_angle1.tif:100,4228.610,2468,5676,100
101,ROI-left_ClearT2_org2_illu1_angle1.tif:101,4224.249,2431,5749,101
102,ROI-left_ClearT2_org2_illu1_angle1.tif:102,4218.298,2404,5649,102
103,ROI-left_ClearT2_org2_illu1_angle1.tif:103,4213.967,2429,5670,103
104,ROI-left_ClearT2_org2_illu1_angle1.tif:104,4209.982,2410,5905,104
105,ROI-left_ClearT2_org2_illu1_angle1.tif:105,4209.782,2383,5764,105
106,ROI-left_ClearT2_org2_illu1_angle1.tif:106,4219.014,2410,5485,106
107,ROI-left_ClearT2_org2_illu1_angle1.tif:107,4236.623,2405,5490,107
108,ROI-left_ClearT2_org2_illu1_angle1.tif:108,4258.979,2393,5426,108
109,ROI-left_ClearT2_org2_illu1_angle1.tif:109,4281.061,2373,5418,109
110,ROI-left_ClearT2_org2_illu1_angle1.tif:110,4304.282,2317,5429,110
111,ROI-left_ClearT2_org2_illu1_angle1.tif:111,4326.233,2387,5494,111
112,ROI-left_ClearT2_org2_illu1_angle1.tif:112,4344.199,2375,5445,112
113,ROI-left_ClearT2_org2_illu1_angle1.tif:113,4357.449,2384,5467,113
114,ROI-left_ClearT2_org2_illu1_angle1.tif:114,4370.971,2495,5605,114
115,ROI-left_ClearT2_org2_illu1_angle1.tif:115,4382.636,2568,5673,115
116,ROI-left_ClearT2_org2_illu1_angle1.tif:116,4389.138,2585,5603,116
117,ROI-left_ClearT2_org2_illu1_angle1.tif:117,4396.802,2691,5648,117
118,ROI-left_ClearT2_org2_illu1_angle1.tif:118,4400.285,2765,5584,118
119,ROI-left_ClearT2_org2_illu1_angle1.tif:119,4397.958,2758,5538,119
120,ROI-left_ClearT2_org2_illu1_angle1.tif:120,4382.312,2806,5420,120
121,ROI-left_ClearT2_org2_illu1_angle1.tif:121,4357.816,2835,5272,121
122,ROI-left_ClearT2_org2_illu1_angle1.tif:122,4328.458,2868,5219,122
123,ROI-left_ClearT2_org2_illu1_angle1.tif:123,4292.367,2877,5275,123
124,ROI-left_ClearT2_org2_illu1_angle1.tif:124,4253.464,2858,5413,124
125,ROI-left_ClearT2_org2_illu1_angle1.tif:125,4218.931,2808,5253,125
126,ROI-left_ClearT2_org2_illu1_angle1.tif:126,4184.453,2667,5092,126
127,ROI-left_ClearT2_org2_illu1_angle1.tif:127,4149.248,2529,5071,127
128,ROI-left_ClearT2_org2_illu1_angle1.tif:128,4123.895,2397,5073,128
129,ROI-left_ClearT2_org2_illu1_angle1.tif:129,4099.349,2306,5069,129
130,ROI-left_ClearT2_org2_illu1_angle1.tif:130,4083.259,2297,5037,130
131,ROI-left_ClearT2_org2_illu1_angle1.tif:131,4071.863,2254,4976,131
132,ROI-left_ClearT2_org2_illu1_angle1.tif:132,4057.117,2148,4961,132
133,ROI-left_ClearT2_org2_illu1_angle1.tif:133,4042.674,2118,4966,133
134,ROI-left_ClearT2_org2_illu1_angle1.tif:134,4031.388,2192,4976,134
135,ROI-left_ClearT2_org2_illu1_angle1.tif:135,4018.985,2207,4808,135
136,ROI-left_ClearT2_org2_illu1_angle1.tif:136,4011.806,2280,4874,136
137,ROI-left_ClearT2_org2_illu1_angle1.tif:137,4006.210,2402,4810,137
138,ROI-left_ClearT2_org2_illu1_angle1.tif:138,4006.657,2507,4764,138
139,ROI-left_ClearT2_org2_illu1_angle1.tif:139,4012.208,2541,4794,139
140,ROI-left_ClearT2_org2_illu1_angle1.tif:140,4016.305,2536,4810,140
141,ROI-left_ClearT2_org2_illu1_angle1.tif:141,4019.876,2662,4811,141
142,ROI-left_ClearT2_org2_illu1_angle1.tif:142,4024.077,2725,4803,142
143,ROI-left_ClearT2_org2_illu1_angle1.tif:143,4029.317,2776,4803,143
144,ROI-left_ClearT2_org2_illu1_angle1.tif:144,4033.773,2839,4785,144
145,ROI-left_ClearT2_org2_illu1_angle1.tif:145,4037.383,2933,4868,145
146,ROI-left_ClearT2_org2_illu1_angle1.tif:146,4036.711,2999,5251,146
147,ROI-left_ClearT2_org2_illu1_angle1.tif:147,4032.482,3053,5684,147
148,ROI-left_ClearT2_org2_illu1_angle1.tif:148,4021.068,3019,5883,148
149,ROI-left_ClearT2_org2_illu1_angle1.tif:149,4004.596,2870,5702,149
150,ROI-left_ClearT2_org2_illu1_angle1.tif:150,3977.711,2661,5312,150
151,ROI-left_ClearT2_org2_illu1_angle1.tif:151,3952.443,2541,4722,151
152,ROI-left_ClearT2_org2_illu1_angle1.tif:152,3924.291,2451,4686,152
153,ROI-left_ClearT2_org2_illu1_angle1.tif:153,3893.792,2394,4760,153
154,ROI-left_ClearT2_org2_illu1_angle1.tif:154,3866.480,2356,5178,154
155,ROI-left_ClearT2_org2_illu1_angle1.tif:155,3840.595,2286,5268,155
156,ROI-left_ClearT2_org2_illu1_angle1.tif:156,3818.041,2186,4871,156
157,ROI-left_ClearT2_org2_illu1_angle1.tif:157,3797.588,2158,4569,157
158,ROI-left_ClearT2_org2_illu1_angle1.tif:158,3780.894,2076,4455,158
159,ROI-left_ClearT2_org2_illu1_angle1.tif:159,3760.299,1958,4467,159
160,ROI-left_ClearT2_org2_illu1_angle1.tif:160,3741.548,1884,4445,160
161,ROI-left_ClearT2_org2_illu1_angle1.tif:161,3721.259,1905,4441,161
162,ROI-left_ClearT2_org2_illu1_angle1.tif:162,3703.503,1842,4418,162
163,ROI-left_ClearT2_org2_illu1_angle1.tif:163,3685.063,1774,4479,163
164,ROI-left_ClearT2_org2_illu1_angle1.tif:164,3664.396,1709,4550,164
165,ROI-left_ClearT2_org2_illu1_angle1.tif:165,3639.499,1689,4601,165
166,ROI-left_ClearT2_org2_illu1_angle1.tif:166,3615.457,1710,4522,166
167,ROI-left_ClearT2_org2_illu1_angle1.tif:167,3585.377,1716,4487,167
168,ROI-left_ClearT2_org2_illu1_angle1.tif:168,3555.442,1639,4495,168
169,ROI-left_ClearT2_org2_illu1_angle1.tif:169,3523.853,1599,4588,169
170,ROI-left_ClearT2_org2_illu1_angle1.tif:170,3490.938,1568,4497,170
171,ROI-left_ClearT2_org2_illu1_angle1.tif:171,3459.516,1550,4448,171
172,ROI-left_ClearT2_org2_illu1_angle1.tif:172,3427.057,1536,4448,172
173,ROI-left_ClearT2_org2_illu1_angle1.tif:173,3396.564,1483,4392,173
174,ROI-left_ClearT2_org2_illu1_angle1.tif:174,3369.140,1476,4322,174
175,ROI-left_ClearT2_org2_illu1_angle1.tif:175,3339.500,1495,4295,175
176,ROI-left_ClearT2_org2_illu1_angle1.tif:176,3315.867,1506,4264,176
177,ROI-left_ClearT2_org2_illu1_angle1.tif:177,3290.090,1488,4693,177
178,ROI-left_ClearT2_org2_illu1_angle1.tif:178,3265.477,1475,5854,178
179,ROI-left_ClearT2_org2_illu1_angle1.tif:179,3236.987,1449,6435,179
180,ROI-left_ClearT2_org2_illu1_angle1.tif:180,3205.363,1398,6214,180
181,ROI-left_ClearT2_org2_illu1_angle1.tif:181,3169.596,1326,5358,181
182,ROI-left_ClearT2_org2_illu1_angle1.tif:182,3131.045,1274,4265,182
183,ROI-left_ClearT2_org2_illu1_angle1.tif:183,3090.098,1221,3886,183
184,ROI-left_ClearT2_org2_illu1_angle1.tif:184,3047.111,1153,3807,184
185,ROI-left_ClearT2_org2_illu1_angle1.tif:185,3004.817,1072,3801,185
186,ROI-left_ClearT2_org2_illu1_angle1.tif:186,2965.832,1052,3886,186
187,ROI-left_ClearT2_org2_illu1_angle1.tif:187,2927.330,1020,3938,187
188,ROI-left_ClearT2_org2_illu1_angle1.tif:188,2888.604,991,3971,188
189,ROI-left_ClearT2_org2_illu1_angle1.tif:189,2847.660,970,3907,189
190,ROI-left_ClearT2_org2_illu1_angle1.tif:190,2802.917,946,3811,190
191,ROI-left_ClearT2_org2_illu1_angle1.tif:191,2754.584,919,3592,191
192,ROI-left_ClearT2_org2_illu1_angle1.tif:192,2707.535,909,3530,192
193,ROI-left_ClearT2_org2_illu1_angle1.tif:193,2658.037,870,3424,193
194,ROI-left_ClearT2_org2_illu1_angle1.tif:194,2609.761,854,3378,194
195,ROI-left_ClearT2_org2_illu1_angle1.tif:195,2559.545,793,3360,195
196,ROI-left_ClearT2_org2_illu1_angle1.tif:196,2510.126,769,3248,196
197,ROI-left_ClearT2_org2_illu1_angle1.tif:197,2458.934,742,3245,197
198,ROI-left_ClearT2_org2_illu1_angle1.tif:198,2406.429,733,3178,198
199,ROI-left_ClearT2_org2_illu1_angle1.tif:199,2354.766,676,3176,199
200,ROI-left_ClearT2_org2_illu1_angle1.tif:200,2303.515,655,3064,200
201,ROI-left_ClearT2_org2_illu1_angle1.tif:201,2254.291,642,3018,201
202,ROI-left_ClearT2_org2_illu1_angle1.tif:202,2206.244,600,3012,202
203,ROI-left_ClearT2_org2_illu1_angle1.tif:203,2156.169,602,2974,203
204,ROI-left_ClearT2_org2_illu1_angle1.tif:204,2099.573,573,2957,204
205,ROI-left_ClearT2_org2_illu1_angle1.tif:205,2036.975,541,2907,205
206,ROI-left_ClearT2_org2_illu1_angle1.tif:206,1970.191,521,2824,206
207,ROI-left_ClearT2_org2_illu1_angle1.tif:207,1896.816,505,2782,207
208,ROI-left_ClearT2_org2_illu1_angle1.tif:208,1814.768,482,2783,208
209,ROI-left_ClearT2_org2_illu1_angle1.tif:209,1726.417,461,2768,209
210,ROI-left_ClearT2_org2_illu1_angle1.tif:210,1635.522,433,2835,210
211,ROI-left_ClearT2_org2_illu1_angle1.tif:211,1544.499,410,3065,211
212,ROI-left_ClearT2_org2_illu1_angle1.tif:212,1456.598,402,3377,212
213,ROI-left_ClearT2_org2_illu1_angle1.tif:213,1369.905,378,3754,213
214,ROI-left_ClearT2_org2_illu1_angle1.tif:214,1287.055,358,3860,214
215,ROI-left_ClearT2_org2_illu1_angle1.tif:215,1199.839,347,3676,215
216,ROI-left_ClearT2_org2_illu1_angle1.tif:216,1107.223,337,3063,216
217,ROI-left_ClearT2_org2_illu1_angle1.tif:217,1010.790,315,2459,217
218,ROI-left_ClearT2_org2_illu1_angle1.tif:218,912.301,299,1996,218
219,ROI-left_ClearT2_org2_illu1_angle1.tif:219,811.353,278,1749,219
220,ROI-left_ClearT2_org2_illu1_angle1.tif:220,713.465,284,1491,220
221,ROI-left_ClearT2_org2_illu1_angle1.tif:221,624.543,277,1294,221
222,ROI-left_ClearT2_org2_illu1_angle1.tif:222,550.994,266,1072,222
223,ROI-left_ClearT2_org2_illu1_angle1.tif:223,493.572,254,873,223
224,ROI-left_ClearT2_org2_illu1_angle1.tif:224,449.894,253,732,224
225,ROI-left_ClearT2_org2_illu1_angle1.tif:225,419.364,249,638,225
226,ROI-left_ClearT2_org2_illu1_angle1.tif:226,400.875,239,582,226
227,ROI-left_ClearT2_org2_illu1_angle1.tif:227,389.444,244,544,227
228,ROI-left_ClearT2_org2_illu1_angle1.tif:228,381.515,243,560,228
229,ROI-left_ClearT2_org2_illu1_angle1.tif:229,374.966,240,519,229
230,ROI-left_ClearT2_org2_illu1_angle1.tif:230,369.296,237,490,230
231,ROI-left_ClearT2_org2_illu1_angle1.tif:231,364.055,237,493,231
232,ROI-left_ClearT2_org2_illu1_angle1.tif:232,42.577,0,448,232
233,ROI-left_ClearT2_org2_illu1_angle1.tif:233,0.000,0,0,233
234,ROI-left_ClearT2_org2_illu1_angle1.tif:234,0.000,0,0,234
235,ROI-left_ClearT2_org2_illu1_angle1.tif:235,0.000,0,0,235
236,ROI-left_ClearT2_org2_illu1_angle1.tif:236,0.000,0,0,236
237,ROI-left_ClearT2_org2_illu1_angle1.tif:237,0.000,0,0,237
238,ROI-left_ClearT2_org2_illu1_angle1.tif:238,0.000,0,0,238
239,ROI-left_ClearT2_org2_illu1_angle1.tif:239,0.000,0,0,239
240,ROI-left_ClearT2_org2_illu1_angle1.tif:240,0.000,0,0,240
241,ROI-left_ClearT2_org2_illu1_angle1.tif:241,0.000,0,0,241
242,ROI-left_ClearT2_org2_illu1_angle1.tif:242,0.000,0,0,242
243,ROI-left_ClearT2_org2_illu1_angle1.tif:243,0.000,0,0,243
244,ROI-left_ClearT2_org2_illu1_angle1.tif:244,0.000,0,0,244
245,ROI-left_ClearT2_org2_illu1_angle1.tif:245,0.000,0,0,245
246,ROI-left_ClearT2_org2_illu1_angle1.tif:246,0.000,0,0,246
247,ROI-left_ClearT2_org2_illu1_angle1.tif:247,0.000,0,0,247
248,ROI-left_ClearT2_org2_illu1_angle1.tif:248,0.000,0,0,248
249,ROI-left_ClearT2_org2_illu1_angle1.tif:249,0.000,0,0,249
250,ROI-left_ClearT2_org2_illu1_angle1.tif:250,0.000,0,0,250
251,ROI-left_ClearT2_org2_illu1_angle1.tif:251,0.000,0,0,251
252,ROI-left_ClearT2_org2_illu1_angle1.tif:252,0.000,0,0,252
253,ROI-left_ClearT2_org2_illu1_angle1.tif:253,0.000,0,0,253
254,ROI-left_ClearT2_org2_illu1_angle1.tif:254,0.000,0,0,254
