 ,Label,Mean,Min,Max,Slice
1,Fructose_org4mito.tif:1,0.000,0,0,1
2,Fructose_org4mito.tif:2,289.722,217,380,2
3,Fructose_org4mito.tif:3,290.452,214,386,3
4,Fructose_org4mito.tif:4,291.196,216,382,4
5,Fructose_org4mito.tif:5,291.907,215,381,5
6,Fructose_org4mito.tif:6,292.797,213,381,6
7,Fructose_org4mito.tif:7,293.795,216,388,7
8,Fructose_org4mito.tif:8,294.640,217,386,8
9,Fructose_org4mito.tif:9,295.466,219,389,9
10,Fructose_org4mito.tif:10,296.576,217,393,10
11,Fructose_org4mito.tif:11,297.587,217,396,11
12,Fructose_org4mito.tif:12,298.531,218,399,12
13,Fructose_org4mito.tif:13,299.694,220,403,13
14,Fructose_org4mito.tif:14,300.883,220,408,14
15,Fructose_org4mito.tif:15,302.003,219,406,15
16,Fructose_org4mito.tif:16,303.302,218,426,16
17,Fructose_org4mito.tif:17,304.568,220,422,17
18,Fructose_org4mito.tif:18,305.907,226,422,18
19,Fructose_org4mito.tif:19,307.345,220,424,19
20,Fructose_org4mito.tif:20,308.825,225,427,20
21,Fructose_org4mito.tif:21,310.427,214,430,21
22,Fructose_org4mito.tif:22,312.178,203,441,22
23,Fructose_org4mito.tif:23,313.866,225,459,23
24,Fructose_org4mito.tif:24,315.788,216,470,24
25,Fructose_org4mito.tif:25,317.950,223,474,25
26,Fructose_org4mito.tif:26,320.233,221,497,26
27,Fructose_org4mito.tif:27,323.011,224,511,27
28,Fructose_org4mito.tif:28,326.186,221,535,28
29,Fructose_org4mito.tif:29,329.956,226,573,29
30,Fructose_org4mito.tif:30,334.583,224,625,30
31,Fructose_org4mito.tif:31,340.378,227,697,31
32,Fructose_org4mito.tif:32,348.181,224,829,32
33,Fructose_org4mito.tif:33,353.282,240,935,33
34,Fructose_org4mito.tif:34,371.633,241,1330,34
35,Fructose_org4mito.tif:35,388.979,247,1683,35
36,Fructose_org4mito.tif:36,411.624,247,2102,36
37,Fructose_org4mito.tif:37,440.555,248,2544,37
38,Fructose_org4mito.tif:38,476.067,253,2996,38
39,Fructose_org4mito.tif:39,518.971,255,3474,39
40,Fructose_org4mito.tif:40,569.321,258,3931,40
41,Fructose_org4mito.tif:41,626.381,259,4329,41
42,Fructose_org4mito.tif:42,689.397,263,4601,42
43,Fructose_org4mito.tif:43,758.170,263,4841,43
44,Fructose_org4mito.tif:44,831.626,263,5041,44
45,Fructose_org4mito.tif:45,907.921,267,5125,45
46,Fructose_org4mito.tif:46,987.232,268,5210,46
47,Fructose_org4mito.tif:47,1068.312,270,5185,47
48,Fructose_org4mito.tif:48,1150.791,278,5210,48
49,Fructose_org4mito.tif:49,1233.573,275,5255,49
50,Fructose_org4mito.tif:50,1316.764,278,5288,50
51,Fructose_org4mito.tif:51,1399.773,282,5355,51
52,Fructose_org4mito.tif:52,1482.140,279,5405,52
53,Fructose_org4mito.tif:53,1564.982,286,5474,53
54,Fructose_org4mito.tif:54,1646.628,289,5559,54
55,Fructose_org4mito.tif:55,1728.030,291,5622,55
56,Fructose_org4mito.tif:56,1808.820,293,5639,56
57,Fructose_org4mito.tif:57,1887.772,300,5657,57
58,Fructose_org4mito.tif:58,1967.423,302,5675,58
59,Fructose_org4mito.tif:59,2046.245,299,5700,59
60,Fructose_org4mito.tif:60,2123.444,303,5705,60
61,Fructose_org4mito.tif:61,2200.933,303,5695,61
62,Fructose_org4mito.tif:62,2278.048,307,5728,62
63,Fructose_org4mito.tif:63,2353.526,314,5731,63
64,Fructose_org4mito.tif:64,2427.778,309,5771,64
65,Fructose_org4mito.tif:65,2500.032,314,5796,65
66,Fructose_org4mito.tif:66,2569.709,325,5929,66
67,Fructose_org4mito.tif:67,2637.008,331,5951,67
68,Fructose_org4mito.tif:68,2701.304,330,5858,68
69,Fructose_org4mito.tif:69,2762.840,333,5863,69
70,Fructose_org4mito.tif:70,2821.365,328,5965,70
71,Fructose_org4mito.tif:71,2877.835,344,5979,71
72,Fructose_org4mito.tif:72,2935.270,345,5979,72
73,Fructose_org4mito.tif:73,2991.627,349,6021,73
74,Fructose_org4mito.tif:74,3047.851,345,5962,74
75,Fructose_org4mito.tif:75,3106.530,350,6046,75
76,Fructose_org4mito.tif:76,3165.422,365,6170,76
77,Fructose_org4mito.tif:77,3224.300,359,6278,77
78,Fructose_org4mito.tif:78,3284.533,354,6388,78
79,Fructose_org4mito.tif:79,3344.013,365,6427,79
80,Fructose_org4mito.tif:80,3402.837,373,6278,80
81,Fructose_org4mito.tif:81,3463.043,375,6243,81
82,Fructose_org4mito.tif:82,3521.854,389,6257,82
83,Fructose_org4mito.tif:83,3580.976,395,6466,83
84,Fructose_org4mito.tif:84,3640.720,401,6525,84
85,Fructose_org4mito.tif:85,3700.511,409,6632,85
86,Fructose_org4mito.tif:86,3763.270,423,6720,86
87,Fructose_org4mito.tif:87,3827.108,428,6789,87
88,Fructose_org4mito.tif:88,3891.776,435,6885,88
89,Fructose_org4mito.tif:89,3955.749,454,7054,89
90,Fructose_org4mito.tif:90,4020.976,463,7181,90
91,Fructose_org4mito.tif:91,4080.755,476,7396,91
92,Fructose_org4mito.tif:92,4141.905,502,7489,92
93,Fructose_org4mito.tif:93,4202.890,508,7369,93
94,Fructose_org4mito.tif:94,4262.282,544,7140,94
95,Fructose_org4mito.tif:95,4322.479,562,6907,95
96,Fructose_org4mito.tif:96,4380.939,596,6887,96
97,Fructose_org4mito.tif:97,4438.371,630,7036,97
98,Fructose_org4mito.tif:98,4494.218,664,7453,98
99,Fructose_org4mito.tif:99,4547.104,716,7707,99
100,Fructose_org4mito.tif:100,4596.336,741,7847,100
101,Fructose_org4mito.tif:101,4643.387,805,7844,101
102,Fructose_org4mito.tif:102,4684.114,865,7652,102
103,Fructose_org4mito.tif:103,4718.146,951,7545,103
104,Fructose_org4mito.tif:104,4745.575,1070,7065,104
105,Fructose_org4mito.tif:105,4764.283,1190,6784,105
106,Fructose_org4mito.tif:106,4776.584,1335,6910,106
107,Fructose_org4mito.tif:107,4782.694,1502,6992,107
108,Fructose_org4mito.tif:108,4781.952,1631,6957,108
109,Fructose_org4mito.tif:109,4779.571,1783,6687,109
110,Fructose_org4mito.tif:110,4774.508,1960,6420,110
111,Fructose_org4mito.tif:111,4766.167,2098,6239,111
112,Fructose_org4mito.tif:112,4761.095,2279,6663,112
113,Fructose_org4mito.tif:113,4754.655,2495,6922,113
114,Fructose_org4mito.tif:114,4747.575,2694,7035,114
115,Fructose_org4mito.tif:115,4740.976,2865,7003,115
116,Fructose_org4mito.tif:116,4730.541,2987,6905,116
117,Fructose_org4mito.tif:117,4718.033,3179,7340,117
118,Fructose_org4mito.tif:118,4707.201,3301,7365,118
119,Fructose_org4mito.tif:119,4692.056,3411,7139,119
120,Fructose_org4mito.tif:120,4672.477,3543,6811,120
121,Fructose_org4mito.tif:121,4651.395,3616,6433,121
122,Fructose_org4mito.tif:122,4626.579,3621,5973,122
123,Fructose_org4mito.tif:123,4600.979,3598,5890,123
124,Fructose_org4mito.tif:124,4573.250,3543,5877,124
125,Fructose_org4mito.tif:125,4540.958,3496,6129,125
126,Fructose_org4mito.tif:126,4509.877,3464,6198,126
127,Fructose_org4mito.tif:127,4479.707,3420,6247,127
128,Fructose_org4mito.tif:128,4451.457,3348,6042,128
129,Fructose_org4mito.tif:129,4427.168,3320,5818,129
130,Fructose_org4mito.tif:130,4404.980,3348,5665,130
131,Fructose_org4mito.tif:131,4384.957,3315,5611,131
132,Fructose_org4mito.tif:132,4369.721,3267,5513,132
133,Fructose_org4mito.tif:133,4355.415,3204,5480,133
134,Fructose_org4mito.tif:134,4341.736,3212,5518,134
135,Fructose_org4mito.tif:135,4331.883,3214,5470,135
136,Fructose_org4mito.tif:136,4323.804,3178,5529,136
137,Fructose_org4mito.tif:137,4316.390,3178,5558,137
138,Fructose_org4mito.tif:138,4312.478,3157,5681,138
139,Fructose_org4mito.tif:139,4306.610,3134,5728,139
140,Fructose_org4mito.tif:140,4301.190,3126,5840,140
141,Fructose_org4mito.tif:141,4297.850,3115,5870,141
142,Fructose_org4mito.tif:142,4292.762,3103,5767,142
143,Fructose_org4mito.tif:143,4287.941,3091,5736,143
144,Fructose_org4mito.tif:144,4281.623,3087,5748,144
145,Fructose_org4mito.tif:145,4273.887,3117,5741,145
146,Fructose_org4mito.tif:146,4265.200,3108,5763,146
147,Fructose_org4mito.tif:147,4256.180,3103,5729,147
148,Fructose_org4mito.tif:148,4243.906,3121,5765,148
149,Fructose_org4mito.tif:149,4232.684,3124,5685,149
150,Fructose_org4mito.tif:150,4221.571,3111,5617,150
151,Fructose_org4mito.tif:151,4209.632,3120,5575,151
152,Fructose_org4mito.tif:152,4198.075,3111,5529,152
153,Fructose_org4mito.tif:153,4183.919,3099,5521,153
154,Fructose_org4mito.tif:154,4168.084,3108,5453,154
155,Fructose_org4mito.tif:155,4153.168,3112,5430,155
156,Fructose_org4mito.tif:156,4136.939,3103,5431,156
157,Fructose_org4mito.tif:157,4122.054,3095,5412,157
158,Fructose_org4mito.tif:158,4108.581,3107,5339,158
159,Fructose_org4mito.tif:159,4094.613,3088,5305,159
160,Fructose_org4mito.tif:160,4083.263,3111,5297,160
161,Fructose_org4mito.tif:161,4072.334,3116,5360,161
162,Fructose_org4mito.tif:162,4062.743,3092,5425,162
163,Fructose_org4mito.tif:163,4055.454,3135,5506,163
164,Fructose_org4mito.tif:164,4046.771,3132,5545,164
165,Fructose_org4mito.tif:165,4039.631,3144,5507,165
166,Fructose_org4mito.tif:166,4034.144,3160,5358,166
167,Fructose_org4mito.tif:167,4027.157,3196,5210,167
168,Fructose_org4mito.tif:168,4020.620,3212,5155,168
169,Fructose_org4mito.tif:169,4015.271,3219,5011,169
170,Fructose_org4mito.tif:170,4008.838,3236,4996,170
171,Fructose_org4mito.tif:171,4004.098,3227,5055,171
172,Fructose_org4mito.tif:172,3999.203,3274,5011,172
173,Fructose_org4mito.tif:173,3995.161,3307,4993,173
174,Fructose_org4mito.tif:174,3991.613,3322,4967,174
175,Fructose_org4mito.tif:175,3987.071,3334,4975,175
176,Fructose_org4mito.tif:176,3980.750,3330,4929,176
177,Fructose_org4mito.tif:177,3976.667,3348,4924,177
178,Fructose_org4mito.tif:178,3971.635,3332,4958,178
179,Fructose_org4mito.tif:179,3964.243,3323,4918,179
180,Fructose_org4mito.tif:180,3956.992,3302,4929,180
181,Fructose_org4mito.tif:181,3949.933,3311,4888,181
182,Fructose_org4mito.tif:182,3940.307,3296,4874,182
183,Fructose_org4mito.tif:183,3931.210,3291,4823,183
184,Fructose_org4mito.tif:184,3921.123,3274,4803,184
185,Fructose_org4mito.tif:185,3910.572,3273,4806,185
186,Fructose_org4mito.tif:186,3901.419,3270,4902,186
187,Fructose_org4mito.tif:187,3891.426,3160,4864,187
188,Fructose_org4mito.tif:188,3882.786,3075,4912,188
189,Fructose_org4mito.tif:189,3879.652,2987,4965,189
190,Fructose_org4mito.tif:190,3874.921,2942,5019,190
191,Fructose_org4mito.tif:191,3870.852,2959,5074,191
192,Fructose_org4mito.tif:192,3868.300,2988,5114,192
193,Fructose_org4mito.tif:193,3865.324,3051,5168,193
194,Fructose_org4mito.tif:194,3863.288,3130,5183,194
195,Fructose_org4mito.tif:195,3858.311,3175,5174,195
196,Fructose_org4mito.tif:196,3849.595,3143,5203,196
197,Fructose_org4mito.tif:197,3841.198,3129,5196,197
198,Fructose_org4mito.tif:198,3830.080,3106,5251,198
199,Fructose_org4mito.tif:199,3817.365,3075,5229,199
200,Fructose_org4mito.tif:200,3805.490,3040,5285,200
201,Fructose_org4mito.tif:201,3790.334,3034,5307,201
202,Fructose_org4mito.tif:202,3774.942,3043,5373,202
203,Fructose_org4mito.tif:203,3759.446,2997,5349,203
204,Fructose_org4mito.tif:204,3741.817,2987,5357,204
205,Fructose_org4mito.tif:205,3725.280,2966,5344,205
206,Fructose_org4mito.tif:206,3709.011,2942,5358,206
207,Fructose_org4mito.tif:207,3692.294,2937,5355,207
208,Fructose_org4mito.tif:208,3679.375,2897,5357,208
209,Fructose_org4mito.tif:209,3668.820,2869,5380,209
210,Fructose_org4mito.tif:210,3660.813,2843,5331,210
211,Fructose_org4mito.tif:211,3656.404,2831,5300,211
212,Fructose_org4mito.tif:212,3653.362,2787,5282,212
213,Fructose_org4mito.tif:213,3651.541,2781,5238,213
214,Fructose_org4mito.tif:214,3652.413,2787,5213,214
215,Fructose_org4mito.tif:215,3653.412,2763,5193,215
216,Fructose_org4mito.tif:216,3654.102,2775,5211,216
217,Fructose_org4mito.tif:217,3655.299,2754,5234,217
218,Fructose_org4mito.tif:218,3654.717,2761,5212,218
219,Fructose_org4mito.tif:219,3651.991,2740,5220,219
220,Fructose_org4mito.tif:220,3649.868,2745,5191,220
221,Fructose_org4mito.tif:221,3645.656,2736,5170,221
222,Fructose_org4mito.tif:222,3641.877,2705,5152,222
223,Fructose_org4mito.tif:223,3638.971,2706,5084,223
224,Fructose_org4mito.tif:224,3635.083,2679,5008,224
225,Fructose_org4mito.tif:225,3633.652,2669,4965,225
226,Fructose_org4mito.tif:226,3632.520,2652,4972,226
227,Fructose_org4mito.tif:227,3633.170,2661,4983,227
228,Fructose_org4mito.tif:228,3636.328,2666,4930,228
229,Fructose_org4mito.tif:229,3638.755,2654,4886,229
230,Fructose_org4mito.tif:230,3641.609,2659,4780,230
231,Fructose_org4mito.tif:231,3646.252,2659,4743,231
232,Fructose_org4mito.tif:232,3652.339,2662,4768,232
233,Fructose_org4mito.tif:233,3661.184,2645,4797,233
234,Fructose_org4mito.tif:234,3673.333,2647,4806,234
235,Fructose_org4mito.tif:235,3686.898,2640,4877,235
236,Fructose_org4mito.tif:236,3705.119,2647,4927,236
237,Fructose_org4mito.tif:237,3728.018,2625,5012,237
238,Fructose_org4mito.tif:238,3752.042,2633,5158,238
239,Fructose_org4mito.tif:239,3778.418,2645,5209,239
240,Fructose_org4mito.tif:240,3806.383,2645,5348,240
241,Fructose_org4mito.tif:241,3833.921,2603,5402,241
242,Fructose_org4mito.tif:242,3862.468,2611,5542,242
243,Fructose_org4mito.tif:243,3889.114,2595,5632,243
244,Fructose_org4mito.tif:244,3912.463,2594,5785,244
245,Fructose_org4mito.tif:245,3934.927,2600,5917,245
246,Fructose_org4mito.tif:246,3956.516,2619,6008,246
247,Fructose_org4mito.tif:247,3975.232,2613,6092,247
248,Fructose_org4mito.tif:248,3994.452,2617,6071,248
249,Fructose_org4mito.tif:249,4012.851,2647,6112,249
250,Fructose_org4mito.tif:250,4029.409,2670,6076,250
251,Fructose_org4mito.tif:251,4047.294,2695,6151,251
252,Fructose_org4mito.tif:252,4063.714,2705,6164,252
253,Fructose_org4mito.tif:253,4080.901,2704,6203,253
254,Fructose_org4mito.tif:254,4100.800,2701,6191,254
255,Fructose_org4mito.tif:255,4119.342,2734,6233,255
256,Fructose_org4mito.tif:256,4139.467,2723,6265,256
257,Fructose_org4mito.tif:257,4160.565,2726,6321,257
258,Fructose_org4mito.tif:258,4180.772,2735,6314,258
259,Fructose_org4mito.tif:259,4202.685,2784,6364,259
260,Fructose_org4mito.tif:260,4226.894,2824,6423,260
261,Fructose_org4mito.tif:261,4250.230,2847,6479,261
262,Fructose_org4mito.tif:262,4275.460,2850,6512,262
263,Fructose_org4mito.tif:263,4301.320,2836,6546,263
264,Fructose_org4mito.tif:264,4323.769,2868,6552,264
265,Fructose_org4mito.tif:265,4347.009,2844,6628,265
266,Fructose_org4mito.tif:266,4372.476,2870,6754,266
267,Fructose_org4mito.tif:267,4399.089,2893,6903,267
268,Fructose_org4mito.tif:268,4424.970,2908,6969,268
269,Fructose_org4mito.tif:269,4448.123,2910,7016,269
270,Fructose_org4mito.tif:270,4470.381,2925,6798,270
271,Fructose_org4mito.tif:271,4491.315,2933,6489,271
272,Fructose_org4mito.tif:272,4511.527,2949,6385,272
273,Fructose_org4mito.tif:273,4535.562,2960,6386,273
274,Fructose_org4mito.tif:274,4560.090,3000,6350,274
275,Fructose_org4mito.tif:275,4586.491,3023,6365,275
276,Fructose_org4mito.tif:276,4615.588,3051,6360,276
277,Fructose_org4mito.tif:277,4648.969,3074,6393,277
278,Fructose_org4mito.tif:278,4682.147,3135,6465,278
279,Fructose_org4mito.tif:279,4718.696,3188,6494,279
280,Fructose_org4mito.tif:280,4757.209,3214,6537,280
281,Fructose_org4mito.tif:281,4798.403,3272,6593,281
282,Fructose_org4mito.tif:282,4843.466,3305,6579,282
283,Fructose_org4mito.tif:283,4888.018,3331,6631,283
284,Fructose_org4mito.tif:284,4933.446,3332,6645,284
285,Fructose_org4mito.tif:285,4982.672,3363,6645,285
286,Fructose_org4mito.tif:286,5032.858,3405,6697,286
287,Fructose_org4mito.tif:287,5083.364,3445,6762,287
288,Fructose_org4mito.tif:288,5135.370,3481,6800,288
289,Fructose_org4mito.tif:289,5186.182,3532,6796,289
290,Fructose_org4mito.tif:290,5235.743,3545,6781,290
291,Fructose_org4mito.tif:291,5285.985,3610,6826,291
292,Fructose_org4mito.tif:292,5331.828,3678,6875,292
293,Fructose_org4mito.tif:293,5377.984,3706,6898,293
294,Fructose_org4mito.tif:294,5424.398,3776,7014,294
295,Fructose_org4mito.tif:295,5466.931,3830,7046,295
296,Fructose_org4mito.tif:296,5508.330,3871,7114,296
297,Fructose_org4mito.tif:297,5547.600,3927,7137,297
298,Fructose_org4mito.tif:298,5586.344,3998,7231,298
299,Fructose_org4mito.tif:299,5624.477,3995,7292,299
300,Fructose_org4mito.tif:300,5660.787,3994,7317,300
301,Fructose_org4mito.tif:301,5695.027,4021,7355,301
302,Fructose_org4mito.tif:302,5730.750,4057,7419,302
303,Fructose_org4mito.tif:303,5765.921,4061,7608,303
304,Fructose_org4mito.tif:304,5803.010,4123,7867,304
305,Fructose_org4mito.tif:305,5839.910,4168,8022,305
306,Fructose_org4mito.tif:306,5877.873,4215,7932,306
307,Fructose_org4mito.tif:307,5915.935,4242,7789,307
308,Fructose_org4mito.tif:308,5956.827,4247,7939,308
309,Fructose_org4mito.tif:309,5998.840,4271,8294,309
310,Fructose_org4mito.tif:310,6041.046,4296,8555,310
311,Fructose_org4mito.tif:311,6083.474,4332,8786,311
312,Fructose_org4mito.tif:312,6125.776,4366,8832,312
313,Fructose_org4mito.tif:313,6168.770,4442,8744,313
314,Fructose_org4mito.tif:314,6210.763,4494,8618,314
315,Fructose_org4mito.tif:315,6251.098,4574,8236,315
316,Fructose_org4mito.tif:316,6292.006,4616,8108,316
317,Fructose_org4mito.tif:317,6328.751,4620,8234,317
318,Fructose_org4mito.tif:318,6362.712,4669,8478,318
319,Fructose_org4mito.tif:319,6398.227,4683,8646,319
320,Fructose_org4mito.tif:320,6429.106,4699,8461,320
321,Fructose_org4mito.tif:321,6456.501,4763,8158,321
322,Fructose_org4mito.tif:322,6481.384,4755,8034,322
323,Fructose_org4mito.tif:323,6500.290,4770,8369,323
324,Fructose_org4mito.tif:324,6519.409,4789,8615,324
325,Fructose_org4mito.tif:325,6536.914,4803,8803,325
326,Fructose_org4mito.tif:326,6553.157,4793,8787,326
327,Fructose_org4mito.tif:327,6569.075,4726,8553,327
328,Fructose_org4mito.tif:328,6587.230,4768,8795,328
329,Fructose_org4mito.tif:329,6604.570,4779,9043,329
330,Fructose_org4mito.tif:330,6626.407,4789,9257,330
331,Fructose_org4mito.tif:331,6648.932,4818,9019,331
332,Fructose_org4mito.tif:332,6670.308,4877,8671,332
333,Fructose_org4mito.tif:333,6696.945,4866,8492,333
334,Fructose_org4mito.tif:334,6721.923,4890,8456,334
335,Fructose_org4mito.tif:335,6748.109,4910,8621,335
336,Fructose_org4mito.tif:336,6776.889,4861,8921,336
337,Fructose_org4mito.tif:337,6807.737,4896,9472,337
338,Fructose_org4mito.tif:338,6834.994,4885,10064,338
339,Fructose_org4mito.tif:339,6866.526,4488,10778,339
340,Fructose_org4mito.tif:340,6893.257,4020,11151,340
341,Fructose_org4mito.tif:341,6921.188,3553,11452,341
342,Fructose_org4mito.tif:342,6950.237,3147,11465,342
343,Fructose_org4mito.tif:343,6979.683,2738,11159,343
344,Fructose_org4mito.tif:344,7012.526,2385,10531,344
345,Fructose_org4mito.tif:345,7050.028,2134,10654,345
346,Fructose_org4mito.tif:346,7086.253,1865,10791,346
347,Fructose_org4mito.tif:347,7130.319,1605,10596,347
348,Fructose_org4mito.tif:348,7174.474,1470,10534,348
349,Fructose_org4mito.tif:349,7217.005,1345,10824,349
350,Fructose_org4mito.tif:350,7261.970,1247,10650,350
351,Fructose_org4mito.tif:351,7310.899,1158,10423,351
352,Fructose_org4mito.tif:352,7352.955,1112,9847,352
353,Fructose_org4mito.tif:353,7395.068,1040,9776,353
354,Fructose_org4mito.tif:354,7432.065,993,9927,354
355,Fructose_org4mito.tif:355,7473.422,975,10307,355
356,Fructose_org4mito.tif:356,7512.087,932,10494,356
357,Fructose_org4mito.tif:357,7552.912,872,10505,357
358,Fructose_org4mito.tif:358,7600.150,861,10407,358
359,Fructose_org4mito.tif:359,7651.675,830,10474,359
360,Fructose_org4mito.tif:360,7704.243,811,10679,360
361,Fructose_org4mito.tif:361,7760.783,785,10834,361
362,Fructose_org4mito.tif:362,7815.852,741,10782,362
363,Fructose_org4mito.tif:363,7859.103,739,10936,363
364,Fructose_org4mito.tif:364,7897.471,717,10839,364
365,Fructose_org4mito.tif:365,7919.353,692,10904,365
366,Fructose_org4mito.tif:366,7926.488,680,11090,366
367,Fructose_org4mito.tif:367,7915.192,674,11246,367
368,Fructose_org4mito.tif:368,7885.087,650,11268,368
369,Fructose_org4mito.tif:369,7835.906,636,11310,369
370,Fructose_org4mito.tif:370,7778.786,626,11213,370
371,Fructose_org4mito.tif:371,7709.515,616,11184,371
372,Fructose_org4mito.tif:372,7629.613,609,11074,372
373,Fructose_org4mito.tif:373,7550.700,582,10997,373
374,Fructose_org4mito.tif:374,7469.471,585,11175,374
375,Fructose_org4mito.tif:375,7388.251,571,11145,375
376,Fructose_org4mito.tif:376,7316.841,551,10959,376
377,Fructose_org4mito.tif:377,7253.921,538,10591,377
378,Fructose_org4mito.tif:378,7200.132,534,10346,378
379,Fructose_org4mito.tif:379,7153.752,530,10083,379
380,Fructose_org4mito.tif:380,7116.239,516,9752,380
381,Fructose_org4mito.tif:381,7087.869,517,9584,381
382,Fructose_org4mito.tif:382,7066.282,510,9401,382
383,Fructose_org4mito.tif:383,7045.604,495,9331,383
384,Fructose_org4mito.tif:384,7026.347,485,9490,384
385,Fructose_org4mito.tif:385,7006.395,489,9885,385
386,Fructose_org4mito.tif:386,6989.104,486,10166,386
387,Fructose_org4mito.tif:387,6970.644,464,10225,387
388,Fructose_org4mito.tif:388,6951.543,468,10242,388
389,Fructose_org4mito.tif:389,6928.941,459,10089,389
390,Fructose_org4mito.tif:390,6907.286,455,10039,390
391,Fructose_org4mito.tif:391,6882.706,455,9956,391
392,Fructose_org4mito.tif:392,6856.198,451,9904,392
393,Fructose_org4mito.tif:393,6826.315,442,9891,393
394,Fructose_org4mito.tif:394,6792.682,438,9850,394
395,Fructose_org4mito.tif:395,6754.734,436,9881,395
396,Fructose_org4mito.tif:396,6710.099,423,9843,396
397,Fructose_org4mito.tif:397,6655.807,416,9908,397
398,Fructose_org4mito.tif:398,6595.346,401,10192,398
399,Fructose_org4mito.tif:399,6527.929,397,10270,399
400,Fructose_org4mito.tif:400,6455.001,396,10332,400
401,Fructose_org4mito.tif:401,6375.741,400,10092,401
402,Fructose_org4mito.tif:402,6293.672,381,9608,402
403,Fructose_org4mito.tif:403,6205.900,375,9535,403
404,Fructose_org4mito.tif:404,6110.518,381,9387,404
405,Fructose_org4mito.tif:405,6010.918,376,9530,405
406,Fructose_org4mito.tif:406,5912.929,375,9429,406
407,Fructose_org4mito.tif:407,5813.010,372,9476,407
408,Fructose_org4mito.tif:408,5710.077,367,9559,408
409,Fructose_org4mito.tif:409,5604.311,366,9709,409
410,Fructose_org4mito.tif:410,5498.283,355,9816,410
411,Fructose_org4mito.tif:411,5388.544,355,9864,411
412,Fructose_org4mito.tif:412,5281.857,350,9939,412
413,Fructose_org4mito.tif:413,5172.331,346,9951,413
414,Fructose_org4mito.tif:414,5061.595,346,9934,414
415,Fructose_org4mito.tif:415,4947.055,339,9916,415
416,Fructose_org4mito.tif:416,4829.228,340,9981,416
417,Fructose_org4mito.tif:417,4706.562,338,10238,417
418,Fructose_org4mito.tif:418,4580.707,337,10635,418
419,Fructose_org4mito.tif:419,4450.217,329,10553,419
420,Fructose_org4mito.tif:420,4317.288,326,10248,420
421,Fructose_org4mito.tif:421,4181.177,325,10191,421
422,Fructose_org4mito.tif:422,4040.071,320,10202,422
423,Fructose_org4mito.tif:423,3900.036,321,10197,423
424,Fructose_org4mito.tif:424,3757.848,315,10017,424
425,Fructose_org4mito.tif:425,3612.763,314,9899,425
426,Fructose_org4mito.tif:426,3467.175,311,9841,426
427,Fructose_org4mito.tif:427,3323.883,308,9814,427
428,Fructose_org4mito.tif:428,3181.077,306,9831,428
429,Fructose_org4mito.tif:429,3038.083,304,9661,429
430,Fructose_org4mito.tif:430,2894.355,296,9638,430
431,Fructose_org4mito.tif:431,2749.297,290,9593,431
432,Fructose_org4mito.tif:432,2605.493,294,9623,432
433,Fructose_org4mito.tif:433,2463.086,290,9595,433
434,Fructose_org4mito.tif:434,2322.587,291,9589,434
435,Fructose_org4mito.tif:435,2182.398,282,9546,435
436,Fructose_org4mito.tif:436,2043.480,284,9557,436
437,Fructose_org4mito.tif:437,1906.016,284,9471,437
438,Fructose_org4mito.tif:438,1770.520,282,9412,438
439,Fructose_org4mito.tif:439,1637.923,277,9371,439
440,Fructose_org4mito.tif:440,1507.973,276,9228,440
441,Fructose_org4mito.tif:441,1382.264,274,9121,441
442,Fructose_org4mito.tif:442,1261.822,267,8982,442
443,Fructose_org4mito.tif:443,1148.651,264,8822,443
444,Fructose_org4mito.tif:444,1042.505,264,8541,444
445,Fructose_org4mito.tif:445,942.624,263,8164,445
446,Fructose_org4mito.tif:446,851.288,258,7682,446
447,Fructose_org4mito.tif:447,768.103,257,7099,447
448,Fructose_org4mito.tif:448,692.843,252,6481,448
449,Fructose_org4mito.tif:449,627.223,253,5755,449
450,Fructose_org4mito.tif:450,570.640,246,4942,450
451,Fructose_org4mito.tif:451,522.893,245,4214,451
452,Fructose_org4mito.tif:452,483.844,247,3502,452
453,Fructose_org4mito.tif:453,452.667,247,2827,453
454,Fructose_org4mito.tif:454,428.199,240,2191,454
455,Fructose_org4mito.tif:455,409.467,243,1756,455
456,Fructose_org4mito.tif:456,394.946,239,1430,456
457,Fructose_org4mito.tif:457,383.946,241,1180,457
458,Fructose_org4mito.tif:458,375.338,241,997,458
459,Fructose_org4mito.tif:459,368.510,241,870,459
460,Fructose_org4mito.tif:460,362.759,239,783,460
461,Fructose_org4mito.tif:461,357.905,240,727,461
462,Fructose_org4mito.tif:462,353.761,237,687,462
463,Fructose_org4mito.tif:463,350.062,241,642,463
464,Fructose_org4mito.tif:464,346.765,239,613,464
465,Fructose_org4mito.tif:465,343.705,237,589,465
466,Fructose_org4mito.tif:466,340.879,239,570,466
467,Fructose_org4mito.tif:467,338.217,237,548,467
468,Fructose_org4mito.tif:468,335.792,238,535,468
469,Fructose_org4mito.tif:469,333.644,236,530,469
470,Fructose_org4mito.tif:470,331.629,236,512,470
471,Fructose_org4mito.tif:471,329.573,235,498,471
472,Fructose_org4mito.tif:472,327.735,236,492,472
473,Fructose_org4mito.tif:473,325.997,237,487,473
474,Fructose_org4mito.tif:474,324.320,230,476,474
475,Fructose_org4mito.tif:475,322.690,233,466,475
476,Fructose_org4mito.tif:476,321.164,232,464,476
477,Fructose_org4mito.tif:477,319.673,236,455,477
478,Fructose_org4mito.tif:478,318.382,230,451,478
479,Fructose_org4mito.tif:479,317.016,235,441,479
480,Fructose_org4mito.tif:480,315.647,229,440,480
481,Fructose_org4mito.tif:481,314.328,231,445,481
482,Fructose_org4mito.tif:482,313.040,234,434,482
483,Fructose_org4mito.tif:483,311.780,234,433,483
484,Fructose_org4mito.tif:484,310.525,233,424,484
485,Fructose_org4mito.tif:485,309.352,231,422,485
486,Fructose_org4mito.tif:486,308.237,233,421,486
487,Fructose_org4mito.tif:487,307.078,233,407,487
488,Fructose_org4mito.tif:488,305.947,234,413,488
489,Fructose_org4mito.tif:489,304.879,233,414,489
490,Fructose_org4mito.tif:490,303.898,229,404,490
491,Fructose_org4mito.tif:491,302.770,231,404,491
492,Fructose_org4mito.tif:492,300.752,216,428,492
493,Fructose_org4mito.tif:493,299.903,217,415,493
494,Fructose_org4mito.tif:494,299.007,218,416,494
495,Fructose_org4mito.tif:495,0.000,0,0,495
496,Fructose_org4mito.tif:496,0.000,0,0,496
