 ,Label,Mean,Min,Max
1,Fructose_org4_angle1.tif:1,0,0,0
2,Fructose_org4_angle1.tif:2,0,0,0
3,Fructose_org4_angle1.tif:3,0,0,0
4,Fructose_org4_angle1.tif:4,0,0,0
5,Fructose_org4_angle1.tif:5,0,0,0
6,Fructose_org4_angle1.tif:6,0,0,0
7,Fructose_org4_angle1.tif:7,0,0,0
8,Fructose_org4_angle1.tif:8,0,0,0
9,Fructose_org4_angle1.tif:9,0,0,0
10,Fructose_org4_angle1.tif:10,0,0,0
11,Fructose_org4_angle1.tif:11,0,0,0
12,Fructose_org4_angle1.tif:12,0,0,0
13,Fructose_org4_angle1.tif:13,0,0,0
14,Fructose_org4_angle1.tif:14,0,0,0
15,Fructose_org4_angle1.tif:15,0,0,0
16,Fructose_org4_angle1.tif:16,0,0,0
17,Fructose_org4_angle1.tif:17,0,0,0
18,Fructose_org4_angle1.tif:18,0,0,0
19,Fructose_org4_angle1.tif:19,0,0,0
20,Fructose_org4_angle1.tif:20,0,0,0
21,Fructose_org4_angle1.tif:21,0,0,0
22,Fructose_org4_angle1.tif:22,0,0,0
23,Fructose_org4_angle1.tif:23,0,0,0
24,Fructose_org4_angle1.tif:24,0,0,0
25,Fructose_org4_angle1.tif:25,0,0,0
26,Fructose_org4_angle1.tif:26,0,0,0
27,Fructose_org4_angle1.tif:27,0,0,0
28,Fructose_org4_angle1.tif:28,0,0,0
29,Fructose_org4_angle1.tif:29,0,0,0
30,Fructose_org4_angle1.tif:30,0,0,0
31,Fructose_org4_angle1.tif:31,0,0,0
32,Fructose_org4_angle1.tif:32,0,0,0
33,Fructose_org4_angle1.tif:33,377.771,252,736
34,Fructose_org4_angle1.tif:34,387.369,251,958
35,Fructose_org4_angle1.tif:35,401.622,262,1303
36,Fructose_org4_angle1.tif:36,418.218,269,1884
37,Fructose_org4_angle1.tif:37,439.964,267,2700
38,Fructose_org4_angle1.tif:38,469.092,271,3874
39,Fructose_org4_angle1.tif:39,507.083,275,5185
40,Fructose_org4_angle1.tif:40,555.869,277,6479
41,Fructose_org4_angle1.tif:41,616.473,272,7682
42,Fructose_org4_angle1.tif:42,688.125,278,8499
43,Fructose_org4_angle1.tif:43,768.975,282,9560
44,Fructose_org4_angle1.tif:44,858.191,280,10742
45,Fructose_org4_angle1.tif:45,953.896,284,12856
46,Fructose_org4_angle1.tif:46,1053.430,292,14302
47,Fructose_org4_angle1.tif:47,1156.363,293,15130
48,Fructose_org4_angle1.tif:48,1263.314,290,15331
49,Fructose_org4_angle1.tif:49,1375.471,295,15107
50,Fructose_org4_angle1.tif:50,1497.861,293,14604
51,Fructose_org4_angle1.tif:51,1629.065,300,13805
52,Fructose_org4_angle1.tif:52,1773.537,304,14408
53,Fructose_org4_angle1.tif:53,1930.869,302,14744
54,Fructose_org4_angle1.tif:54,2095.590,310,16648
55,Fructose_org4_angle1.tif:55,2264.911,309,18140
56,Fructose_org4_angle1.tif:56,2437.372,312,19167
57,Fructose_org4_angle1.tif:57,2606.308,308,19100
58,Fructose_org4_angle1.tif:58,2769.232,316,18706
59,Fructose_org4_angle1.tif:59,2925.558,317,17947
60,Fructose_org4_angle1.tif:60,3074.445,317,17062
61,Fructose_org4_angle1.tif:61,3217.939,326,15948
62,Fructose_org4_angle1.tif:62,3360.217,323,18467
63,Fructose_org4_angle1.tif:63,3503.693,327,19888
64,Fructose_org4_angle1.tif:64,3650.160,328,19584
65,Fructose_org4_angle1.tif:65,3799.231,335,21865
66,Fructose_org4_angle1.tif:66,3948.810,332,25790
67,Fructose_org4_angle1.tif:67,4104.318,345,29066
68,Fructose_org4_angle1.tif:68,4255.623,342,31300
69,Fructose_org4_angle1.tif:69,4407.938,348,31197
70,Fructose_org4_angle1.tif:70,4558.042,348,29711
71,Fructose_org4_angle1.tif:71,4701.529,358,26616
72,Fructose_org4_angle1.tif:72,4836.376,364,22636
73,Fructose_org4_angle1.tif:73,4963.593,367,20221
74,Fructose_org4_angle1.tif:74,5074.410,371,19136
75,Fructose_org4_angle1.tif:75,5175.515,379,18206
76,Fructose_org4_angle1.tif:76,5265.814,366,17824
77,Fructose_org4_angle1.tif:77,5351.241,380,20287
78,Fructose_org4_angle1.tif:78,5433.846,401,22536
79,Fructose_org4_angle1.tif:79,5516.317,395,25539
80,Fructose_org4_angle1.tif:80,5597.202,403,27676
81,Fructose_org4_angle1.tif:81,5682.248,416,28102
82,Fructose_org4_angle1.tif:82,5764.024,422,26800
83,Fructose_org4_angle1.tif:83,5838.434,428,23768
84,Fructose_org4_angle1.tif:84,5909.123,428,25413
85,Fructose_org4_angle1.tif:85,5973.544,441,28819
86,Fructose_org4_angle1.tif:86,6039.487,450,31017
87,Fructose_org4_angle1.tif:87,6117.028,465,31280
88,Fructose_org4_angle1.tif:88,6206.361,469,29809
89,Fructose_org4_angle1.tif:89,6303.941,475,26541
90,Fructose_org4_angle1.tif:90,6402.960,476,22260
91,Fructose_org4_angle1.tif:91,6499.414,499,20617
92,Fructose_org4_angle1.tif:92,6592.502,512,18860
93,Fructose_org4_angle1.tif:93,6682.399,523,16880
94,Fructose_org4_angle1.tif:94,6763.727,552,17952
95,Fructose_org4_angle1.tif:95,6843.547,586,18204
96,Fructose_org4_angle1.tif:96,6927.727,636,17536
97,Fructose_org4_angle1.tif:97,7010.804,687,16090
98,Fructose_org4_angle1.tif:98,7107.499,737,15206
99,Fructose_org4_angle1.tif:99,7215.442,753,15475
100,Fructose_org4_angle1.tif:100,7332.836,725,16083
101,Fructose_org4_angle1.tif:101,7466.551,727,17178
102,Fructose_org4_angle1.tif:102,7605.630,739,18972
103,Fructose_org4_angle1.tif:103,7747.945,785,20244
104,Fructose_org4_angle1.tif:104,7886.035,854,20767
105,Fructose_org4_angle1.tif:105,8018.409,937,21008
106,Fructose_org4_angle1.tif:106,8136.225,1022,19531
107,Fructose_org4_angle1.tif:107,8237.943,1112,19840
108,Fructose_org4_angle1.tif:108,8313.553,1275,22928
109,Fructose_org4_angle1.tif:109,8365.100,1457,25284
110,Fructose_org4_angle1.tif:110,8393.499,1717,27204
111,Fructose_org4_angle1.tif:111,8403.719,2054,27222
112,Fructose_org4_angle1.tif:112,8407.480,2387,26342
113,Fructose_org4_angle1.tif:113,8408.479,2637,24742
114,Fructose_org4_angle1.tif:114,8412.188,2821,22638
115,Fructose_org4_angle1.tif:115,8426.091,2876,20336
116,Fructose_org4_angle1.tif:116,8438.467,2937,19224
117,Fructose_org4_angle1.tif:117,8455.899,3002,18063
118,Fructose_org4_angle1.tif:118,8479.731,3035,18958
119,Fructose_org4_angle1.tif:119,8506.337,3182,19222
120,Fructose_org4_angle1.tif:120,8539.025,3271,18807
121,Fructose_org4_angle1.tif:121,8588.559,3181,17941
122,Fructose_org4_angle1.tif:122,8644.844,3138,18563
123,Fructose_org4_angle1.tif:123,8718.269,3083,19325
124,Fructose_org4_angle1.tif:124,8803.288,3026,19045
125,Fructose_org4_angle1.tif:125,8899.900,3008,18145
126,Fructose_org4_angle1.tif:126,9005.712,2991,20327
127,Fructose_org4_angle1.tif:127,9119.538,3040,21743
128,Fructose_org4_angle1.tif:128,9222.091,3134,21800
129,Fructose_org4_angle1.tif:129,9328.086,3218,21312
130,Fructose_org4_angle1.tif:130,9425.753,3222,19833
131,Fructose_org4_angle1.tif:131,9519.891,3283,17675
132,Fructose_org4_angle1.tif:132,9606.410,3295,17195
133,Fructose_org4_angle1.tif:133,9674.618,3385,16602
134,Fructose_org4_angle1.tif:134,9735.761,3381,16463
135,Fructose_org4_angle1.tif:135,9780.555,3418,16733
136,Fructose_org4_angle1.tif:136,9813.221,3544,16925
137,Fructose_org4_angle1.tif:137,9838.994,3727,16935
138,Fructose_org4_angle1.tif:138,9869.999,3941,16740
139,Fructose_org4_angle1.tif:139,9895.597,4146,16634
140,Fructose_org4_angle1.tif:140,9924.925,4184,16489
141,Fructose_org4_angle1.tif:141,9964.310,4420,16355
142,Fructose_org4_angle1.tif:142,10008.690,4418,16248
143,Fructose_org4_angle1.tif:143,10049.313,4444,17218
144,Fructose_org4_angle1.tif:144,10097.350,4553,17119
145,Fructose_org4_angle1.tif:145,10147.555,4636,16918
146,Fructose_org4_angle1.tif:146,10207.829,4385,17199
147,Fructose_org4_angle1.tif:147,10263.602,4212,17264
148,Fructose_org4_angle1.tif:148,10324.103,4172,17251
149,Fructose_org4_angle1.tif:149,10376.105,4166,16956
150,Fructose_org4_angle1.tif:150,10426.307,4117,16769
151,Fructose_org4_angle1.tif:151,10470.813,4128,16678
152,Fructose_org4_angle1.tif:152,10522.556,4170,16539
153,Fructose_org4_angle1.tif:153,10564.210,4109,16343
154,Fructose_org4_angle1.tif:154,10601.504,4036,16655
155,Fructose_org4_angle1.tif:155,10637.487,3894,16571
156,Fructose_org4_angle1.tif:156,10663.738,3880,16725
157,Fructose_org4_angle1.tif:157,10685.718,3927,16857
158,Fructose_org4_angle1.tif:158,10699.087,3979,16857
159,Fructose_org4_angle1.tif:159,10714.333,4033,16768
160,Fructose_org4_angle1.tif:160,10728.925,4151,16574
161,Fructose_org4_angle1.tif:161,10749.672,4259,16710
162,Fructose_org4_angle1.tif:162,10777.203,4427,16867
163,Fructose_org4_angle1.tif:163,10805.305,4340,17168
164,Fructose_org4_angle1.tif:164,10840.786,4150,17561
165,Fructose_org4_angle1.tif:165,10880.369,4060,17872
166,Fructose_org4_angle1.tif:166,10926.028,4024,18057
167,Fructose_org4_angle1.tif:167,10973.681,4026,18049
168,Fructose_org4_angle1.tif:168,11021.365,3942,17717
169,Fructose_org4_angle1.tif:169,11067.128,4075,17463
170,Fructose_org4_angle1.tif:170,11096.940,4113,17276
171,Fructose_org4_angle1.tif:171,11113.752,4139,17321
172,Fructose_org4_angle1.tif:172,11123.968,4169,17338
173,Fructose_org4_angle1.tif:173,11116.419,4186,17305
174,Fructose_org4_angle1.tif:174,11090.794,4264,17060
175,Fructose_org4_angle1.tif:175,11054.570,4242,16983
176,Fructose_org4_angle1.tif:176,11008.913,4313,16990
177,Fructose_org4_angle1.tif:177,10961.933,4292,17175
178,Fructose_org4_angle1.tif:178,10914.619,4283,17453
179,Fructose_org4_angle1.tif:179,10860.096,4341,17368
180,Fructose_org4_angle1.tif:180,10805.084,4464,17146
181,Fructose_org4_angle1.tif:181,10746.183,4684,16833
182,Fructose_org4_angle1.tif:182,10680.141,4987,16599
183,Fructose_org4_angle1.tif:183,10618.359,5274,16489
184,Fructose_org4_angle1.tif:184,10551.780,5449,16701
185,Fructose_org4_angle1.tif:185,10493.871,5552,16621
186,Fructose_org4_angle1.tif:186,10447.231,5678,17091
187,Fructose_org4_angle1.tif:187,10411.549,5510,17571
188,Fructose_org4_angle1.tif:188,10376.283,5463,18016
189,Fructose_org4_angle1.tif:189,10349.265,5363,18377
190,Fructose_org4_angle1.tif:190,10323.079,5375,18713
191,Fructose_org4_angle1.tif:191,10310.185,5314,18874
192,Fructose_org4_angle1.tif:192,10312.822,5395,18815
193,Fructose_org4_angle1.tif:193,10324.261,5444,18664
194,Fructose_org4_angle1.tif:194,10350.189,5590,18263
195,Fructose_org4_angle1.tif:195,10382.505,5546,18421
196,Fructose_org4_angle1.tif:196,10422.185,5332,18260
197,Fructose_org4_angle1.tif:197,10476.191,5173,18280
198,Fructose_org4_angle1.tif:198,10542.423,5078,18171
199,Fructose_org4_angle1.tif:199,10607.876,4999,17901
200,Fructose_org4_angle1.tif:200,10680.870,5082,17515
201,Fructose_org4_angle1.tif:201,10753.367,4872,17110
202,Fructose_org4_angle1.tif:202,10821.851,4512,16876
203,Fructose_org4_angle1.tif:203,10893.400,4208,17409
204,Fructose_org4_angle1.tif:204,10962.049,3994,17624
205,Fructose_org4_angle1.tif:205,11031.692,3793,17794
206,Fructose_org4_angle1.tif:206,11105.425,3677,17957
207,Fructose_org4_angle1.tif:207,11175.222,3647,18141
208,Fructose_org4_angle1.tif:208,11231.621,3609,18258
209,Fructose_org4_angle1.tif:209,11280.480,3649,18265
210,Fructose_org4_angle1.tif:210,11316.042,3782,18297
211,Fructose_org4_angle1.tif:211,11344.323,3969,18000
212,Fructose_org4_angle1.tif:212,11363.751,4216,18713
213,Fructose_org4_angle1.tif:213,11372.519,4442,19113
214,Fructose_org4_angle1.tif:214,11371.644,4686,19350
215,Fructose_org4_angle1.tif:215,11363.520,4977,19183
216,Fructose_org4_angle1.tif:216,11346.626,5340,18935
217,Fructose_org4_angle1.tif:217,11330.587,5406,18511
218,Fructose_org4_angle1.tif:218,11315.615,5446,18139
219,Fructose_org4_angle1.tif:219,11305.145,5532,17935
220,Fructose_org4_angle1.tif:220,11305.261,5673,17926
221,Fructose_org4_angle1.tif:221,11314.487,5701,17947
222,Fructose_org4_angle1.tif:222,11330.999,5720,18081
223,Fructose_org4_angle1.tif:223,11364.539,5802,17998
224,Fructose_org4_angle1.tif:224,11409.317,5717,17966
225,Fructose_org4_angle1.tif:225,11458.442,5749,18170
226,Fructose_org4_angle1.tif:226,11518.009,5862,18072
227,Fructose_org4_angle1.tif:227,11581.009,5959,18354
228,Fructose_org4_angle1.tif:228,11653.630,6196,18561
229,Fructose_org4_angle1.tif:229,11727.687,6231,18260
230,Fructose_org4_angle1.tif:230,11800.283,6200,17873
231,Fructose_org4_angle1.tif:231,11874.470,6271,17849
232,Fructose_org4_angle1.tif:232,11937.987,6099,17780
233,Fructose_org4_angle1.tif:233,11978.439,5901,18202
234,Fructose_org4_angle1.tif:234,11993.972,5765,20889
235,Fructose_org4_angle1.tif:235,11986.092,5685,23442
236,Fructose_org4_angle1.tif:236,11936.331,5597,25205
237,Fructose_org4_angle1.tif:237,11859.125,5578,25863
238,Fructose_org4_angle1.tif:238,11757.662,5550,25014
239,Fructose_org4_angle1.tif:239,11636.194,5531,23141
240,Fructose_org4_angle1.tif:240,11502.373,5453,20838
241,Fructose_org4_angle1.tif:241,11366.741,5343,18626
242,Fructose_org4_angle1.tif:242,11231.496,5254,18270
243,Fructose_org4_angle1.tif:243,11104.215,5095,17560
244,Fructose_org4_angle1.tif:244,10987.746,5086,17730
245,Fructose_org4_angle1.tif:245,10889.681,4988,17671
246,Fructose_org4_angle1.tif:246,10808.477,4631,17539
247,Fructose_org4_angle1.tif:247,10745.706,4353,17854
248,Fructose_org4_angle1.tif:248,10703.828,4158,18190
249,Fructose_org4_angle1.tif:249,10681.317,3971,18336
250,Fructose_org4_angle1.tif:250,10657.727,3881,18294
251,Fructose_org4_angle1.tif:251,10649.883,3818,18053
252,Fructose_org4_angle1.tif:252,10649.898,3723,18096
253,Fructose_org4_angle1.tif:253,10653.404,3658,17954
254,Fructose_org4_angle1.tif:254,10672.693,3685,18137
255,Fructose_org4_angle1.tif:255,10698.558,3734,18053
256,Fructose_org4_angle1.tif:256,10734.278,3776,17991
257,Fructose_org4_angle1.tif:257,10772.167,3842,18102
258,Fructose_org4_angle1.tif:258,10805.584,3924,17953
259,Fructose_org4_angle1.tif:259,10843.757,3942,17790
260,Fructose_org4_angle1.tif:260,10887.285,3934,17789
261,Fructose_org4_angle1.tif:261,10924.880,4000,17610
262,Fructose_org4_angle1.tif:262,10953.502,4138,17583
263,Fructose_org4_angle1.tif:263,10979.211,4270,17706
264,Fructose_org4_angle1.tif:264,10991.690,4469,17506
265,Fructose_org4_angle1.tif:265,11000.599,4631,17470
266,Fructose_org4_angle1.tif:266,10991.403,4870,18175
267,Fructose_org4_angle1.tif:267,10982.342,5055,18333
268,Fructose_org4_angle1.tif:268,10976.407,5306,17901
269,Fructose_org4_angle1.tif:269,10966.608,5494,17527
270,Fructose_org4_angle1.tif:270,10964.510,5474,17350
271,Fructose_org4_angle1.tif:271,10976.333,5584,17167
272,Fructose_org4_angle1.tif:272,10990.646,5638,17002
273,Fructose_org4_angle1.tif:273,10996.916,5516,17202
274,Fructose_org4_angle1.tif:274,11002.684,5368,17046
275,Fructose_org4_angle1.tif:275,11007.577,5206,16835
276,Fructose_org4_angle1.tif:276,11003.237,5143,16581
277,Fructose_org4_angle1.tif:277,10998.998,4999,16837
278,Fructose_org4_angle1.tif:278,10977.574,4891,17121
279,Fructose_org4_angle1.tif:279,10942.479,4845,17756
280,Fructose_org4_angle1.tif:280,10902.551,4785,17819
281,Fructose_org4_angle1.tif:281,10842.070,4777,17730
282,Fructose_org4_angle1.tif:282,10763.111,4809,17503
283,Fructose_org4_angle1.tif:283,10677.145,4890,17350
284,Fructose_org4_angle1.tif:284,10569.988,4919,17153
285,Fructose_org4_angle1.tif:285,10473.570,5015,17454
286,Fructose_org4_angle1.tif:286,10366.285,5170,17775
287,Fructose_org4_angle1.tif:287,10267.727,5322,17521
288,Fructose_org4_angle1.tif:288,10186.720,5465,17370
289,Fructose_org4_angle1.tif:289,10114.677,5561,17029
290,Fructose_org4_angle1.tif:290,10068.473,5651,17162
291,Fructose_org4_angle1.tif:291,10052.715,5645,17236
292,Fructose_org4_angle1.tif:292,10046.427,5517,17223
293,Fructose_org4_angle1.tif:293,10061.818,5425,17325
294,Fructose_org4_angle1.tif:294,10090.273,5377,17343
295,Fructose_org4_angle1.tif:295,10113.499,5428,17391
296,Fructose_org4_angle1.tif:296,10125.778,5294,17396
297,Fructose_org4_angle1.tif:297,10135.302,4915,17270
298,Fructose_org4_angle1.tif:298,10132.121,4731,17586
299,Fructose_org4_angle1.tif:299,10127.679,4470,17971
300,Fructose_org4_angle1.tif:300,10127.355,4272,18121
301,Fructose_org4_angle1.tif:301,10119.522,4100,17829
302,Fructose_org4_angle1.tif:302,10117.594,4090,17570
303,Fructose_org4_angle1.tif:303,10113.517,4104,17764
304,Fructose_org4_angle1.tif:304,10094.824,4096,19804
305,Fructose_org4_angle1.tif:305,10082.942,4145,21148
306,Fructose_org4_angle1.tif:306,10052.291,4123,21423
307,Fructose_org4_angle1.tif:307,10010.360,4227,20880
308,Fructose_org4_angle1.tif:308,9969.438,4298,19243
309,Fructose_org4_angle1.tif:309,9915.677,4394,17387
310,Fructose_org4_angle1.tif:310,9859.383,4626,16915
311,Fructose_org4_angle1.tif:311,9806.565,4800,17050
312,Fructose_org4_angle1.tif:312,9756.158,5123,16819
313,Fructose_org4_angle1.tif:313,9706.808,5083,16593
314,Fructose_org4_angle1.tif:314,9662.381,5019,17220
315,Fructose_org4_angle1.tif:315,9624.208,4921,18549
316,Fructose_org4_angle1.tif:316,9601.399,4875,19958
317,Fructose_org4_angle1.tif:317,9585.242,5012,20531
318,Fructose_org4_angle1.tif:318,9579.004,5049,20360
319,Fructose_org4_angle1.tif:319,9582.615,5154,19623
320,Fructose_org4_angle1.tif:320,9608.524,5170,18560
321,Fructose_org4_angle1.tif:321,9645.799,5404,17451
322,Fructose_org4_angle1.tif:322,9687.651,5569,17180
323,Fructose_org4_angle1.tif:323,9737.384,5769,16892
324,Fructose_org4_angle1.tif:324,9785.107,5708,16511
325,Fructose_org4_angle1.tif:325,9827.653,5567,16327
326,Fructose_org4_angle1.tif:326,9865.348,5464,16188
327,Fructose_org4_angle1.tif:327,9910.784,5456,16073
328,Fructose_org4_angle1.tif:328,9948.425,5466,16180
329,Fructose_org4_angle1.tif:329,9970.276,5554,16649
330,Fructose_org4_angle1.tif:330,9990.658,5615,16892
331,Fructose_org4_angle1.tif:331,9990.447,5638,16951
332,Fructose_org4_angle1.tif:332,9961.687,5667,16713
333,Fructose_org4_angle1.tif:333,9931.577,5684,16367
334,Fructose_org4_angle1.tif:334,9897.946,5782,16475
335,Fructose_org4_angle1.tif:335,9854.213,5860,16439
336,Fructose_org4_angle1.tif:336,9834.459,5929,17039
337,Fructose_org4_angle1.tif:337,9819.779,5762,17596
338,Fructose_org4_angle1.tif:338,9809.676,5773,17930
339,Fructose_org4_angle1.tif:339,9810.541,5608,17694
340,Fructose_org4_angle1.tif:340,9802.584,4743,18231
341,Fructose_org4_angle1.tif:341,9775.437,4073,18646
342,Fructose_org4_angle1.tif:342,9729.590,3318,18790
343,Fructose_org4_angle1.tif:343,9662.631,2888,18106
344,Fructose_org4_angle1.tif:344,9573.974,2430,16858
345,Fructose_org4_angle1.tif:345,9480.900,2242,15869
346,Fructose_org4_angle1.tif:346,9383.914,1984,16494
347,Fructose_org4_angle1.tif:347,9296.156,1839,16833
348,Fructose_org4_angle1.tif:348,9195.595,1687,16539
349,Fructose_org4_angle1.tif:349,9098.166,1557,15990
350,Fructose_org4_angle1.tif:350,9009.659,1410,16272
351,Fructose_org4_angle1.tif:351,8931.565,1385,16509
352,Fructose_org4_angle1.tif:352,8869.561,1290,16362
353,Fructose_org4_angle1.tif:353,8837.116,1236,15848
354,Fructose_org4_angle1.tif:354,8821.587,1169,15566
355,Fructose_org4_angle1.tif:355,8817.194,1130,15785
356,Fructose_org4_angle1.tif:356,8818.544,1076,15922
357,Fructose_org4_angle1.tif:357,8801.238,1068,16081
358,Fructose_org4_angle1.tif:358,8768.758,1010,16463
359,Fructose_org4_angle1.tif:359,8723.224,1007,16390
360,Fructose_org4_angle1.tif:360,8644.340,961,17028
361,Fructose_org4_angle1.tif:361,8559.123,954,17489
362,Fructose_org4_angle1.tif:362,8464.033,900,17474
363,Fructose_org4_angle1.tif:363,8369.473,868,17304
364,Fructose_org4_angle1.tif:364,8289.365,822,16708
365,Fructose_org4_angle1.tif:365,8238.734,802,15682
366,Fructose_org4_angle1.tif:366,8221.010,800,14456
367,Fructose_org4_angle1.tif:367,8238.579,797,14626
368,Fructose_org4_angle1.tif:368,8279.133,772,14932
369,Fructose_org4_angle1.tif:369,8347.752,771,14994
370,Fructose_org4_angle1.tif:370,8440.790,751,14862
371,Fructose_org4_angle1.tif:371,8552.921,710,14774
372,Fructose_org4_angle1.tif:372,8667.295,734,14568
373,Fructose_org4_angle1.tif:373,8786.290,704,14500
374,Fructose_org4_angle1.tif:374,8885.518,676,14382
375,Fructose_org4_angle1.tif:375,8980.509,676,14131
376,Fructose_org4_angle1.tif:376,9052.936,677,14246
377,Fructose_org4_angle1.tif:377,9091.700,671,14354
378,Fructose_org4_angle1.tif:378,9098.712,648,14887
379,Fructose_org4_angle1.tif:379,9084.323,655,15004
380,Fructose_org4_angle1.tif:380,9026.112,630,14609
381,Fructose_org4_angle1.tif:381,8937.805,619,13981
382,Fructose_org4_angle1.tif:382,8828.428,634,13985
383,Fructose_org4_angle1.tif:383,8697.955,610,13948
384,Fructose_org4_angle1.tif:384,8560.722,596,14277
385,Fructose_org4_angle1.tif:385,8421.411,584,14859
386,Fructose_org4_angle1.tif:386,8285.666,578,15537
387,Fructose_org4_angle1.tif:387,8156.708,562,16333
388,Fructose_org4_angle1.tif:388,8025.831,550,16937
389,Fructose_org4_angle1.tif:389,7884.322,546,16856
390,Fructose_org4_angle1.tif:390,7730.726,543,16127
391,Fructose_org4_angle1.tif:391,7571.675,532,14943
392,Fructose_org4_angle1.tif:392,7397.736,507,13340
393,Fructose_org4_angle1.tif:393,7220.453,508,12930
394,Fructose_org4_angle1.tif:394,7036.838,491,13184
395,Fructose_org4_angle1.tif:395,6847.373,487,13897
396,Fructose_org4_angle1.tif:396,6664.799,489,14356
397,Fructose_org4_angle1.tif:397,6484.274,484,13698
398,Fructose_org4_angle1.tif:398,6312.877,447,12475
399,Fructose_org4_angle1.tif:399,6146.611,465,11587
400,Fructose_org4_angle1.tif:400,5987.943,456,11636
401,Fructose_org4_angle1.tif:401,5836.396,446,11393
402,Fructose_org4_angle1.tif:402,5687.469,437,10972
403,Fructose_org4_angle1.tif:403,5535.605,425,10629
404,Fructose_org4_angle1.tif:404,5376.886,422,10358
405,Fructose_org4_angle1.tif:405,5219.575,413,10041
406,Fructose_org4_angle1.tif:406,5061.252,402,9873
407,Fructose_org4_angle1.tif:407,4903.380,401,9763
408,Fructose_org4_angle1.tif:408,4743.900,404,9989
409,Fructose_org4_angle1.tif:409,4584.877,396,9903
410,Fructose_org4_angle1.tif:410,4428.644,384,10114
411,Fructose_org4_angle1.tif:411,4268.445,382,10327
412,Fructose_org4_angle1.tif:412,4105.511,377,10300
413,Fructose_org4_angle1.tif:413,3930.076,381,9854
414,Fructose_org4_angle1.tif:414,3745.309,369,9165
415,Fructose_org4_angle1.tif:415,3550.556,370,9036
416,Fructose_org4_angle1.tif:416,3350.038,364,8834
417,Fructose_org4_angle1.tif:417,3158.388,350,8805
418,Fructose_org4_angle1.tif:418,2983.381,356,8540
419,Fructose_org4_angle1.tif:419,2824.828,345,8359
420,Fructose_org4_angle1.tif:420,2685.179,339,8019
421,Fructose_org4_angle1.tif:421,2567.206,343,7868
422,Fructose_org4_angle1.tif:422,2462.890,339,7437
423,Fructose_org4_angle1.tif:423,2366.329,337,7540
424,Fructose_org4_angle1.tif:424,2274.705,327,7979
425,Fructose_org4_angle1.tif:425,2184.062,334,8289
426,Fructose_org4_angle1.tif:426,2095.371,328,8292
427,Fructose_org4_angle1.tif:427,2005.314,324,7939
428,Fructose_org4_angle1.tif:428,1912.648,323,7427
429,Fructose_org4_angle1.tif:429,1817.492,324,6972
430,Fructose_org4_angle1.tif:430,1720.981,318,6656
431,Fructose_org4_angle1.tif:431,1625.458,308,6675
432,Fructose_org4_angle1.tif:432,1533.737,311,6573
433,Fructose_org4_angle1.tif:433,1444.378,309,6454
434,Fructose_org4_angle1.tif:434,1356.323,305,6362
435,Fructose_org4_angle1.tif:435,1270.275,302,6507
436,Fructose_org4_angle1.tif:436,1187.949,300,6452
437,Fructose_org4_angle1.tif:437,1110.668,295,6339
438,Fructose_org4_angle1.tif:438,1038.307,292,6151
439,Fructose_org4_angle1.tif:439,973.262,284,6018
440,Fructose_org4_angle1.tif:440,913.934,278,5720
441,Fructose_org4_angle1.tif:441,856.783,277,5818
442,Fructose_org4_angle1.tif:442,800.184,271,6278
443,Fructose_org4_angle1.tif:443,744.973,267,6671
444,Fructose_org4_angle1.tif:444,689.870,262,6772
445,Fructose_org4_angle1.tif:445,635.729,248,6350
446,Fructose_org4_angle1.tif:446,586.444,254,5523
447,Fructose_org4_angle1.tif:447,543.685,249,4657
448,Fructose_org4_angle1.tif:448,506.969,250,3754
449,Fructose_org4_angle1.tif:449,476.346,242,2962
450,Fructose_org4_angle1.tif:450,450.977,241,2222
451,Fructose_org4_angle1.tif:451,429.712,237,1712
452,Fructose_org4_angle1.tif:452,412.471,238,1286
453,Fructose_org4_angle1.tif:453,398.729,232,1011
454,Fructose_org4_angle1.tif:454,387.596,235,850
455,Fructose_org4_angle1.tif:455,379.133,221,710
456,Fructose_org4_angle1.tif:456,372.426,237,656
457,Fructose_org4_angle1.tif:457,367.021,233,616
458,Fructose_org4_angle1.tif:458,362.708,235,595
459,Fructose_org4_angle1.tif:459,359.212,224,560
460,Fructose_org4_angle1.tif:460,356.192,235,550
461,Fructose_org4_angle1.tif:461,353.266,229,528
462,Fructose_org4_angle1.tif:462,350.583,233,521
463,Fructose_org4_angle1.tif:463,348.220,232,518
464,Fructose_org4_angle1.tif:464,345.972,230,511
465,Fructose_org4_angle1.tif:465,343.747,230,515
466,Fructose_org4_angle1.tif:466,341.593,231,534
467,Fructose_org4_angle1.tif:467,339.660,227,525
468,Fructose_org4_angle1.tif:468,337.813,227,489
469,Fructose_org4_angle1.tif:469,336.132,226,480
470,Fructose_org4_angle1.tif:470,334.500,226,481
471,Fructose_org4_angle1.tif:471,332.728,228,474
472,Fructose_org4_angle1.tif:472,331.428,227,470
473,Fructose_org4_angle1.tif:473,329.958,229,474
474,Fructose_org4_angle1.tif:474,328.351,230,467
475,Fructose_org4_angle1.tif:475,326.866,225,452
476,Fructose_org4_angle1.tif:476,325.374,227,471
477,Fructose_org4_angle1.tif:477,323.879,230,449
478,Fructose_org4_angle1.tif:478,322.465,225,455
479,Fructose_org4_angle1.tif:479,321.074,224,440
480,Fructose_org4_angle1.tif:480,319.802,230,452
481,Fructose_org4_angle1.tif:481,318.504,229,444
482,Fructose_org4_angle1.tif:482,317.193,227,437
483,Fructose_org4_angle1.tif:483,316.044,227,444
484,Fructose_org4_angle1.tif:484,315.067,222,443
485,Fructose_org4_angle1.tif:485,313.871,221,426
486,Fructose_org4_angle1.tif:486,312.572,225,427
487,Fructose_org4_angle1.tif:487,311.394,221,422
488,Fructose_org4_angle1.tif:488,310.397,224,422
489,Fructose_org4_angle1.tif:489,309.233,221,424
490,Fructose_org4_angle1.tif:490,308.351,223,419
491,Fructose_org4_angle1.tif:491,307.395,218,424
492,Fructose_org4_angle1.tif:492,306.560,219,413
493,Fructose_org4_angle1.tif:493,305.966,214,415
494,Fructose_org4_angle1.tif:494,306.691,219,446
495,Fructose_org4_angle1.tif:495,0,0,0
496,Fructose_org4_angle1.tif:496,0,0,0
