 ,Label,Mean,Min,Max,Slice
1,ClearT2_org1mito.tif:1,0.000,0,0,1
2,ClearT2_org1mito.tif:2,0.000,0,0,2
3,ClearT2_org1mito.tif:3,123.111,0,790,3
4,ClearT2_org1mito.tif:4,436.807,256,780,4
5,ClearT2_org1mito.tif:5,405.606,245,675,5
6,ClearT2_org1mito.tif:6,408.515,253,681,6
7,ClearT2_org1mito.tif:7,411.476,261,694,7
8,ClearT2_org1mito.tif:8,414.523,263,709,8
9,ClearT2_org1mito.tif:9,417.649,264,729,9
10,ClearT2_org1mito.tif:10,420.734,266,743,10
11,ClearT2_org1mito.tif:11,424.023,266,746,11
12,ClearT2_org1mito.tif:12,427.448,267,755,12
13,ClearT2_org1mito.tif:13,431.039,271,770,13
14,ClearT2_org1mito.tif:14,434.965,263,777,14
15,ClearT2_org1mito.tif:15,439.189,276,794,15
16,ClearT2_org1mito.tif:16,443.746,265,808,16
17,ClearT2_org1mito.tif:17,449.351,269,856,17
18,ClearT2_org1mito.tif:18,456.218,276,969,18
19,ClearT2_org1mito.tif:19,465.640,282,1192,19
20,ClearT2_org1mito.tif:20,478.302,285,1673,20
21,ClearT2_org1mito.tif:21,494.300,297,2468,21
22,ClearT2_org1mito.tif:22,514.494,302,3747,22
23,ClearT2_org1mito.tif:23,539.366,313,5310,23
24,ClearT2_org1mito.tif:24,569.753,321,7011,24
25,ClearT2_org1mito.tif:25,604.313,306,8602,25
26,ClearT2_org1mito.tif:26,643.188,329,10636,26
27,ClearT2_org1mito.tif:27,684.792,342,12136,27
28,ClearT2_org1mito.tif:28,728.016,353,11175,28
29,ClearT2_org1mito.tif:29,771.872,362,10567,29
30,ClearT2_org1mito.tif:30,815.729,365,10336,30
31,ClearT2_org1mito.tif:31,859.182,377,10643,31
32,ClearT2_org1mito.tif:32,902.441,386,10364,32
33,ClearT2_org1mito.tif:33,945.206,383,9546,33
34,ClearT2_org1mito.tif:34,985.853,396,9316,34
35,ClearT2_org1mito.tif:35,1025.988,411,9430,35
36,ClearT2_org1mito.tif:36,1065.033,417,8818,36
37,ClearT2_org1mito.tif:37,1103.625,417,9959,37
38,ClearT2_org1mito.tif:38,1143.496,425,9767,38
39,ClearT2_org1mito.tif:39,1185.592,427,9173,39
40,ClearT2_org1mito.tif:40,1229.157,430,9352,40
41,ClearT2_org1mito.tif:41,1278.295,444,9490,41
42,ClearT2_org1mito.tif:42,1336.365,447,9811,42
43,ClearT2_org1mito.tif:43,1411.424,463,9187,43
44,ClearT2_org1mito.tif:44,1510.282,472,10596,44
45,ClearT2_org1mito.tif:45,1585.737,594,9371,45
46,ClearT2_org1mito.tif:46,1684.276,620,8991,46
47,ClearT2_org1mito.tif:47,1816.859,691,9958,47
48,ClearT2_org1mito.tif:48,1975.654,716,10569,48
49,ClearT2_org1mito.tif:49,2144.369,737,11423,49
50,ClearT2_org1mito.tif:50,2315.865,769,12328,50
51,ClearT2_org1mito.tif:51,2485.355,800,12601,51
52,ClearT2_org1mito.tif:52,2649.772,828,12511,52
53,ClearT2_org1mito.tif:53,2808.381,855,12758,53
54,ClearT2_org1mito.tif:54,2962.083,875,13148,54
55,ClearT2_org1mito.tif:55,3108.268,896,13465,55
56,ClearT2_org1mito.tif:56,3241.009,917,13413,56
57,ClearT2_org1mito.tif:57,3360.305,939,12975,57
58,ClearT2_org1mito.tif:58,3467.283,945,12837,58
59,ClearT2_org1mito.tif:59,3563.634,968,12730,59
60,ClearT2_org1mito.tif:60,3646.451,996,12794,60
61,ClearT2_org1mito.tif:61,3722.197,1015,12719,61
62,ClearT2_org1mito.tif:62,3789.856,1036,12494,62
63,ClearT2_org1mito.tif:63,3856.832,1033,11995,63
64,ClearT2_org1mito.tif:64,3921.356,1047,11737,64
65,ClearT2_org1mito.tif:65,3983.352,1065,11609,65
66,ClearT2_org1mito.tif:66,4041.197,1087,11569,66
67,ClearT2_org1mito.tif:67,4095.714,1100,11888,67
68,ClearT2_org1mito.tif:68,4145.189,1127,12241,68
69,ClearT2_org1mito.tif:69,4190.987,1126,11854,69
70,ClearT2_org1mito.tif:70,4234.423,1145,11104,70
71,ClearT2_org1mito.tif:71,4277.711,1163,10940,71
72,ClearT2_org1mito.tif:72,4319.802,1190,11021,72
73,ClearT2_org1mito.tif:73,4361.862,1207,11213,73
74,ClearT2_org1mito.tif:74,4405.141,1228,10876,74
75,ClearT2_org1mito.tif:75,4451.131,1254,10771,75
76,ClearT2_org1mito.tif:76,4496.800,1293,10805,76
77,ClearT2_org1mito.tif:77,4538.848,1321,10700,77
78,ClearT2_org1mito.tif:78,4577.885,1347,10575,78
79,ClearT2_org1mito.tif:79,4610.334,1375,10878,79
80,ClearT2_org1mito.tif:80,4638.629,1405,10413,80
81,ClearT2_org1mito.tif:81,4665.520,1432,10313,81
82,ClearT2_org1mito.tif:82,4688.711,1450,10168,82
83,ClearT2_org1mito.tif:83,4712.159,1492,10099,83
84,ClearT2_org1mito.tif:84,4733.244,1521,9997,84
85,ClearT2_org1mito.tif:85,4750.566,1550,9949,85
86,ClearT2_org1mito.tif:86,4765.560,1565,9752,86
87,ClearT2_org1mito.tif:87,4783.317,1616,9748,87
88,ClearT2_org1mito.tif:88,4799.144,1650,9830,88
89,ClearT2_org1mito.tif:89,4815.314,1667,9931,89
90,ClearT2_org1mito.tif:90,4829.144,1703,9798,90
91,ClearT2_org1mito.tif:91,4840.258,1752,9596,91
92,ClearT2_org1mito.tif:92,4848.656,1772,9557,92
93,ClearT2_org1mito.tif:93,4854.208,1853,9545,93
94,ClearT2_org1mito.tif:94,4852.695,1898,9535,94
95,ClearT2_org1mito.tif:95,4851.323,1935,9351,95
96,ClearT2_org1mito.tif:96,4849.393,1988,9322,96
97,ClearT2_org1mito.tif:97,4847.777,2055,9341,97
98,ClearT2_org1mito.tif:98,4847.174,2107,9241,98
99,ClearT2_org1mito.tif:99,4846.467,2218,9194,99
100,ClearT2_org1mito.tif:100,4844.677,2296,9270,100
101,ClearT2_org1mito.tif:101,4842.348,2360,9281,101
102,ClearT2_org1mito.tif:102,4837.341,2436,9261,102
103,ClearT2_org1mito.tif:103,4829.587,2559,9261,103
104,ClearT2_org1mito.tif:104,4822.851,2656,9255,104
105,ClearT2_org1mito.tif:105,4815.082,2779,9217,105
106,ClearT2_org1mito.tif:106,4802.792,2920,9171,106
107,ClearT2_org1mito.tif:107,4791.871,3078,9090,107
108,ClearT2_org1mito.tif:108,4781.773,3112,9065,108
109,ClearT2_org1mito.tif:109,4771.991,3111,8934,109
110,ClearT2_org1mito.tif:110,4766.406,3108,8988,110
111,ClearT2_org1mito.tif:111,4761.968,3082,9065,111
112,ClearT2_org1mito.tif:112,4758.256,3073,9095,112
113,ClearT2_org1mito.tif:113,4753.907,3072,9008,113
114,ClearT2_org1mito.tif:114,4748.875,3037,8987,114
115,ClearT2_org1mito.tif:115,4743.756,3071,9013,115
116,ClearT2_org1mito.tif:116,4740.193,3048,8921,116
117,ClearT2_org1mito.tif:117,4734.447,3041,8888,117
118,ClearT2_org1mito.tif:118,4728.056,3018,8834,118
119,ClearT2_org1mito.tif:119,4721.476,3006,8774,119
120,ClearT2_org1mito.tif:120,4714.887,3014,8791,120
121,ClearT2_org1mito.tif:121,4708.305,2987,8704,121
122,ClearT2_org1mito.tif:122,4701.909,2957,8708,122
123,ClearT2_org1mito.tif:123,4693.503,2955,8737,123
124,ClearT2_org1mito.tif:124,4686.914,2950,8739,124
125,ClearT2_org1mito.tif:125,4680.097,2961,8699,125
126,ClearT2_org1mito.tif:126,4672.387,2941,8702,126
127,ClearT2_org1mito.tif:127,4665.731,2946,8704,127
128,ClearT2_org1mito.tif:128,4660.799,2916,8697,128
129,ClearT2_org1mito.tif:129,4654.411,2909,8765,129
130,ClearT2_org1mito.tif:130,4648.034,2912,8761,130
131,ClearT2_org1mito.tif:131,4640.044,2904,8777,131
132,ClearT2_org1mito.tif:132,4632.629,2890,8733,132
133,ClearT2_org1mito.tif:133,4627.288,2877,8700,133
134,ClearT2_org1mito.tif:134,4623.267,2882,8668,134
135,ClearT2_org1mito.tif:135,4620.054,2860,8744,135
136,ClearT2_org1mito.tif:136,4619.466,2874,8710,136
137,ClearT2_org1mito.tif:137,4619.648,2850,8707,137
138,ClearT2_org1mito.tif:138,4621.637,2858,8766,138
139,ClearT2_org1mito.tif:139,4623.650,2815,8795,139
140,ClearT2_org1mito.tif:140,4625.375,2836,8861,140
141,ClearT2_org1mito.tif:141,4626.561,2849,8841,141
142,ClearT2_org1mito.tif:142,4628.244,2846,8910,142
143,ClearT2_org1mito.tif:143,4628.689,2850,9059,143
144,ClearT2_org1mito.tif:144,4627.544,2811,9076,144
145,ClearT2_org1mito.tif:145,4627.445,2843,9057,145
146,ClearT2_org1mito.tif:146,4626.301,2836,9133,146
147,ClearT2_org1mito.tif:147,4624.656,2824,9157,147
148,ClearT2_org1mito.tif:148,4625.507,2805,9256,148
149,ClearT2_org1mito.tif:149,4625.576,2814,9349,149
150,ClearT2_org1mito.tif:150,4628.004,2797,9366,150
151,ClearT2_org1mito.tif:151,4627.068,2812,9491,151
152,ClearT2_org1mito.tif:152,4622.015,2804,9494,152
153,ClearT2_org1mito.tif:153,4616.531,2806,9578,153
154,ClearT2_org1mito.tif:154,4612.294,2778,9554,154
155,ClearT2_org1mito.tif:155,4605.336,2785,9585,155
156,ClearT2_org1mito.tif:156,4602.099,2781,9642,156
157,ClearT2_org1mito.tif:157,4599.213,2764,9777,157
158,ClearT2_org1mito.tif:158,4595.379,2752,9741,158
159,ClearT2_org1mito.tif:159,4590.388,2756,9819,159
160,ClearT2_org1mito.tif:160,4583.567,2761,9858,160
161,ClearT2_org1mito.tif:161,4573.631,2773,9958,161
162,ClearT2_org1mito.tif:162,4563.872,2756,9889,162
163,ClearT2_org1mito.tif:163,4552.863,2759,9860,163
164,ClearT2_org1mito.tif:164,4541.561,2748,9887,164
165,ClearT2_org1mito.tif:165,4533.791,2742,9928,165
166,ClearT2_org1mito.tif:166,4525.574,2729,9933,166
167,ClearT2_org1mito.tif:167,4517.825,2737,9953,167
168,ClearT2_org1mito.tif:168,4510.093,2734,10012,168
169,ClearT2_org1mito.tif:169,4501.541,2718,9940,169
170,ClearT2_org1mito.tif:170,4492.157,2722,9938,170
171,ClearT2_org1mito.tif:171,4484.044,2721,9898,171
172,ClearT2_org1mito.tif:172,4476.138,2703,9761,172
173,ClearT2_org1mito.tif:173,4466.474,2708,9662,173
174,ClearT2_org1mito.tif:174,4458.638,2694,9545,174
175,ClearT2_org1mito.tif:175,4448.541,2666,9529,175
176,ClearT2_org1mito.tif:176,4437.027,2680,9462,176
177,ClearT2_org1mito.tif:177,4425.411,2676,9422,177
178,ClearT2_org1mito.tif:178,4413.044,2675,9432,178
179,ClearT2_org1mito.tif:179,4401.647,2641,9510,179
180,ClearT2_org1mito.tif:180,4393.500,2666,9600,180
181,ClearT2_org1mito.tif:181,4384.412,2633,9625,181
182,ClearT2_org1mito.tif:182,4374.647,2630,9676,182
183,ClearT2_org1mito.tif:183,4365.012,2652,9765,183
184,ClearT2_org1mito.tif:184,4355.943,2637,9728,184
185,ClearT2_org1mito.tif:185,4348.819,2630,9754,185
186,ClearT2_org1mito.tif:186,4342.334,2632,9720,186
187,ClearT2_org1mito.tif:187,4335.202,2635,9776,187
188,ClearT2_org1mito.tif:188,4330.399,2642,9740,188
189,ClearT2_org1mito.tif:189,4326.883,2617,9634,189
190,ClearT2_org1mito.tif:190,4323.162,2639,9610,190
191,ClearT2_org1mito.tif:191,4319.626,2588,9616,191
192,ClearT2_org1mito.tif:192,4315.914,2613,9550,192
193,ClearT2_org1mito.tif:193,4313.972,2621,9569,193
194,ClearT2_org1mito.tif:194,4314.123,2620,9581,194
195,ClearT2_org1mito.tif:195,4313.904,2604,9638,195
196,ClearT2_org1mito.tif:196,4314.305,2596,9592,196
197,ClearT2_org1mito.tif:197,4316.354,2590,9561,197
198,ClearT2_org1mito.tif:198,4319.297,2604,9532,198
199,ClearT2_org1mito.tif:199,4322.550,2602,9584,199
200,ClearT2_org1mito.tif:200,4329.545,2597,9573,200
201,ClearT2_org1mito.tif:201,4337.225,2602,9609,201
202,ClearT2_org1mito.tif:202,4347.195,2579,9654,202
203,ClearT2_org1mito.tif:203,4357.567,2602,9733,203
204,ClearT2_org1mito.tif:204,4367.612,2585,9657,204
205,ClearT2_org1mito.tif:205,4377.191,2592,9670,205
206,ClearT2_org1mito.tif:206,4387.027,2588,9721,206
207,ClearT2_org1mito.tif:207,4396.216,2605,9668,207
208,ClearT2_org1mito.tif:208,4406.828,2603,9672,208
209,ClearT2_org1mito.tif:209,4417.814,2605,9640,209
210,ClearT2_org1mito.tif:210,4430.595,2604,9619,210
211,ClearT2_org1mito.tif:211,4445.469,2623,9611,211
212,ClearT2_org1mito.tif:212,4460.699,2608,9559,212
213,ClearT2_org1mito.tif:213,4477.825,2637,9459,213
214,ClearT2_org1mito.tif:214,4497.993,2604,9473,214
215,ClearT2_org1mito.tif:215,4517.727,2649,9426,215
216,ClearT2_org1mito.tif:216,4540.105,2645,9478,216
217,ClearT2_org1mito.tif:217,4563.210,2692,9510,217
218,ClearT2_org1mito.tif:218,4589.179,2700,9508,218
219,ClearT2_org1mito.tif:219,4614.749,2728,9514,219
220,ClearT2_org1mito.tif:220,4642.104,2722,9497,220
221,ClearT2_org1mito.tif:221,4670.828,2725,9481,221
222,ClearT2_org1mito.tif:222,4700.487,2736,9513,222
223,ClearT2_org1mito.tif:223,4732.122,2785,9535,223
224,ClearT2_org1mito.tif:224,4764.736,2796,9572,224
225,ClearT2_org1mito.tif:225,4797.016,2819,9694,225
226,ClearT2_org1mito.tif:226,4829.914,2847,9746,226
227,ClearT2_org1mito.tif:227,4861.449,2877,9787,227
228,ClearT2_org1mito.tif:228,4892.706,2896,9836,228
229,ClearT2_org1mito.tif:229,4927.113,2920,9891,229
230,ClearT2_org1mito.tif:230,4959.867,2945,9833,230
231,ClearT2_org1mito.tif:231,4993.061,2956,9901,231
232,ClearT2_org1mito.tif:232,5029.412,2992,9920,232
233,ClearT2_org1mito.tif:233,5065.077,3031,9821,233
234,ClearT2_org1mito.tif:234,5104.757,3060,9765,234
235,ClearT2_org1mito.tif:235,5146.148,3088,9729,235
236,ClearT2_org1mito.tif:236,5189.763,3110,9795,236
237,ClearT2_org1mito.tif:237,5235.772,3122,9824,237
238,ClearT2_org1mito.tif:238,5283.275,3115,9874,238
239,ClearT2_org1mito.tif:239,5331.042,3115,9881,239
240,ClearT2_org1mito.tif:240,5379.644,3128,9986,240
241,ClearT2_org1mito.tif:241,5427.943,3130,10180,241
242,ClearT2_org1mito.tif:242,5474.362,3130,10214,242
243,ClearT2_org1mito.tif:243,5520.135,3155,10363,243
244,ClearT2_org1mito.tif:244,5567.017,3152,10395,244
245,ClearT2_org1mito.tif:245,5613.784,3186,10414,245
246,ClearT2_org1mito.tif:246,5661.135,3228,10501,246
247,ClearT2_org1mito.tif:247,5706.939,3238,10627,247
248,ClearT2_org1mito.tif:248,5754.360,3270,10566,248
249,ClearT2_org1mito.tif:249,5804.742,3264,10676,249
250,ClearT2_org1mito.tif:250,5853.595,3301,10623,250
251,ClearT2_org1mito.tif:251,5904.753,3360,10640,251
252,ClearT2_org1mito.tif:252,5958.254,3377,10705,252
253,ClearT2_org1mito.tif:253,6013.064,3417,10791,253
254,ClearT2_org1mito.tif:254,6065.688,3455,10922,254
255,ClearT2_org1mito.tif:255,6118.892,3501,11042,255
256,ClearT2_org1mito.tif:256,6170.447,3532,11209,256
257,ClearT2_org1mito.tif:257,6221.903,3583,11183,257
258,ClearT2_org1mito.tif:258,6273.306,3620,11248,258
259,ClearT2_org1mito.tif:259,6322.330,3671,11313,259
260,ClearT2_org1mito.tif:260,6371.241,3745,11516,260
261,ClearT2_org1mito.tif:261,6421.652,3822,11529,261
262,ClearT2_org1mito.tif:262,6471.631,3912,11631,262
263,ClearT2_org1mito.tif:263,6521.332,4052,11593,263
264,ClearT2_org1mito.tif:264,6573.434,4171,11567,264
265,ClearT2_org1mito.tif:265,6623.044,4277,11622,265
266,ClearT2_org1mito.tif:266,6673.818,4316,11520,266
267,ClearT2_org1mito.tif:267,6725.949,4354,11559,267
268,ClearT2_org1mito.tif:268,6774.082,4373,11511,268
269,ClearT2_org1mito.tif:269,6824.452,4429,11349,269
270,ClearT2_org1mito.tif:270,6870.491,4478,11195,270
271,ClearT2_org1mito.tif:271,6916.179,4491,10982,271
272,ClearT2_org1mito.tif:272,6960.869,4544,11193,272
273,ClearT2_org1mito.tif:273,6997.465,4577,11255,273
274,ClearT2_org1mito.tif:274,7028.979,4655,11563,274
275,ClearT2_org1mito.tif:275,7055.934,4747,11827,275
276,ClearT2_org1mito.tif:276,7080.847,4772,12653,276
277,ClearT2_org1mito.tif:277,7103.015,4874,13180,277
278,ClearT2_org1mito.tif:278,7123.218,4591,12606,278
279,ClearT2_org1mito.tif:279,7140.039,4423,12104,279
280,ClearT2_org1mito.tif:280,7151.525,4098,13610,280
281,ClearT2_org1mito.tif:281,7157.986,3813,14763,281
282,ClearT2_org1mito.tif:282,7155.856,3549,14696,282
283,ClearT2_org1mito.tif:283,7141.770,3375,14461,283
284,ClearT2_org1mito.tif:284,7122.061,3185,14711,284
285,ClearT2_org1mito.tif:285,7089.437,3008,15409,285
286,ClearT2_org1mito.tif:286,7044.668,2866,15267,286
287,ClearT2_org1mito.tif:287,7622.270,2726,17925,287
288,ClearT2_org1mito.tif:288,7864.553,2295,17892,288
289,ClearT2_org1mito.tif:289,9199.028,1787,22327,289
290,ClearT2_org1mito.tif:290,9659.337,1730,23448,290
291,ClearT2_org1mito.tif:291,9538.110,1564,26086,291
292,ClearT2_org1mito.tif:292,9365.246,1479,27538,292
293,ClearT2_org1mito.tif:293,9121.679,1360,25849,293
294,ClearT2_org1mito.tif:294,8788.668,1268,28414,294
295,ClearT2_org1mito.tif:295,8363.765,1203,30096,295
296,ClearT2_org1mito.tif:296,7829.956,1111,26494,296
297,ClearT2_org1mito.tif:297,7175.095,1000,26860,297
298,ClearT2_org1mito.tif:298,6379.935,902,28235,298
299,ClearT2_org1mito.tif:299,5450.018,801,27744,299
300,ClearT2_org1mito.tif:300,4438.527,727,23803,300
301,ClearT2_org1mito.tif:301,3446.858,663,17018,301
302,ClearT2_org1mito.tif:302,2567.890,602,13475,302
303,ClearT2_org1mito.tif:303,1863.225,555,10839,303
304,ClearT2_org1mito.tif:304,1362.999,510,7659,304
305,ClearT2_org1mito.tif:305,1061.207,491,4580,305
306,ClearT2_org1mito.tif:306,902.709,449,2522,306
307,ClearT2_org1mito.tif:307,820.008,441,1602,307
308,ClearT2_org1mito.tif:308,769.231,432,1303,308
309,ClearT2_org1mito.tif:309,730.817,424,1171,309
310,ClearT2_org1mito.tif:310,699.259,406,1079,310
311,ClearT2_org1mito.tif:311,673.825,403,1041,311
312,ClearT2_org1mito.tif:312,653.109,396,977,312
313,ClearT2_org1mito.tif:313,635.948,388,950,313
314,ClearT2_org1mito.tif:314,621.198,374,932,314
315,ClearT2_org1mito.tif:315,741.709,414,1153,315
316,ClearT2_org1mito.tif:316,711.314,0,1107,316
317,ClearT2_org1mito.tif:317,16.598,0,720,317
318,ClearT2_org1mito.tif:318,0.000,0,0,318
319,ClearT2_org1mito.tif:319,0.000,0,0,319
320,ClearT2_org1mito.tif:320,0.000,0,0,320
