 ,Label,Mean,Min,Max,Slice
1,Fructose_org2mito.tif:1,0.000,0,0,1
2,Fructose_org2mito.tif:2,0.000,0,0,2
3,Fructose_org2mito.tif:3,801.436,295,2476,3
4,Fructose_org2mito.tif:4,829.544,353,2914,4
5,Fructose_org2mito.tif:5,872.287,348,3506,5
6,Fructose_org2mito.tif:6,927.436,358,4204,6
7,Fructose_org2mito.tif:7,997.690,365,5111,7
8,Fructose_org2mito.tif:8,1088.959,333,6312,8
9,Fructose_org2mito.tif:9,1205.857,344,8036,9
10,Fructose_org2mito.tif:10,1119.048,372,5970,10
11,Fructose_org2mito.tif:11,1181.461,379,7227,11
12,Fructose_org2mito.tif:12,1307.465,397,8684,12
13,Fructose_org2mito.tif:13,1475.591,420,10304,13
14,Fructose_org2mito.tif:14,1670.116,404,12021,14
15,Fructose_org2mito.tif:15,1893.159,434,13866,15
16,Fructose_org2mito.tif:16,2146.099,433,16033,16
17,Fructose_org2mito.tif:17,2429.842,443,18281,17
18,Fructose_org2mito.tif:18,2749.085,456,20672,18
19,Fructose_org2mito.tif:19,3105.228,457,22963,19
20,Fructose_org2mito.tif:20,3503.297,496,25078,20
21,Fructose_org2mito.tif:21,3942.218,482,26773,21
22,Fructose_org2mito.tif:22,4421.186,502,28488,22
23,Fructose_org2mito.tif:23,4932.168,537,30224,23
24,Fructose_org2mito.tif:24,5473.013,537,31434,24
25,Fructose_org2mito.tif:25,6034.597,558,32949,25
26,Fructose_org2mito.tif:26,6609.203,586,34341,26
27,Fructose_org2mito.tif:27,7190.062,611,35093,27
28,Fructose_org2mito.tif:28,7780.307,652,35385,28
29,Fructose_org2mito.tif:29,8381.196,651,35372,29
30,Fructose_org2mito.tif:30,8985.286,683,35188,30
31,Fructose_org2mito.tif:31,9591.620,696,34874,31
32,Fructose_org2mito.tif:32,10207.833,723,35444,32
33,Fructose_org2mito.tif:33,10838.434,771,35888,33
34,Fructose_org2mito.tif:34,11479.937,799,36394,34
35,Fructose_org2mito.tif:35,12134.964,840,36151,35
36,Fructose_org2mito.tif:36,12798.303,881,35892,36
37,Fructose_org2mito.tif:37,13462.749,914,36128,37
38,Fructose_org2mito.tif:38,14128.461,953,36265,38
39,Fructose_org2mito.tif:39,14791.346,1020,35621,39
40,Fructose_org2mito.tif:40,15447.071,1073,35697,40
41,Fructose_org2mito.tif:41,16101.174,1163,35937,41
42,Fructose_org2mito.tif:42,16751.643,1201,36766,42
43,Fructose_org2mito.tif:43,17387.220,1283,37167,43
44,Fructose_org2mito.tif:44,17997.078,1365,36914,44
45,Fructose_org2mito.tif:45,18586.135,1495,35966,45
46,Fructose_org2mito.tif:46,19150.158,1588,34913,46
47,Fructose_org2mito.tif:47,19676.219,1720,34276,47
48,Fructose_org2mito.tif:48,20165.050,1911,35596,48
49,Fructose_org2mito.tif:49,20627.153,2069,36114,49
50,Fructose_org2mito.tif:50,21056.752,2204,36005,50
51,Fructose_org2mito.tif:51,21456.400,2541,35465,51
52,Fructose_org2mito.tif:52,21830.043,2907,34860,52
53,Fructose_org2mito.tif:53,22169.785,3238,34260,53
54,Fructose_org2mito.tif:54,22478.107,3647,34309,54
55,Fructose_org2mito.tif:55,22758.223,3994,34029,55
56,Fructose_org2mito.tif:56,23011.850,4478,34284,56
57,Fructose_org2mito.tif:57,23230.258,5032,34506,57
58,Fructose_org2mito.tif:58,23414.963,5587,34484,58
59,Fructose_org2mito.tif:59,23563.880,6217,34317,59
60,Fructose_org2mito.tif:60,23668.186,6996,34642,60
61,Fructose_org2mito.tif:61,23739.829,7772,35059,61
62,Fructose_org2mito.tif:62,23774.253,8524,35481,62
63,Fructose_org2mito.tif:63,23772.806,9616,35775,63
64,Fructose_org2mito.tif:64,23735.555,10673,35853,64
65,Fructose_org2mito.tif:65,23675.128,11884,35928,65
66,Fructose_org2mito.tif:66,23589.485,12737,35678,66
67,Fructose_org2mito.tif:67,23488.453,13508,35425,67
68,Fructose_org2mito.tif:68,23388.536,14180,35045,68
69,Fructose_org2mito.tif:69,23291.190,14660,34579,69
70,Fructose_org2mito.tif:70,23199.939,15103,34069,70
71,Fructose_org2mito.tif:71,23122.762,15753,33516,71
72,Fructose_org2mito.tif:72,23053.259,16121,33057,72
73,Fructose_org2mito.tif:73,23005.065,16400,32396,73
74,Fructose_org2mito.tif:74,22978.999,16491,31939,74
75,Fructose_org2mito.tif:75,22967.268,16318,31818,75
76,Fructose_org2mito.tif:76,22983.985,16228,31888,76
77,Fructose_org2mito.tif:77,23025.472,16161,31809,77
78,Fructose_org2mito.tif:78,23098.671,16102,32239,78
79,Fructose_org2mito.tif:79,23201.144,15942,32434,79
80,Fructose_org2mito.tif:80,23320.899,16117,32426,80
81,Fructose_org2mito.tif:81,23442.666,16246,33046,81
82,Fructose_org2mito.tif:82,23564.431,16215,33391,82
83,Fructose_org2mito.tif:83,23681.442,16548,33596,83
84,Fructose_org2mito.tif:84,23795.383,16746,33937,84
85,Fructose_org2mito.tif:85,23897.062,16689,34504,85
86,Fructose_org2mito.tif:86,23977.707,16918,34762,86
87,Fructose_org2mito.tif:87,24041.250,16972,35236,87
88,Fructose_org2mito.tif:88,24088.565,16900,35390,88
89,Fructose_org2mito.tif:89,24124.199,16758,35838,89
90,Fructose_org2mito.tif:90,24141.502,16718,36299,90
91,Fructose_org2mito.tif:91,24138.388,16823,36813,91
92,Fructose_org2mito.tif:92,24102.654,16846,37224,92
93,Fructose_org2mito.tif:93,24046.604,16798,37431,93
94,Fructose_org2mito.tif:94,23975.493,16938,37571,94
95,Fructose_org2mito.tif:95,23886.082,16992,37668,95
96,Fructose_org2mito.tif:96,23788.115,16836,37407,96
97,Fructose_org2mito.tif:97,23678.247,16836,37346,97
98,Fructose_org2mito.tif:98,23552.255,16859,37062,98
99,Fructose_org2mito.tif:99,23416.201,16800,36825,99
100,Fructose_org2mito.tif:100,23282.469,16794,36545,100
101,Fructose_org2mito.tif:101,23154.477,16682,36151,101
102,Fructose_org2mito.tif:102,23023.811,16589,36043,102
103,Fructose_org2mito.tif:103,22890.629,16652,35990,103
104,Fructose_org2mito.tif:104,22758.049,16537,36116,104
105,Fructose_org2mito.tif:105,22629.806,16528,35749,105
106,Fructose_org2mito.tif:106,22509.710,16504,35587,106
107,Fructose_org2mito.tif:107,22394.211,16421,35600,107
108,Fructose_org2mito.tif:108,22278.363,16524,35598,108
109,Fructose_org2mito.tif:109,22163.429,16411,36042,109
110,Fructose_org2mito.tif:110,22056.140,16294,36671,110
111,Fructose_org2mito.tif:111,21960.730,16235,37608,111
112,Fructose_org2mito.tif:112,21874.535,16160,38204,112
113,Fructose_org2mito.tif:113,21792.040,16187,38505,113
114,Fructose_org2mito.tif:114,21703.534,16151,38684,114
115,Fructose_org2mito.tif:115,21611.681,16136,38546,115
116,Fructose_org2mito.tif:116,21519.009,16140,38517,116
117,Fructose_org2mito.tif:117,21428.476,16032,38373,117
118,Fructose_org2mito.tif:118,21342.183,15913,37751,118
119,Fructose_org2mito.tif:119,21252.246,15777,37117,119
120,Fructose_org2mito.tif:120,21158.718,15613,36496,120
121,Fructose_org2mito.tif:121,21063.161,15489,35868,121
122,Fructose_org2mito.tif:122,20967.333,15335,35847,122
123,Fructose_org2mito.tif:123,20870.774,15212,36012,123
124,Fructose_org2mito.tif:124,20770.910,15032,35947,124
125,Fructose_org2mito.tif:125,20668.338,14910,35809,125
126,Fructose_org2mito.tif:126,20570.879,14788,35768,126
127,Fructose_org2mito.tif:127,20476.863,14569,35945,127
128,Fructose_org2mito.tif:128,20378.929,14448,35744,128
129,Fructose_org2mito.tif:129,20281.770,14374,35485,129
130,Fructose_org2mito.tif:130,20187.506,14348,35298,130
131,Fructose_org2mito.tif:131,20093.703,14333,35354,131
132,Fructose_org2mito.tif:132,20002.734,14304,35501,132
133,Fructose_org2mito.tif:133,19916.534,14224,35785,133
134,Fructose_org2mito.tif:134,19832.019,14289,35934,134
135,Fructose_org2mito.tif:135,19748.001,14188,36078,135
136,Fructose_org2mito.tif:136,19666.924,14156,36178,136
137,Fructose_org2mito.tif:137,19583.314,14142,36186,137
138,Fructose_org2mito.tif:138,19499.715,14124,36449,138
139,Fructose_org2mito.tif:139,19422.393,14046,36260,139
140,Fructose_org2mito.tif:140,19355.003,13978,35990,140
141,Fructose_org2mito.tif:141,19290.514,14067,36089,141
142,Fructose_org2mito.tif:142,19225.652,14043,35997,142
143,Fructose_org2mito.tif:143,19164.199,14005,35752,143
144,Fructose_org2mito.tif:144,19104.604,14099,35519,144
145,Fructose_org2mito.tif:145,19049.950,14161,34980,145
146,Fructose_org2mito.tif:146,19006.956,14135,34788,146
147,Fructose_org2mito.tif:147,18972.994,14140,34200,147
148,Fructose_org2mito.tif:148,18949.171,14144,33707,148
149,Fructose_org2mito.tif:149,18941.520,14065,33299,149
150,Fructose_org2mito.tif:150,18938.778,14193,32913,150
151,Fructose_org2mito.tif:151,18947.987,14185,32686,151
152,Fructose_org2mito.tif:152,18965.357,14242,32604,152
153,Fructose_org2mito.tif:153,18989.977,14231,32250,153
154,Fructose_org2mito.tif:154,19020.119,14313,31972,154
155,Fructose_org2mito.tif:155,19049.783,14277,31984,155
156,Fructose_org2mito.tif:156,19084.562,14432,32049,156
157,Fructose_org2mito.tif:157,19122.853,14427,31966,157
158,Fructose_org2mito.tif:158,19156.322,14588,31800,158
159,Fructose_org2mito.tif:159,19186.133,14672,31948,159
160,Fructose_org2mito.tif:160,19208.926,14739,31571,160
161,Fructose_org2mito.tif:161,19223.241,14675,31336,161
162,Fructose_org2mito.tif:162,19237.744,14701,30893,162
163,Fructose_org2mito.tif:163,19247.143,14611,30462,163
164,Fructose_org2mito.tif:164,19252.336,14594,30033,164
165,Fructose_org2mito.tif:165,19255.261,14573,29898,165
166,Fructose_org2mito.tif:166,19256.838,14524,29707,166
167,Fructose_org2mito.tif:167,19264.606,14589,29582,167
168,Fructose_org2mito.tif:168,19282.262,14531,29483,168
169,Fructose_org2mito.tif:169,19300.766,14572,29204,169
170,Fructose_org2mito.tif:170,19321.608,14578,29139,170
171,Fructose_org2mito.tif:171,19343.824,14569,29034,171
172,Fructose_org2mito.tif:172,19371.003,14473,29092,172
173,Fructose_org2mito.tif:173,19402.176,14492,29097,173
174,Fructose_org2mito.tif:174,19436.098,14560,29128,174
175,Fructose_org2mito.tif:175,19468.075,14709,29391,175
176,Fructose_org2mito.tif:176,19493.166,14577,29296,176
177,Fructose_org2mito.tif:177,19514.706,14484,29137,177
178,Fructose_org2mito.tif:178,19527.481,14291,29292,178
179,Fructose_org2mito.tif:179,19536.024,14100,29537,179
180,Fructose_org2mito.tif:180,19540.893,13880,29496,180
181,Fructose_org2mito.tif:181,19540.650,13702,29315,181
182,Fructose_org2mito.tif:182,19537.378,13696,29054,182
183,Fructose_org2mito.tif:183,19528.684,13688,29187,183
184,Fructose_org2mito.tif:184,19520.372,13605,29066,184
185,Fructose_org2mito.tif:185,19510.491,13498,29050,185
186,Fructose_org2mito.tif:186,19495.535,13403,28836,186
187,Fructose_org2mito.tif:187,19482.908,13569,28983,187
188,Fructose_org2mito.tif:188,19471.622,13653,29010,188
189,Fructose_org2mito.tif:189,19457.404,13726,28896,189
190,Fructose_org2mito.tif:190,19449.925,13745,28890,190
191,Fructose_org2mito.tif:191,19442.756,13619,30144,191
192,Fructose_org2mito.tif:192,19425.339,13608,31670,192
193,Fructose_org2mito.tif:193,19406.609,13618,33188,193
194,Fructose_org2mito.tif:194,19389.164,13645,34554,194
195,Fructose_org2mito.tif:195,19370.037,13619,35726,195
196,Fructose_org2mito.tif:196,19346.984,13618,36317,196
197,Fructose_org2mito.tif:197,19312.463,13533,35877,197
198,Fructose_org2mito.tif:198,19266.400,13538,34509,198
199,Fructose_org2mito.tif:199,19221.964,13569,32427,199
200,Fructose_org2mito.tif:200,19177.669,13546,30637,200
201,Fructose_org2mito.tif:201,19130.204,13557,29301,201
202,Fructose_org2mito.tif:202,19079.990,13722,28854,202
203,Fructose_org2mito.tif:203,19023.591,13766,28244,203
204,Fructose_org2mito.tif:204,18957.514,13830,27832,204
205,Fructose_org2mito.tif:205,18880.874,13800,27338,205
206,Fructose_org2mito.tif:206,18800.632,13775,26877,206
207,Fructose_org2mito.tif:207,18723.672,13810,26676,207
208,Fructose_org2mito.tif:208,18643.942,13762,26619,208
209,Fructose_org2mito.tif:209,18549.384,13664,26524,209
210,Fructose_org2mito.tif:210,18450.241,13584,26250,210
211,Fructose_org2mito.tif:211,18350.572,13482,25737,211
212,Fructose_org2mito.tif:212,18254.186,13515,25399,212
213,Fructose_org2mito.tif:213,18162.018,13659,24980,213
214,Fructose_org2mito.tif:214,18064.851,13725,24742,214
215,Fructose_org2mito.tif:215,17961.591,13803,24491,215
216,Fructose_org2mito.tif:216,17858.242,13910,24399,216
217,Fructose_org2mito.tif:217,17759.267,13854,24030,217
218,Fructose_org2mito.tif:218,17664.188,13963,23511,218
219,Fructose_org2mito.tif:219,17571.474,14052,23165,219
220,Fructose_org2mito.tif:220,17480.884,14062,22632,220
221,Fructose_org2mito.tif:221,17386.951,14045,22170,221
222,Fructose_org2mito.tif:222,17298.250,13910,21631,222
223,Fructose_org2mito.tif:223,17221.590,13706,21074,223
224,Fructose_org2mito.tif:224,17145.666,13021,20728,224
225,Fructose_org2mito.tif:225,17067.218,12591,20383,225
226,Fructose_org2mito.tif:226,16987.853,11939,20497,226
227,Fructose_org2mito.tif:227,16908.211,11204,20863,227
228,Fructose_org2mito.tif:228,16823.727,10627,20955,228
229,Fructose_org2mito.tif:229,16740.858,9944,20701,229
230,Fructose_org2mito.tif:230,16663.841,9049,20994,230
231,Fructose_org2mito.tif:231,16582.872,8245,21115,231
232,Fructose_org2mito.tif:232,16499.663,7626,21871,232
233,Fructose_org2mito.tif:233,16410.617,6947,22398,233
234,Fructose_org2mito.tif:234,16313.250,6173,22525,234
235,Fructose_org2mito.tif:235,16206.720,5638,22328,235
236,Fructose_org2mito.tif:236,16077.012,5143,22005,236
237,Fructose_org2mito.tif:237,15921.040,4780,20979,237
238,Fructose_org2mito.tif:238,15741.030,4318,21754,238
239,Fructose_org2mito.tif:239,15535.351,3893,22137,239
240,Fructose_org2mito.tif:240,15296.377,3501,22029,240
241,Fructose_org2mito.tif:241,15023.931,3195,21381,241
242,Fructose_org2mito.tif:242,14721.846,2912,20765,242
243,Fructose_org2mito.tif:243,14387.665,2529,20668,243
244,Fructose_org2mito.tif:244,14021.929,2290,20962,244
245,Fructose_org2mito.tif:245,13628.053,2081,21261,245
246,Fructose_org2mito.tif:246,13202.957,1868,21298,246
247,Fructose_org2mito.tif:247,12744.119,1656,21749,247
248,Fructose_org2mito.tif:248,12255.302,1499,21754,248
249,Fructose_org2mito.tif:249,11738.828,1398,22744,249
250,Fructose_org2mito.tif:250,11188.952,1265,23501,250
251,Fructose_org2mito.tif:251,10611.812,1126,23594,251
252,Fructose_org2mito.tif:252,10013.659,1024,22903,252
253,Fructose_org2mito.tif:253,9394.820,940,21742,253
254,Fructose_org2mito.tif:254,8753.424,836,20327,254
255,Fructose_org2mito.tif:255,8095.107,739,19230,255
256,Fructose_org2mito.tif:256,7433.089,736,18289,256
257,Fructose_org2mito.tif:257,6774.523,702,17477,257
258,Fructose_org2mito.tif:258,6126.852,655,16431,258
259,Fructose_org2mito.tif:259,5497.661,640,15275,259
260,Fructose_org2mito.tif:260,4895.964,597,14097,260
261,Fructose_org2mito.tif:261,4330.626,573,12591,261
262,Fructose_org2mito.tif:262,3808.079,528,11128,262
263,Fructose_org2mito.tif:263,3329.048,501,9616,263
264,Fructose_org2mito.tif:264,2895.892,467,8319,264
265,Fructose_org2mito.tif:265,2509.668,437,7223,265
266,Fructose_org2mito.tif:266,2168.188,435,6324,266
267,Fructose_org2mito.tif:267,1869.941,423,5509,267
268,Fructose_org2mito.tif:268,1612.710,420,4765,268
269,Fructose_org2mito.tif:269,1395.805,416,4045,269
270,Fructose_org2mito.tif:270,1216.416,403,3442,270
271,Fructose_org2mito.tif:271,1070.033,387,2891,271
272,Fructose_org2mito.tif:272,953.412,393,2447,272
273,Fructose_org2mito.tif:273,863.225,392,2044,273
274,Fructose_org2mito.tif:274,794.537,379,1675,274
275,Fructose_org2mito.tif:275,741.781,364,1432,275
276,Fructose_org2mito.tif:276,701.146,354,1244,276
277,Fructose_org2mito.tif:277,669.419,331,1105,277
278,Fructose_org2mito.tif:278,643.796,331,990,278
279,Fructose_org2mito.tif:279,622.484,345,909,279
280,Fructose_org2mito.tif:280,604.453,351,879,280
281,Fructose_org2mito.tif:281,656.989,344,1008,281
282,Fructose_org2mito.tif:282,639.320,343,978,282
283,Fructose_org2mito.tif:283,624.537,350,940,283
284,Fructose_org2mito.tif:284,611.722,336,919,284
285,Fructose_org2mito.tif:285,600.449,338,882,285
286,Fructose_org2mito.tif:286,590.598,338,853,286
287,Fructose_org2mito.tif:287,583.287,340,951,287
288,Fructose_org2mito.tif:288,576.782,0,967,288
289,Fructose_org2mito.tif:289,319.157,0,803,289
290,Fructose_org2mito.tif:290,106.946,0,652,290
291,Fructose_org2mito.tif:291,0.000,0,0,291
292,Fructose_org2mito.tif:292,0.000,0,0,292
293,Fructose_org2mito.tif:293,0.000,0,0,293
294,Fructose_org2mito.tif:294,0.000,0,0,294
295,Fructose_org2mito.tif:295,0.000,0,0,295
296,Fructose_org2mito.tif:296,0.000,0,0,296
